# {"t_start": 1619469247.6185617, "env_id": "InvertedDoublePendulum-v2"} 
r,l,t
54.703104,6,1.094433
44.948608,5,1.105167
35.655991,4,1.114338
45.202883,5,1.125371
36.257728,4,1.134355
44.8566,5,1.145268
44.888724,5,1.156254
35.553011,4,1.165177
35.638512,4,1.174108
54.350655,6,1.18817
35.654466,4,1.197115
63.783143,7,1.211959
35.803388,4,1.220908
45.252149,5,1.231891
36.091239,4,1.240886
72.385839,8,1.257797
72.961206,8,1.274632
35.74965,4,1.283527
72.917364,8,1.301452
45.422366,5,1.312269
35.976181,4,1.321172
35.659028,4,1.330076
45.055411,5,1.340929
54.928508,6,1.353736
44.974982,5,1.366543
35.81542,4,1.375412
36.022457,4,1.384373
63.522505,7,1.39944
35.754097,4,1.408552
35.901774,4,1.417548
35.67473,4,1.426515
82.144636,9,1.445366
44.905124,5,1.45931
45.469896,5,1.470584
35.550964,4,1.480494
82.718852,9,1.502179
63.874643,7,1.519155
64.138679,7,1.534697
82.259565,9,1.554039
82.038978,9,1.574466
63.980446,7,1.589648
44.872294,5,1.60059
45.033554,5,1.611496
54.107882,6,1.624391
35.35418,4,1.633372
35.572235,4,1.64239
35.841311,4,1.651336
36.243034,4,1.660346
63.961173,7,1.675316
35.772179,4,1.684305
35.674044,4,1.693297
73.183917,8,1.710212
53.912543,6,1.723308
35.902627,4,1.732285
53.848046,6,1.745347
53.980967,6,1.758338
36.007197,4,1.767312
53.899896,6,1.780269
100.913166,11,1.803413
63.496607,7,1.818282
36.071867,4,1.827278
45.354844,5,1.838307
35.449901,4,1.847365
44.843293,5,1.858342
45.062988,5,1.869406
44.934665,5,1.880472
35.903064,4,1.889514
82.324407,9,1.908904
44.964211,5,1.920756
45.243831,5,1.931645
35.940543,4,1.94053
35.376103,4,1.94945
36.144505,4,1.958471
36.091516,4,1.967452
35.99681,4,1.976308
45.097997,5,1.987756
82.62992,9,2.007913
36.063221,4,2.016825
63.845948,7,2.031568
53.959615,6,2.044389
35.629652,4,2.053414
45.214059,5,2.064375
35.640111,4,2.073438
54.08112,6,2.086252
54.392434,6,2.099111
36.27836,4,2.108045
53.975056,6,2.121418
119.636592,13,2.148469
64.218325,7,2.163402
35.534542,4,2.172298
35.878535,4,2.181221
45.569006,5,2.192089
54.071745,6,2.204972
45.352626,5,2.215783
54.650683,6,2.228586
63.531074,7,2.24342
72.757325,8,2.260285
35.618041,4,2.269561
63.918698,7,2.285155
54.629477,6,2.298063
45.197922,5,2.308914
35.843717,4,2.317757
54.332362,6,2.330526
36.087443,4,2.339436
26.942479,3,2.346302
45.281876,5,2.357239
45.25674,5,2.368099
35.73421,4,2.37697
36.080282,4,2.385847
54.426841,6,2.398554
73.586141,8,2.416239
64.073118,7,2.431949
63.576918,7,2.447993
63.766455,7,2.463334
54.176052,6,2.47615
73.200085,8,2.49299
44.710448,5,2.503869
35.6628,4,2.513785
54.438049,6,2.526747
92.137855,10,2.548697
35.96432,4,2.557671
72.801985,8,2.575704
44.828697,5,2.586621
45.4661,5,2.597517
54.648743,6,2.611343
35.726198,4,2.620162
36.106471,4,2.62901
45.572288,5,2.639878
35.639985,4,2.648799
54.380139,6,2.662308
36.044225,4,2.67136
35.890017,4,2.6804
63.976918,7,2.695477
81.979689,9,2.715373
35.981335,4,2.72502
72.588159,8,2.741815
26.778174,3,2.748672
36.007151,4,2.757663
53.997642,6,2.770638
35.872069,4,2.779662
73.080556,8,2.796657
45.313121,5,2.807661
44.828671,5,2.81857
54.625908,6,2.831446
63.398391,7,2.846243
44.977389,5,2.857229
35.931577,4,2.866096
54.711116,6,2.879718
35.855291,4,2.889091
72.994806,8,2.907119
45.577793,5,2.917959
36.040694,4,2.926931
63.368203,7,2.941981
35.940839,4,2.951037
45.376516,5,2.962257
63.635376,7,2.977443
63.994901,7,2.992746
54.182544,6,3.005528
36.092791,4,3.014391
35.772245,4,3.023273
45.181664,5,3.034198
36.097555,4,3.043203
45.548514,5,3.055086
72.678909,8,3.072718
63.847018,7,3.088283
44.79071,5,3.099687
63.557978,7,3.115247
45.431989,5,3.12682
44.757387,5,3.138356
64.145112,7,3.153986
35.676716,4,3.163456
63.384317,7,3.179256
54.556358,6,3.192895
82.578145,9,3.213879
45.224149,5,3.225426
35.680502,4,3.234828
73.284997,8,3.252608
54.185958,6,3.266105
72.912141,8,3.284844
35.949588,4,3.294654
63.602321,7,3.310619
73.211989,8,3.329376
82.222888,9,3.349569
54.190592,6,3.664252
36.094581,4,3.674456
54.558775,6,3.691332
91.416796,10,3.712298
45.345861,5,3.723243
26.86335,3,3.730116
45.169808,5,3.740998
63.41926,7,3.755722
82.798356,9,3.774615
64.054885,7,3.789515
54.508815,6,3.802445
63.848292,7,3.81739
35.710654,4,3.826345
54.359611,6,3.840599
54.598803,6,3.853522
63.556237,7,3.868548
54.395186,6,3.882329
45.452266,5,3.893922
63.693108,7,3.909634
73.053263,8,3.927459
45.471275,5,3.938643
36.054536,4,3.947589
36.125418,4,3.956612
36.039805,4,3.96555
64.099877,7,3.981493
54.231743,6,3.994484
54.598458,6,4.007573
63.875038,7,4.02263
54.043621,6,4.035622
35.570383,4,4.044613
110.240853,12,4.069651
82.088796,9,4.088689
53.758476,6,4.101701
45.636446,5,4.112702
54.46477,6,4.125639
26.889849,3,4.132694
73.371715,8,4.14966
45.365855,5,4.160667
35.671726,4,4.169614
44.869172,5,4.180721
54.571782,6,4.193648
54.462059,6,4.206562
35.943036,4,4.215536
64.115777,7,4.230486
36.112711,4,4.240071
73.143035,8,4.258274
35.439824,4,4.267588
72.899082,8,4.284652
44.84186,5,4.295675
45.274057,5,4.306721
35.786646,4,4.315743
35.95775,4,4.324877
45.107643,5,4.335902
63.849761,7,4.351616
35.861925,4,4.36053
63.642624,7,4.375438
54.166203,6,4.388368
45.188816,5,4.399433
82.058217,9,4.418315
44.898364,5,4.429208
36.005765,4,4.43809
36.185853,4,4.447119
45.684951,5,4.458366
110.239483,12,4.483255
72.964067,8,4.50007
35.431911,4,4.508926
45.30815,5,4.520079
54.790305,6,4.533587
53.870668,6,4.546547
45.334015,5,4.55762
63.287447,7,4.572473
35.651943,4,4.581422
54.112933,6,4.594363
45.047995,5,4.605268
63.63863,7,4.620134
36.099741,4,4.629055
82.600446,9,4.648644
53.937066,6,4.662135
64.210915,7,4.677044
54.386628,6,4.691326
45.260707,5,4.702427
54.502021,6,4.715465
45.008444,5,4.726388
35.735992,4,4.735408
72.686692,8,4.752363
54.083091,6,4.765458
54.127713,6,4.778685
35.550435,4,4.788369
45.184133,5,4.799371
45.556099,5,4.810204
53.885201,6,4.823555
35.881314,4,4.83314
45.178421,5,4.844059
35.680139,4,4.853194
54.805293,6,4.86611
45.316892,5,4.877001
64.004576,7,4.891985
45.3024,5,4.902988
45.067923,5,4.913893
36.162445,4,4.922793
44.931454,5,4.933772
54.377582,6,4.946617
26.92901,3,4.95357
36.17804,4,4.963378
63.547135,7,4.978133
35.918106,4,4.987154
44.95366,5,4.998078
45.09899,5,5.009071
62.63427,7,5.023962
44.792483,5,5.034825
64.073824,7,5.049829
44.467671,5,5.060853
35.516272,4,5.069841
45.134099,5,5.080823
54.550359,6,5.093862
54.664853,6,5.106894
35.687516,4,5.11585
26.879457,3,5.123845
45.40434,5,5.135043
82.444194,9,5.153943
45.353234,5,5.164821
63.591169,7,5.179671
63.421564,7,5.195964
54.324274,6,5.209223
54.035219,6,5.222175
63.821727,7,5.237109
35.819203,4,5.245967
73.114086,8,5.26275
26.772403,3,5.269604
63.864789,7,5.284319
82.224082,9,5.303052
54.548292,6,5.315836
44.827422,5,5.32663
35.79359,4,5.335552
44.799208,5,5.347216
54.565765,6,5.360456
63.850791,7,5.375392
44.824937,5,5.386178
35.383539,4,5.395127
35.767215,4,5.404061
54.220891,6,5.416957
35.660336,4,5.42588
45.009962,5,5.436813
36.243742,4,5.445629
63.211786,7,5.461524
64.049085,7,5.476464
54.231039,6,5.490158
35.969011,4,5.499692
36.195963,4,5.508644
26.846174,3,5.515547
63.428685,7,5.530266
63.125051,7,5.545194
35.801564,4,5.554087
63.875861,7,5.569072
35.818553,4,5.57796
44.959932,5,5.589177
35.524064,4,5.599252
35.508363,4,5.608094
35.77909,4,5.616979
54.19353,6,5.629774
72.899859,8,5.647323
63.32458,7,5.662165
26.720747,3,5.669206
44.851189,5,5.680195
45.062269,5,5.691161
53.969859,6,5.704099
64.109736,7,5.719081
63.684758,7,5.735655
36.14547,4,5.744672
45.019074,5,5.755721
63.72942,7,5.770944
100.946745,11,5.795994
36.209056,4,5.80554
54.666618,6,5.819168
36.107818,4,5.828564
72.726843,8,5.847019
35.906263,4,5.856703
35.947812,4,5.866174
35.526775,4,5.875756
63.805689,7,5.891695
36.059221,4,5.901217
73.129597,8,6.07367
45.183394,5,6.085394
45.041628,5,6.097618
54.500806,6,6.11124
54.921946,6,6.12411
63.873113,7,6.139166
35.966271,4,6.148087
72.982008,8,6.164928
35.973538,4,6.173914
73.56241,8,6.190972
54.427008,6,6.203962
63.250734,7,6.218954
73.231046,8,6.235993
54.570872,6,6.248945
91.348511,10,6.271363
82.56168,9,6.290169
35.880001,4,6.29901
54.181632,6,6.311865
45.049091,5,6.323127
44.883465,5,6.334331
82.315747,9,6.354995
63.893549,7,6.369762
63.7854,7,6.384734
63.802453,7,6.399496
45.145148,5,6.410563
63.432099,7,6.425357
54.547945,6,6.438235
100.77463,11,6.4614
36.076573,4,6.470377
45.112958,5,6.481503
63.855929,7,6.49667
35.395263,4,6.505686
63.627178,7,6.520652
72.862895,8,6.537734
63.721482,7,6.552883
26.876181,3,6.559862
54.468524,6,6.572838
54.408001,6,6.585771
91.976605,10,6.606973
54.179174,6,6.620075
35.376791,4,6.628913
26.802381,3,6.635888
45.021166,5,6.646796
72.764406,8,6.66366
54.74528,6,6.676539
54.417772,6,6.689387
64.258223,7,6.704388
35.896424,4,6.713298
44.909395,5,6.72415
54.305632,6,6.737032
54.453032,6,6.749961
110.405331,12,6.776576
54.451065,6,6.790765
45.479134,5,6.802865
82.451353,9,6.822069
73.358426,8,6.839991
100.73712,11,6.862986
91.715582,10,6.883931
63.437534,7,6.899724
44.706913,5,6.910657
72.845534,8,6.927442
45.149505,5,6.93842
72.984689,8,6.955494
44.92245,5,6.966452
64.069979,7,6.981452
82.166833,9,7.000726
73.026344,8,7.017751
35.855742,4,7.026725
35.897427,4,7.03568
54.799442,6,7.048567
54.206382,6,7.06238
63.480707,7,7.077177
82.033227,9,7.095908
64.023046,7,7.110768
35.977016,4,7.119552
54.536889,6,7.132427
63.177063,7,7.147212
54.709388,6,7.160193
64.19102,7,7.175224
54.299565,6,7.1881
45.07031,5,7.199153
110.60946,12,7.22381
45.141625,5,7.234807
45.58521,5,7.245762
54.06676,6,7.258673
63.782873,7,7.273683
91.482134,10,7.294636
73.235024,8,7.311472
45.25938,5,7.322465
44.879194,5,7.333404
54.712203,6,7.346283
63.970161,7,7.361194
54.131458,6,7.374069
45.112704,5,7.384911
64.048483,7,7.399666
73.376474,8,7.416614
63.747532,7,7.432055
54.05483,6,7.445282
35.675708,4,7.454701
54.578107,6,7.468011
63.471025,7,7.482785
45.29639,5,7.493635
64.23252,7,7.508491
73.020372,8,7.52523
54.248477,6,7.538059
63.830271,7,7.553033
73.247412,8,7.569637
63.785659,7,7.584461
45.110987,5,7.595354
45.07626,5,7.606333
63.196724,7,7.621297
54.406292,6,7.634094
26.901638,3,7.641051
63.104473,7,7.655717
45.180331,5,7.667832
44.917559,5,7.679021
35.71335,4,7.687903
73.078957,8,7.704668
44.856571,5,7.715715
36.063082,4,7.724848
82.904506,9,7.74377
72.652409,8,7.760724
54.474001,6,7.77372
63.952954,7,7.788666
110.594945,12,7.813644
63.357411,7,7.828663
73.389993,8,7.845685
54.506431,6,7.858971
26.845507,3,7.865889
26.924237,3,7.87287
82.541965,9,7.891937
72.743377,8,7.908887
73.093144,8,7.925838
44.678886,5,7.93673
44.500071,5,7.947617
45.125655,5,7.958583
72.965499,8,7.977102
72.682005,8,7.993259
128.985686,14,8.023472
54.506117,6,8.036556
73.115029,8,8.053533
45.318739,5,8.064525
44.933961,5,8.077339
54.068791,6,8.089049
72.585964,8,8.10687
54.323566,6,8.119679
44.966551,5,8.130667
45.078148,5,8.141579
35.898648,4,8.151585
54.797615,6,8.165128
54.606717,6,8.178133
45.363515,5,8.189508
63.583623,7,8.204674
63.499695,7,8.219637
64.168808,7,8.234487
54.07335,6,8.247447
35.69319,4,8.25633
63.398548,7,8.271292
63.429773,7,8.286135
36.067317,4,8.447899
101.313686,11,8.474403
72.699661,8,8.491555
91.734778,10,8.512211
63.94325,7,8.526984
73.297066,8,8.543756
54.314403,6,8.556572
63.596912,7,8.571514
73.115122,8,8.588134
35.684641,4,8.596986
44.455382,5,8.60774
91.919879,10,8.628457
72.831326,8,8.645324
36.145271,4,8.654153
54.482445,6,8.666915
36.047779,4,8.675913
45.154042,5,8.686695
82.522388,9,8.705474
63.731363,7,8.720231
36.162473,4,8.729479
101.121828,11,8.752977
91.695118,10,8.773758
92.23395,10,8.794612
36.228335,4,8.803659
26.961913,3,8.810611
54.187751,6,8.823504
91.913529,10,8.844609
63.375851,7,8.859656
73.282924,8,8.876708
35.958573,4,8.886551
72.927947,8,8.903883
45.2924,5,8.916627
82.953181,9,8.935738
54.615533,6,8.948652
54.516295,6,8.961656
63.874312,7,8.976669
101.06922,11,8.999692
35.773501,4,9.008685
63.797465,7,9.023577
71.596568,8,9.040633
54.441433,6,9.05359
82.669057,9,9.072544
83.073677,9,9.094278
54.081473,6,9.10542
101.278383,11,9.12892
82.024237,9,9.14826
63.290435,7,9.163468
63.819538,7,9.178745
73.199433,8,9.195686
91.804416,10,9.216929
54.419145,6,9.22985
63.643094,7,9.244839
82.119581,9,9.26376
72.720249,8,9.280694
63.173215,7,9.297547
72.761135,8,9.314463
72.244148,8,9.331538
63.711777,7,9.346535
54.616038,6,9.359438
82.163143,9,9.378369
72.966117,8,9.396506
82.533577,9,9.415526
81.79898,9,9.434574
35.618037,4,9.443437
101.15382,11,9.467068
54.518716,6,9.481678
45.04213,5,9.493033
100.955765,11,9.516585
91.708927,10,9.536959
73.036268,8,9.553554
36.236025,4,9.562427
45.064382,5,9.573162
119.670052,13,9.599401
73.076488,8,9.616045
63.646524,7,9.63073
45.213437,5,9.64147
73.010762,8,9.657978
72.841295,8,9.67459
44.683963,5,9.685275
72.918171,8,9.701899
119.923672,13,9.728087
63.31894,7,9.742561
44.810884,5,9.753203
54.247873,6,9.765712
63.934637,7,9.780149
54.562773,6,9.79263
54.264772,6,9.805162
82.244167,9,9.8234
45.299944,5,9.834018
35.713001,4,9.842857
35.757827,4,9.851838
63.95068,7,9.866693
91.280483,10,9.890565
64.102202,7,9.906065
54.308669,6,9.920656
45.225003,5,9.931711
72.557425,8,9.950818
36.298569,4,9.959677
72.680191,8,9.977004
35.902691,4,9.987014
64.013838,7,10.003654
72.928486,8,10.022456
63.774699,7,10.039064
64.052407,7,10.05569
73.486952,8,10.074499
63.774814,7,10.091143
83.045842,9,10.112774
35.409935,4,10.122793
54.413839,6,10.135127
73.469813,8,10.151475
35.480513,4,10.1603
63.290637,7,10.174763
91.468936,10,10.195432
63.583191,7,10.210027
36.263055,4,10.218787
63.859059,7,10.23436
35.881523,4,10.243957
147.258108,16,10.276263
73.18993,8,10.293221
35.400578,4,10.302086
63.8363,7,10.316475
44.920338,5,10.327095
81.924905,9,10.34543
101.151642,11,10.367745
82.637027,9,10.387083
45.437764,5,10.399289
54.454021,6,10.413751
54.868927,6,10.428183
63.958803,7,10.444875
82.092059,9,10.466978
45.456965,5,10.479567
72.836722,8,10.498436
45.27559,5,10.510624
63.9987,7,10.527258
73.431443,8,10.545845
63.743218,7,10.560258
73.194801,8,10.576479
36.044347,4,10.585133
73.52415,8,10.601663
35.390472,4,10.610494
53.992871,6,10.625732
63.987495,7,10.640959
64.013836,7,10.656021
73.162539,8,10.815629
73.156498,8,10.834701
110.441867,12,10.862453
63.417919,7,10.876746
63.990134,7,10.891119
73.044169,8,10.90734
118.810079,13,10.936956
63.603036,7,10.951634
72.944841,8,10.96805
73.317816,8,10.984771
54.405603,6,10.997415
35.611618,4,11.006367
63.538831,7,11.021028
54.00144,6,11.034162
63.580218,7,11.050903
36.00407,4,11.060924
63.476104,7,11.077636
82.432001,9,11.098788
110.412537,12,11.126535
63.914164,7,11.143189
138.49304,15,11.177603
64.010524,7,11.194249
64.003254,7,11.210898
63.892633,7,11.227508
63.397628,7,11.24416
44.435026,5,11.256355
63.832878,7,11.272984
45.08428,5,11.285194
45.329192,5,11.297399
91.804056,10,11.321343
54.716109,6,11.335742
35.802493,4,11.345728
54.258826,6,11.360097
129.492936,14,11.392244
72.758664,8,11.411284
82.355532,9,11.432332
45.546635,5,11.444549
45.037738,5,11.456792
54.118547,6,11.471252
45.193604,5,11.483433
45.292752,5,11.495635
63.272195,7,11.512309
82.560306,9,11.533455
82.351435,9,11.554565
63.538745,7,11.57128
63.854293,7,11.587957
72.876894,8,11.606915
73.421521,8,11.625887
63.773707,7,11.642557
119.766785,13,11.67259
91.571835,10,11.69594
54.690289,6,11.710368
100.729988,11,11.735644
45.041301,5,11.747985
54.127646,6,11.762566
64.165522,7,11.780056
45.235481,5,11.7934
54.204368,6,11.806456
44.752423,5,11.817536
72.77823,8,11.834814
73.271783,8,11.852828
63.695171,7,11.869513
54.161309,6,11.883965
54.615455,6,11.898404
63.81808,7,11.915663
63.419965,7,11.932403
100.989991,11,11.957925
44.962835,5,11.970117
45.386012,5,11.982339
45.572429,5,11.994557
53.972815,6,12.009018
63.899873,7,12.025647
72.46179,8,12.044543
73.009979,8,12.063428
54.385482,6,12.077869
72.763423,8,12.096892
35.693712,4,12.106928
63.680525,7,12.123588
101.481676,11,12.149078
63.568261,7,12.165769
81.81909,9,12.186945
54.597006,6,12.201392
54.546353,6,12.215825
54.446576,6,12.230292
73.688316,8,12.249157
91.332342,10,12.272512
54.73576,6,12.286987
119.316809,13,12.317037
73.23319,8,12.33595
72.76285,8,12.354847
73.476521,8,12.373753
91.541844,10,12.394966
82.775568,9,12.413308
73.147925,8,12.429716
35.861306,4,12.438504
82.616678,9,12.458282
45.302931,5,12.468831
44.691373,5,12.47938
73.284043,8,12.495599
63.77352,7,12.510745
63.449398,7,12.525547
72.770368,8,12.542294
63.618108,7,12.558923
82.685243,9,12.577307
45.040844,5,12.588125
63.898872,7,12.602504
100.947832,11,12.62506
82.740871,9,12.644303
82.078999,9,12.663656
45.050769,5,12.674885
91.986835,10,12.697144
63.832292,7,12.712208
82.84892,9,12.731303
64.082549,7,12.746378
63.865773,7,12.761667
73.383815,8,12.780458
110.554658,12,12.808029
45.00118,5,12.820171
73.23962,8,12.838939
72.844667,8,12.857711
54.161503,6,12.872058
73.152314,8,12.890874
82.389548,9,12.911857
82.027756,9,12.93278
45.104181,5,12.944906
63.975899,7,12.961411
73.489304,8,12.980119
36.182897,4,12.990072
35.528153,4,12.999998
45.084529,5,13.012158
63.421451,7,13.028658
54.073387,6,13.042943
54.694849,6,13.057267
110.049997,12,13.084782
82.820489,9,13.105682
110.193475,12,13.133712
54.37273,6,13.148041
82.244842,9,13.168962
83.006625,9,13.338771
54.918518,6,13.354714
72.835514,8,13.373384
54.411896,6,13.385492
63.837374,7,13.39921
64.221082,7,13.413894
72.999753,8,13.430691
91.789245,10,13.451597
73.032823,8,13.46943
101.242018,11,13.491456
44.945372,5,13.502563
73.25137,8,13.519743
44.794339,5,13.530972
73.127292,8,13.548019
63.559189,7,13.562541
72.684348,8,13.579114
54.446942,6,13.59175
64.067808,7,13.606612
63.938668,7,13.621671
118.822263,13,13.649581
91.168764,10,13.671696
73.147992,8,13.688914
26.877134,3,13.69597
110.168451,12,13.721928
63.694443,7,13.737669
45.002976,5,13.749286
63.794888,7,13.764961
45.053262,5,13.776582
110.097307,12,13.802864
63.542712,7,13.818179
64.102924,7,13.833212
100.80131,11,13.856285
73.645802,8,13.873941
63.351154,7,13.88904
138.066038,15,13.921668
82.235342,9,13.9417
63.903057,7,13.957013
54.667544,6,13.970138
54.617561,6,13.983239
73.006213,8,14.000263
101.351952,11,14.023793
73.151278,8,14.041074
54.771029,6,14.054177
54.14613,6,14.067243
54.596944,6,14.080247
82.890997,9,14.099256
82.751902,9,14.11841
82.535391,9,14.137544
54.001174,6,14.15055
63.925395,7,14.165607
45.400386,5,14.176588
45.300266,5,14.187624
35.568552,4,14.196621
73.304121,8,14.215341
147.95907,16,14.251891
54.324899,6,14.266294
63.399309,7,14.282956
91.743709,10,14.306237
72.627543,8,14.325855
63.74406,7,14.342492
63.674457,7,14.359115
63.440183,7,14.37572
72.765981,8,14.394524
92.016677,10,14.417787
80.64887,9,14.439054
63.940835,7,14.454634
128.672371,14,14.483537
73.370952,8,14.500569
82.947796,9,14.51962
63.349914,7,14.534644
127.690532,14,14.563703
63.398044,7,14.578724
147.69802,16,14.61195
54.545822,6,14.626223
45.418588,5,14.63843
82.33842,9,14.659579
63.77984,7,14.674852
63.178858,7,14.691343
128.816028,14,14.723475
35.52986,4,14.733452
73.109913,8,14.752274
110.354578,12,14.779947
72.613854,8,14.798804
63.76939,7,14.815438
129.175147,14,14.847574
72.762773,8,14.866414
91.759883,10,14.889659
73.299695,8,14.908422
54.013495,6,14.923492
35.898186,4,14.933453
54.312738,6,14.947857
82.526885,9,14.9689
63.526359,7,14.985566
72.727317,8,15.004398
63.803909,7,15.021008
73.249686,8,15.039848
110.390959,12,15.067487
73.430705,8,15.086273
119.677968,13,15.116063
54.147003,6,15.13046
82.343018,9,15.151462
54.334774,6,15.165849
54.390374,6,15.180202
54.447584,6,15.194587
54.18318,6,15.208961
35.933307,4,15.219177
73.641787,8,15.237735
45.102369,5,15.248769
35.937337,4,15.257425
82.27431,9,15.27596
54.564597,6,15.288666
92.201026,10,15.308995
54.416248,6,15.32163
63.776163,7,15.336716
82.538052,9,15.355891
101.370165,11,15.379163
63.452709,7,15.394156
82.035127,9,15.413344
73.320507,8,15.430341
109.895188,12,15.456263
63.861932,7,15.471556
35.467143,4,15.480662
63.599823,7,15.497291
54.409356,6,15.510306
110.389922,12,15.535992
63.986807,7,15.550833
82.701571,9,15.569662
72.769085,8,15.586615
147.394824,16,15.763532
62.923751,7,15.781355
165.636818,18,15.812315
82.190996,9,15.828439
73.089642,8,15.843362
101.389535,11,15.864726
101.137777,11,15.885787
54.141224,6,15.899849
119.700576,13,15.927251
72.965315,8,15.944147
82.12888,9,15.962997
101.08645,11,15.985828
54.54969,6,15.998855
54.38926,6,16.011957
36.187167,4,16.020926
82.278415,9,16.039688
54.284511,6,16.052552
91.745783,10,16.073232
63.831184,7,16.088169
146.978839,16,16.121346
82.536459,9,16.140496
54.342592,6,16.153338
128.607245,14,16.182012
63.853988,7,16.196887
110.287671,12,16.221753
110.711198,12,16.246492
63.896234,7,16.261313
100.215405,11,16.284027
73.178869,8,16.300772
73.22639,8,16.31758
82.642868,9,16.3363
100.982085,11,16.359026
63.41364,7,16.373806
110.278812,12,16.398559
129.085456,14,16.42775
64.199949,7,16.442612
73.189626,8,16.459342
54.779726,6,16.472236
82.882043,9,16.491825
119.598066,13,16.517794
128.482325,14,16.545991
73.684842,8,16.565082
128.736497,14,16.593287
73.104404,8,16.609869
82.115888,9,16.628516
110.606516,12,16.653047
63.974473,7,16.667739
91.990646,10,16.688361
54.206642,6,16.701067
109.876121,12,16.726115
119.822927,13,16.752467
63.78065,7,16.767217
63.275638,7,16.781899
54.406545,6,16.794686
82.638689,9,16.815003
72.854437,8,16.831962
82.636088,9,16.850725
72.913307,8,16.867488
101.20942,11,16.889874
72.990358,8,16.906418
110.21246,12,16.930679
101.506894,11,16.953035
44.852069,5,16.963751
63.910814,7,16.978374
91.617449,10,16.998839
100.946923,11,17.021442
175.576402,19,17.062087
63.81926,7,17.077317
138.019054,15,17.108925
63.714008,7,17.124315
100.79142,11,17.147829
54.646243,6,17.162024
202.174688,22,17.20584
44.873612,5,17.216919
54.241643,6,17.232107
64.069639,7,17.248683
91.830408,10,17.271855
54.821172,6,17.286377
64.194689,7,17.303147
82.938641,9,17.32503
91.699845,10,17.348599
45.347029,5,17.36088
54.103422,6,17.375401
82.653923,9,17.396549
92.006508,10,17.419978
73.465861,8,17.438945
73.174331,8,17.457918
54.023379,6,17.472395
45.350393,5,17.484663
101.03621,11,17.5103
63.40262,7,17.527036
91.577057,10,17.550303
72.825839,8,17.568619
45.227406,5,17.580717
64.042116,7,17.597257
64.009542,7,17.613793
82.823451,9,17.634692
138.075167,15,17.668777
63.995009,7,17.685274
73.240518,8,17.703993
45.079008,5,17.716097
82.774266,9,17.736903
91.69612,10,17.759872
35.964427,4,17.769736
100.896971,11,17.794897
54.284297,6,17.809136
165.408556,18,17.849775
73.449653,8,17.868675
82.924278,9,17.887983
91.755049,10,17.90817
73.167901,8,17.924977
35.736189,4,17.933928
73.183627,8,18.097405
82.475821,9,18.117322
100.954499,11,18.141831
82.185142,9,18.161034
64.143732,7,18.17585
147.37063,16,18.208265
101.07037,11,18.230819
101.256504,11,18.252959
91.892806,10,18.273184
82.376494,9,18.292962
82.672246,9,18.310319
63.274617,7,18.324472
63.785955,7,18.338677
92.143957,10,18.358606
92.068906,10,18.378914
119.415969,13,18.40507
64.147416,7,18.419598
101.197861,11,18.44197
64.404103,7,18.45662
91.524679,10,18.477096
64.047973,7,18.491936
54.074356,6,18.506353
119.736864,13,18.536566
110.099086,12,18.564242
72.556013,8,18.583019
120.331481,13,18.612834
45.190351,5,18.624998
157.372107,17,18.66362
129.398048,14,18.695598
101.25745,11,18.721054
54.71705,6,18.735383
73.188969,8,18.754156
110.0653,12,18.781793
73.370549,8,18.800586
82.373527,9,18.821559
63.938101,7,18.838184
73.330656,8,18.856452
82.191508,9,18.875479
175.080967,19,18.913964
54.469046,6,18.926841
82.246269,9,18.94571
110.629614,12,18.971066
91.745615,10,18.994258
91.474399,10,19.017411
91.690365,10,19.040545
63.892406,7,19.057071
63.884756,7,19.07365
63.87919,7,19.090219
155.382172,17,19.126923
91.948076,10,19.148251
73.577085,8,19.165472
82.968101,9,19.184536
63.408056,7,19.199384
73.390472,8,19.216454
91.666047,10,19.237396
63.904186,7,19.253413
64.012633,7,19.268769
54.679849,6,19.281894
63.767459,7,19.297101
100.753781,11,19.320483
82.93921,9,19.33897
82.652319,9,19.357423
54.432671,6,19.370469
73.741036,8,19.388841
73.016164,8,19.406168
119.913455,13,19.436244
82.928519,9,19.457384
91.532462,10,19.480756
82.573352,9,19.501924
82.712732,9,19.523046
91.528181,10,19.546331
165.359381,18,19.586578
91.681889,10,19.607516
73.016021,8,19.626565
101.023919,11,19.650277
82.408661,9,19.670916
128.518657,14,19.700084
101.467768,11,19.723687
110.361522,12,19.751661
91.851905,10,19.774112
175.408759,19,19.814672
119.724288,13,19.842582
63.470629,7,19.857271
63.611778,7,19.87214
63.548327,7,19.88675
82.808618,9,19.905109
110.134939,12,19.932107
101.479411,11,19.957765
72.715824,8,19.974634
82.400363,9,19.99596
73.396754,8,20.013577
72.616622,8,20.0324
73.345305,8,20.051153
101.107388,11,20.076537
82.326721,9,20.097519
92.185966,10,20.120644
73.409917,8,20.13942
222.017531,24,20.19346
63.940047,7,20.210047
54.38268,6,20.224372
137.822521,15,20.258568
183.633128,20,20.303862
64.220661,7,20.320421
82.882287,9,20.341365
110.624247,12,20.485947
109.568146,12,20.513116
91.875593,10,20.532879
73.393843,8,20.550305
63.939138,7,20.566836
63.825896,7,20.58501
63.358518,7,20.601225
110.330939,12,20.628114
63.985402,7,20.644857
109.923796,12,20.669474
101.019694,11,20.69245
73.066314,8,20.709435
82.191975,9,20.728425
82.768444,9,20.747418
92.193576,10,20.768335
82.285039,9,20.787341
92.027665,10,20.808192
92.092042,10,20.829049
92.113985,10,20.851622
119.307027,13,20.88242
129.288999,14,20.910864
92.315921,10,20.931113
63.63137,7,20.946705
92.034884,10,20.970062
63.498741,7,20.98719
63.885445,7,21.004006
156.699064,17,21.038976
156.951318,17,21.073055
82.6079,9,21.091639
54.543363,6,21.104755
110.702113,12,21.130107
82.706849,9,21.150588
72.984181,8,21.169518
137.117406,15,21.203961
54.634454,6,21.21846
110.169464,12,21.246222
129.215034,14,21.278433
63.911604,7,21.295123
91.798062,10,21.317529
82.674756,9,21.335566
100.89992,11,21.357942
63.724587,7,21.37226
73.49703,8,21.38862
82.085973,9,21.406793
128.719659,14,21.434616
119.616923,13,21.46286
54.878671,6,21.476154
64.180863,7,21.491408
110.450476,12,21.517705
156.192033,17,21.556344
73.356769,8,21.574176
44.749439,5,21.585463
91.641651,10,21.608174
72.893952,8,21.626189
82.754194,9,21.646718
64.151216,7,21.662889
165.711322,18,21.702174
166.162435,18,21.739623
91.674357,10,21.760468
119.830027,13,21.787112
63.308488,7,21.802041
73.504296,8,21.818563
73.221617,8,21.834969
194.298616,21,21.876401
82.743777,9,21.896856
82.301644,9,21.915398
63.779968,7,21.929851
101.188534,11,21.952068
100.942353,11,21.974276
129.44271,14,22.003468
82.138384,9,22.022132
73.22978,8,22.038543
73.239755,8,22.054922
91.559146,10,22.075213
138.073091,15,22.105913
128.798633,14,22.134164
82.485068,9,22.153825
128.926365,14,22.184684
110.135104,12,22.212596
110.709838,12,22.237129
63.206888,7,22.251595
138.353934,15,22.281451
73.476759,8,22.297777
110.360145,12,22.321755
110.760673,12,22.346155
91.741747,10,22.366771
138.344055,15,22.3983
91.547516,10,22.419527
82.889976,9,22.438669
63.95268,7,22.453876
92.076374,10,22.475145
119.668488,13,22.502404
72.817962,8,22.519511
82.199175,9,22.538709
90.711249,10,22.559813
166.571931,18,22.597006
73.084487,8,22.61416
73.289714,8,22.631368
120.058688,13,22.658391
138.297448,15,22.832158
101.327804,11,22.856157
128.245403,14,22.884434
203.114104,22,22.928432
100.631229,11,22.950735
147.666071,16,22.984519
82.069757,9,23.002815
110.021509,12,23.026822
119.085856,13,23.055314
82.844335,9,23.075074
92.222869,10,23.096238
129.084958,14,23.125419
82.425991,9,23.144259
119.471234,13,23.170076
92.047274,10,23.190718
100.649621,11,23.214775
119.803286,13,23.242641
146.849893,16,23.27571
110.705684,12,23.300906
82.620511,9,23.320054
82.338023,9,23.340013
109.99504,12,23.365288
166.204295,18,23.402053
156.939709,17,23.437487
82.570186,9,23.455826
63.87767,7,23.472151
203.875882,22,23.517424
193.061932,21,23.55903
91.837892,10,23.579159
110.135824,12,23.603238
127.898031,14,23.631155
45.108408,5,23.641739
73.481125,8,23.658023
119.720169,13,23.684407
73.78351,8,23.700978
101.373945,11,23.723161
128.707407,14,23.75104
100.570216,11,23.773189
110.188365,12,23.797435
129.182794,14,23.825547
81.992188,9,23.844048
183.256938,20,23.885535
82.822721,9,23.904837
92.049917,10,23.925682
73.377797,8,23.942059
211.566544,23,23.991838
72.877688,8,24.008204
138.269737,15,24.038047
166.359964,18,24.073547
110.486469,12,24.097681
54.632848,6,24.110201
110.408588,12,24.134263
101.542395,11,24.156316
92.178573,10,24.17636
91.691587,10,24.1964
82.773338,9,24.214523
82.421193,9,24.234961
110.49159,12,24.261664
82.201405,9,24.281983
129.207022,14,24.311436
82.967807,9,24.33234
119.386393,13,24.359464
63.460397,7,24.374524
92.206534,10,24.395589
100.775382,11,24.418542
91.74135,10,24.44003
82.895471,9,24.459292
111.061219,12,24.483819
91.903665,10,24.506049
82.253092,9,24.524255
91.703266,10,24.545747
82.662448,9,24.564532
72.770865,8,24.581585
91.824083,10,24.601835
82.887144,9,24.619979
175.525877,19,24.657356
91.227143,10,24.677483
100.687673,11,24.6995
82.612973,9,24.719055
100.860716,11,24.742352
63.830788,7,24.757518
110.488525,12,24.78249
100.90137,11,24.805453
129.045496,14,24.834706
82.595536,9,24.853822
138.731493,15,24.885299
221.414982,24,25.084111
73.333853,8,25.102343
73.301823,8,25.121231
156.653594,17,25.156889
229.867915,25,25.210046
268.910628,29,25.269536
91.899147,10,25.290628
174.621515,19,25.327916
101.152704,11,25.350036
91.761532,10,25.37026
72.854172,8,25.386637
101.188518,11,25.408725
83.069866,9,25.427003
110.011307,12,25.451035
119.349639,13,25.476943
184.610583,20,25.516141
156.721655,17,25.551426
82.285734,9,25.569769
64.218755,7,25.585826
120.15537,13,25.611576
91.827107,10,25.631643
101.593647,11,25.654109
101.151948,11,25.677831
119.058577,13,25.706435
64.0213,7,25.721038
82.303849,9,25.73964
82.733278,9,25.758018
91.884398,10,25.77837
82.740229,9,25.797313
120.108629,13,25.823929
119.742642,13,25.850204
110.309032,12,25.876875
110.526265,12,25.901021
63.710297,7,25.915535
73.121656,8,25.93187
101.297242,11,25.954354
91.868507,10,25.974619
184.331146,20,26.014221
82.489703,9,26.032531
91.670307,10,26.052731
92.123871,10,26.072885
148.007948,16,26.10471
100.931453,11,26.126817
82.424519,9,26.145135
91.644854,10,26.165741
175.107562,19,26.205556
91.7287,10,26.225896
101.349891,11,26.248298
101.427712,11,26.272965
230.004734,25,26.329803
157.476497,17,26.363684
118.986475,13,26.390623
101.322508,11,26.412742
175.441152,19,26.450383
101.141152,11,26.472713
166.511072,18,26.508289
128.635354,14,26.536175
138.24536,15,26.566488
82.024865,9,26.585196
63.292765,7,26.599961
119.456855,13,26.627181
110.360381,12,26.655486
91.801865,10,26.679144
92.072581,10,26.702568
110.633194,12,26.726864
110.368725,12,26.751335
73.105607,8,26.76801
147.373532,16,26.800206
91.802211,10,26.820879
100.40583,11,26.843477
219.709651,24,26.891447
138.799724,15,26.923446
101.510021,11,26.946719
175.611282,19,26.986014
138.318352,15,27.016587
165.599838,18,27.052347
73.283903,8,27.068734
91.51372,10,27.089287
128.081173,14,27.117674
147.620329,16,27.149312
164.536979,18,27.186135
175.619603,19,27.369965
82.916971,9,27.389286
101.089575,11,27.412717
73.077436,8,27.430049
147.666831,16,27.462816
91.889489,10,27.486278
82.730126,9,27.506228
314.689976,34,27.57644
110.496554,12,27.602715
91.755787,10,27.623455
73.569602,8,27.640176
249.712616,27,27.695646
73.468859,8,27.714254
82.398847,9,27.735603
91.160554,10,27.756617
91.674182,10,27.77681
82.627611,9,27.795079
82.251365,9,27.813407
72.789553,8,27.831123
137.508317,15,27.86169
110.314691,12,27.886283
201.020369,22,27.930615
193.890959,21,27.974905
138.251531,15,28.006343
175.292459,19,28.049115
148.207906,16,28.084321
91.526462,10,28.104478
137.701685,15,28.134544
212.424688,23,28.179942
119.710493,13,28.207135
82.111075,9,28.225563
92.068767,10,28.24595
119.968607,13,28.272363
110.143472,12,28.297265
100.850241,11,28.32038
212.745873,23,28.368819
82.089635,9,28.389871
203.825783,22,28.435319
119.369756,13,28.462789
110.45311,12,28.487842
138.489209,15,28.518963
138.503956,15,28.549443
92.123164,10,28.57239
165.353821,18,28.608828
129.324825,14,28.637355
203.24466,22,28.681015
119.583457,13,28.70706
101.395766,11,28.729124
82.756526,9,28.747404
138.625718,15,28.78167
101.070999,11,28.805748
156.882495,17,28.839808
101.328549,11,28.862583
82.366885,9,28.881685
92.092683,10,28.904885
82.306212,9,28.924335
72.903417,8,28.940682
147.377744,16,28.972383
258.862854,28,29.027338
82.571414,9,29.04566
101.385145,11,29.067822
138.29263,15,29.097816
73.045497,8,29.114312
248.686679,27,29.167696
82.591847,9,29.186104
101.355414,11,29.209303
193.788092,21,29.251886
73.154477,8,29.268392
110.611669,12,29.293349
231.165807,25,29.345215
138.46316,15,29.37514
101.557264,11,29.398257
81.950291,9,29.417259
101.107301,11,29.440089
91.536134,10,29.460802
240.575482,26,29.659102
166.018226,18,29.697521
100.520751,11,29.720178
110.338854,12,29.74469
185.022001,20,29.784645
183.924068,20,29.824569
82.736112,9,29.843093
72.778103,8,29.85963
101.528838,11,29.882195
119.551486,13,29.908611
119.755159,13,29.934897
91.92183,10,29.95545
91.799731,10,29.976126
145.797139,16,30.009508
194.010562,21,30.051438
166.598691,18,30.088373
63.527464,7,30.103545
166.319176,18,30.14033
73.26581,8,30.15736
110.491422,12,30.182341
193.570251,21,30.224912
164.442841,18,30.262743
146.135275,16,30.295525
138.47857,15,30.326441
63.662565,7,30.3413
128.891203,14,30.370275
231.054441,25,30.42081
101.323967,11,30.443469
109.855588,12,30.468523
148.3207,16,30.501374
185.063319,20,30.539415
73.349032,8,30.556404
101.061014,11,30.579326
100.991036,11,30.603051
83.038899,9,30.622194
175.763532,19,30.661147
82.928088,9,30.680225
138.308084,15,30.711165
91.773135,10,30.732242
120.043503,13,30.759108
138.447193,15,30.790133
156.549104,17,30.825199
73.237498,8,30.842362
119.917152,13,30.869147
248.746593,27,30.92416
73.080181,8,30.941184
73.35139,8,30.958193
137.308182,15,30.989153
101.017095,11,31.012248
120.015068,13,31.039127
193.205733,21,31.081901
156.580925,17,31.116784
119.824941,13,31.14373
119.996221,13,31.170643
285.919528,31,31.234286
110.721452,12,31.259443
230.35361,25,31.311202
101.431743,11,31.334259
146.722585,16,31.367171
110.174912,12,31.392267
110.640503,12,31.417109
82.342292,9,31.43617
157.086296,17,31.47121
82.696699,9,31.490233
92.1569,10,31.51123
119.735086,13,31.538109
240.753765,26,31.591061
100.781737,11,31.61413
54.815471,6,31.627782
101.577816,11,31.650741
203.524508,22,31.695227
175.310683,19,31.875846
175.288503,19,31.912647
231.024131,25,31.964238
183.906385,20,32.005943
110.179524,12,32.030651
109.625139,12,32.054749
110.312949,12,32.078629
138.391215,15,32.108926
203.939886,22,32.155524
285.180473,31,32.21726
110.829453,12,32.242414
119.585529,13,32.269346
157.214135,17,32.303967
82.864072,9,32.323587
176.040188,19,32.363601
73.302979,8,32.380056
240.756527,26,32.432131
165.687874,18,32.467742
129.400132,14,32.495846
210.824887,23,32.545464
259.42186,28,32.6012
136.961078,15,32.631292
119.510328,13,32.657321
100.709722,11,32.679456
128.603414,14,32.709647
138.714463,15,32.746953
231.329685,25,32.804041
128.438417,14,32.836256
100.759054,11,32.861856
128.710872,14,32.894069
128.976027,14,32.926272
138.333196,15,32.961318
182.960176,20,33.007237
165.569543,18,33.045837
193.844296,21,33.093444
184.709404,20,33.138743
184.531405,20,33.184066
138.346238,15,33.218335
101.158056,11,33.243789
73.584202,8,33.262597
296.678762,32,33.334428
194.001268,21,33.381532
109.297302,12,33.406949
147.401918,16,33.442048
211.997127,23,33.487295
73.369881,8,33.505397
156.799811,17,33.540094
91.998343,10,33.561085
295.612572,32,33.623863
203.42903,22,33.667192
91.931345,10,33.687732
157.107695,17,33.721771
268.625672,29,33.779149
82.784834,9,33.797871
110.251,12,33.823041
128.515743,14,33.852196
128.69311,14,33.882133
101.380127,11,33.905413
129.245189,14,33.934583
147.809577,16,33.967896
91.28051,10,33.989737
110.468583,12,34.017506
82.857496,9,34.035926
101.280176,11,34.194538
221.899085,24,34.243903
156.598591,17,34.279286
174.999284,19,34.319633
379.590653,41,34.402445
221.179939,24,34.44992
147.805418,16,34.481654
156.983062,17,34.515326
73.323119,8,34.531708
342.308169,37,34.603957
147.652011,16,34.635876
185.420929,20,34.675508
137.987529,15,34.705555
147.69348,16,34.737587
184.89438,20,34.778076
91.71894,10,34.798457
165.99726,18,34.834222
174.970812,19,34.871971
221.28976,24,34.919497
156.577027,17,34.952621
110.756208,12,34.976833
203.571848,22,35.022227
91.936392,10,35.042332
267.997576,29,35.101782
193.660682,21,35.149451
146.142535,16,35.186025
82.590339,9,35.207064
222.170002,24,35.254928
100.808806,11,35.279379
82.104246,9,35.297744
175.848599,19,35.337736
157.157145,17,35.375653
175.580525,19,35.414975
110.321588,12,35.442729
166.026554,18,35.478565
342.309909,37,35.553577
165.628756,18,35.593913
101.491846,11,35.619247
119.502837,13,35.648293
192.218265,21,35.69278
91.847374,10,35.714124
91.723336,10,35.735299
202.863818,22,35.779195
119.224182,13,35.808298
184.407451,20,35.850086
221.598813,24,35.898129
147.162794,16,35.930125
138.176306,15,35.963876
360.999993,39,36.041211
92.012473,10,36.063168
221.925733,24,36.11328
212.407764,23,36.159193
213.375954,23,36.206069
128.933732,14,36.234637
239.794349,26,36.286858
389.129516,42,36.525023
157.041903,17,36.562793
212.256299,23,36.61144
101.261198,11,36.636297
200.916938,22,36.683016
119.972998,13,36.710369
156.505706,17,36.74634
314.667094,34,36.819825
268.129018,29,36.877832
100.953684,11,36.900592
287.001654,31,36.962236
82.713321,9,36.980769
175.520569,19,37.019118
101.54629,11,37.041613
165.674067,18,37.081278
156.710154,17,37.120452
82.584103,9,37.141712
175.585598,19,37.186212
110.093594,12,37.21423
193.928166,21,37.258174
156.683313,17,37.292585
258.485216,28,37.348804
296.389412,32,37.412411
119.859167,13,37.438985
110.131701,12,37.463508
82.537741,9,37.48385
231.366299,25,37.53688
203.306298,22,37.585682
110.221026,12,37.613735
128.990659,14,37.646232
73.160815,8,37.665321
91.670539,10,37.688878
82.404262,9,37.710186
194.301033,21,37.75928
211.50643,23,37.807871
119.673112,13,37.834237
259.650891,28,37.889517
120.084124,13,37.915671
285.711851,31,37.980928
82.426037,9,37.999413
156.645321,17,38.033212
82.697706,9,38.051596
91.72438,10,38.071932
101.07538,11,38.094148
92.016703,10,38.114537
221.305999,24,38.162056
128.854467,14,38.190898
82.048072,9,38.210555
138.59543,15,38.244468
128.13507,14,38.277386
82.946767,9,38.297483
109.628205,12,38.321804
258.684517,28,38.377825
101.232216,11,38.40039
100.956027,11,38.422727
101.420143,11,38.446079
92.026546,10,38.467304
203.591457,22,38.511667
82.637527,9,38.530691
110.511594,12,38.555496
110.612007,12,38.579748
147.160836,16,38.761875
147.254877,16,38.797699
212.875342,23,38.844177
110.614336,12,38.868935
277.617474,30,38.929053
147.655934,16,38.962403
165.469776,18,39.000529
137.642367,15,39.032561
240.624358,26,39.087184
211.121391,23,39.135449
129.020079,14,39.165433
287.284225,31,39.22928
119.501557,13,39.255947
138.096737,15,39.286751
146.523395,16,39.319151
156.717272,17,39.353458
202.760112,22,39.399029
201.780835,22,39.444486
138.264438,15,39.478875
258.532892,28,39.537417
185.068764,20,39.579596
277.3879,30,39.638551
444.574335,48,39.737278
249.93922,27,39.795493
81.946047,9,39.813727
425.966576,46,39.906503
165.112096,18,39.944397
110.264881,12,39.968917
324.819167,35,40.037856
276.476192,30,40.09708
120.058333,13,40.123234
82.609645,9,40.141655
165.259901,18,40.178569
202.839023,22,40.228415
277.730682,30,40.29602
119.523464,13,40.325938
238.897576,26,40.378665
101.365392,11,40.400799
175.891828,19,40.437856
203.423878,22,40.483532
91.685583,10,40.504734
175.710638,19,40.543987
212.596789,23,40.590013
146.697253,16,40.622798
119.86701,13,40.651708
155.437721,17,40.685638
249.726875,27,40.744797
248.082346,27,40.806591
174.580701,19,40.850003
286.111738,31,41.068801
109.959373,12,41.096318
110.099521,12,41.125008
185.016678,20,41.167911
91.974906,10,41.189982
341.203865,37,41.268749
340.707967,37,41.351198
110.29852,12,41.376922
342.45196,37,41.452041
314.973361,34,41.524064
220.707083,24,41.574528
119.80333,13,41.603356
164.846853,18,41.644109
166.350572,18,41.684913
73.194487,8,41.703702
119.266274,13,41.733464
351.624863,38,41.811932
257.866913,28,41.87003
258.714263,28,41.927096
101.227501,11,41.950096
184.103975,20,41.991874
194.273861,21,42.034969
193.423565,21,42.077674
314.724256,34,42.146564
231.133807,25,42.198694
175.277605,19,42.240052
248.780358,27,42.296314
370.509792,40,42.37953
73.30789,8,42.396881
249.670036,27,42.450241
110.377411,12,42.474581
101.182688,11,42.496817
82.801364,9,42.515445
119.812597,13,42.544381
212.607102,23,42.591175
101.156011,11,42.613676
304.251228,33,42.67818
166.058816,18,42.713987
210.522633,23,42.758775
221.259099,24,42.810318
203.442727,22,42.858768
294.871919,32,42.92163
101.106492,11,42.943418
175.063511,19,42.98062
240.294057,26,43.031945
220.498977,24,43.07841
267.49126,29,43.134147
370.532389,40,43.333599
211.949,23,43.378359
416.915448,45,43.476571
268.883586,29,43.533141
156.008211,17,43.567886
137.394759,15,43.59851
322.956121,35,43.66861
193.584177,21,43.710995
342.207409,37,43.785741
147.300825,16,43.818663
110.343953,12,43.843364
175.604854,19,43.882051
165.763692,18,43.918715
297.042655,32,43.984037
221.744035,24,44.03254
119.526755,13,44.059221
305.053912,33,44.129528
100.810193,11,44.154837
137.101466,15,44.188927
128.028332,14,44.22079
156.762874,17,44.259293
286.110642,31,44.328404
156.616373,17,44.36679
240.802046,26,44.423331
174.03771,19,44.461279
220.904495,24,44.514926
388.76234,42,44.60885
175.366025,19,44.651933
296.321804,32,44.723686
304.220422,33,44.797706
137.82669,15,44.831931
182.927535,20,44.877174
193.226823,21,44.924958
193.266869,21,44.971909
175.501833,19,45.014181
110.383089,12,45.039353
194.13338,21,45.086349
194.497663,21,45.12918
212.17705,23,45.17591
81.870048,9,45.194871
239.825353,26,45.247701
137.914459,15,45.278604
222.266404,24,45.327391
147.263565,16,45.360281
287.603762,31,45.42327
304.907823,33,45.634079
314.864867,34,45.70573
407.400977,44,45.794893
110.537182,12,45.81987
277.164065,30,45.880706
101.1966,11,45.903557
202.910746,22,45.94818
137.716493,15,45.978699
230.042988,25,46.028045
73.300109,8,46.044436
230.863163,25,46.093549
370.368889,40,46.173219
267.778463,29,46.232472
212.301657,23,46.279243
248.673456,27,46.333747
434.79721,47,46.426968
138.356626,15,46.456995
283.822272,31,46.521958
157.089124,17,46.560049
230.077568,25,46.616645
295.493139,32,46.689102
119.576168,13,46.719103
155.976188,17,46.757528
138.003181,15,46.791861
221.724325,24,46.846565
184.358757,20,46.891827
220.739866,24,46.945966
91.853652,10,46.969143
147.299561,16,47.00562
128.210971,14,47.037692
239.84929,26,47.096246
203.245612,22,47.145988
101.074015,11,47.171492
258.550104,28,47.233981
166.576044,18,47.274791
287.330341,31,47.344211
165.577075,18,47.385046
387.303817,42,47.479229
82.334441,9,47.500222
100.777399,11,47.525543
267.216251,29,47.59072
128.743502,14,47.622689
294.785801,32,47.694418
323.018626,35,47.773476
137.765797,15,47.807524
100.968097,11,47.978856
184.298253,20,48.026416
136.588221,15,48.06075
332.388546,36,48.141887
138.049304,15,48.17629
304.336744,33,48.250546
361.243431,39,48.338111
453.847975,49,48.444908
369.032243,40,48.533249
277.4521,30,48.601238
286.928849,31,48.667576
287.089772,31,48.737146
128.771478,14,48.769209
315.105728,34,48.845482
304.02021,33,48.919519
285.769903,31,48.989131
110.435854,12,49.016768
147.641503,16,49.053204
286.490549,31,49.122701
257.705684,28,49.184328
286.120434,31,49.246057
342.585107,37,49.326522
212.177614,23,49.379121
175.064513,19,49.417393
100.829833,11,49.442673
110.051906,12,49.467488
231.476172,25,49.521712
323.505153,35,49.599634
174.820038,19,49.642478
230.178164,25,49.698691
294.265721,32,49.770139
240.017928,26,49.829004
155.66946,17,49.867642
277.755061,30,49.930283
397.854596,43,50.02622
398.193904,43,50.122138
333.548104,36,50.200373
202.331668,22,50.389355
228.642708,25,50.443956
147.258962,16,50.477298
323.027483,35,50.550936
147.63615,16,50.583959
351.390882,38,50.662628
175.692968,19,50.701675
268.17771,29,50.760189
193.102525,21,50.80661
333.77249,36,50.887967
191.209764,21,50.935978
324.488172,35,51.015769
257.514346,28,51.078013
212.502623,23,51.123163
101.185876,11,51.14548
212.161926,23,51.190953
201.770691,22,51.23782
277.04695,30,51.304635
276.926437,30,51.368524
184.778997,20,51.409427
481.916639,52,51.508182
323.432474,35,51.578014
378.655985,41,51.662467
91.947956,10,51.682806
278.747414,30,51.742348
212.891653,23,51.788614
249.997467,27,51.84538
649.460159,70,51.986146
295.84555,32,52.050843
230.164494,25,52.101157
593.535384,64,52.231364
295.713782,32,52.295203
221.761685,24,52.343686
240.577972,26,52.395965
100.732434,11,52.41881
267.943541,29,52.477287
138.517842,15,52.657863
258.958507,28,52.716978
370.562724,40,52.799875
472.607944,51,52.908258
155.786088,17,52.947282
555.761565,60,53.074278
443.35464,48,53.173749
780.180324,84,53.357301
258.262868,28,53.421373
378.875971,41,53.513294
389.180072,42,53.607191
331.073887,36,53.687856
583.714816,63,53.828223
417.291717,45,53.928608
305.396181,33,54.002885
268.246423,29,54.068171
193.301448,21,54.11576
276.609179,30,54.182702
119.343697,13,54.2098
463.51386,50,54.319701
193.652449,21,54.36201
322.693875,35,54.430164
146.817087,16,54.462162
444.524917,48,54.560851
193.966832,21,54.602638
239.113595,26,54.654043
294.854481,32,54.717262
315.269174,34,54.788098
388.305123,42,54.994763
239.330315,26,55.055263
324.598138,35,55.134314
267.509613,29,55.199982
268.328004,29,55.265648
780.440553,84,55.453533
315.269695,34,55.53079
211.893779,23,55.581263
453.80129,49,55.681453
248.42583,27,55.738467
229.953828,25,55.790627
258.515892,28,55.846203
286.908648,31,55.911391
257.749462,28,55.968881
489.64649,53,56.076252
210.451695,23,56.122811
342.814666,37,56.198832
370.668213,40,56.280944
82.793321,9,56.300233
230.925789,25,56.351634
277.503498,30,56.410675
379.686599,41,56.491995
156.452723,17,56.526815
377.51284,41,56.610999
109.721933,12,56.636251
258.936376,28,56.698456
119.421174,13,56.725669
82.526449,9,56.748363
444.857139,48,56.847078
342.231848,37,56.921382
128.186156,14,56.950498
193.597941,21,56.996797
313.370992,34,57.073286
509.759873,55,57.346145
230.813733,25,57.402683
268.200374,29,57.46475
379.340651,41,57.548583
239.880236,26,57.601741
222.080292,24,57.65022
304.875319,33,57.717622
258.151361,28,57.772838
314.861558,34,57.839266
174.008737,19,57.882159
277.877312,30,57.942871
82.369471,9,57.961353
323.966349,35,58.035902
444.423455,48,58.139957
110.560884,12,58.165264
277.128556,30,58.226756
305.630796,33,58.293914
192.178861,21,58.338509
91.72902,10,58.361757
175.151563,19,58.403612
389.777558,42,58.49489
342.13734,37,58.570738
174.625649,19,58.609698
471.283967,51,58.714993
184.910205,20,58.759817
351.506193,38,58.843562
387.614008,42,58.929098
183.969464,20,58.970757
203.024022,22,59.017681
379.488234,41,59.107979
296.121876,32,59.174964
259.217175,28,59.231603
454.718082,49,59.332404
231.208962,25,59.38754
147.025868,16,59.421181
389.166768,42,59.663874
295.781272,32,59.729366
443.231767,48,59.82553
350.978275,38,59.904196
350.800857,38,59.981541
405.356972,44,60.074484
491.575562,53,60.186528
258.438924,28,60.243694
324.194667,35,60.317275
333.829898,36,60.391991
267.543388,29,60.451391
248.683613,27,60.510935
649.679902,70,60.656009
470.226425,51,60.757847
248.976692,27,60.81373
259.010686,28,60.873151
445.460455,48,60.96944
490.142751,53,61.085426
510.172438,55,61.197635
249.458092,27,61.253577
500.083047,54,61.366313
352.102561,38,61.444503
445.131642,48,61.544858
398.43922,43,61.633215
742.540335,80,61.949367
315.480913,34,62.020264
221.451073,24,62.070909
267.642728,29,62.132132
442.895079,48,62.231133
324.15727,35,62.303431
370.712184,40,62.384825
444.977312,48,62.480075
398.122996,43,62.566615
370.415232,40,62.646248
436.182839,47,62.740108
397.569689,43,62.82537
286.501516,31,62.887613
155.71719,17,62.922677
156.498605,17,62.955892
305.280809,33,63.023768
324.015888,35,63.093776
388.681069,42,63.17775
341.942091,37,63.252528
192.837074,21,63.295427
137.17845,15,63.325429
267.260673,29,63.383323
295.950087,32,63.447337
659.117667,71,63.588803
183.734628,20,63.629201
360.827077,39,63.708343
343.25237,37,63.783177
267.941585,29,63.842292
555.825438,60,64.129038
378.628708,41,64.215868
296.297222,32,64.281179
259.215084,28,64.338862
268.263036,29,64.397367
314.091508,34,64.466114
527.990418,57,64.58506
360.537702,39,64.665588
389.153161,42,64.75099
574.111902,62,64.877345
305.325153,33,64.945219
230.446355,25,64.996757
340.645721,37,65.071832
268.067651,29,65.131271
126.463549,14,65.160143
453.511838,49,65.259041
330.263883,36,65.33173
296.314146,32,65.396692
453.467162,49,65.496006
258.720441,28,65.552737
128.421077,14,65.58139
554.803504,60,65.703303
519.574694,56,65.814671
230.045778,25,65.864967
453.957664,49,65.962667
351.77824,38,66.038907
519.307844,56,66.151274
1190.034536,128,66.563743
398.434904,43,66.651853
361.202613,39,66.730911
323.375765,35,66.80226
398.336686,43,66.889924
305.061184,33,66.953452
510.697823,55,67.056458
351.219722,38,67.128411
528.792841,57,67.238817
351.415462,38,67.314118
603.230582,65,67.444916
202.711011,22,67.488979
359.40863,39,67.565948
425.680628,46,67.658212
239.866053,26,67.709974
416.196913,45,67.798728
472.470002,51,67.89985
314.169263,34,67.966995
296.02317,32,68.034205
277.139087,30,68.094034
593.284544,64,68.218752
482.408795,52,68.322026
389.084941,42,68.561557
351.689367,38,68.639553
137.488848,15,68.670488
314.524533,34,68.739249
306.042473,33,68.805728
184.590789,20,68.846183
305.681389,33,68.912493
566.947402,61,69.037994
146.85284,16,69.072736
480.063566,52,69.181892
314.552766,34,69.250167
221.23135,24,69.298444
490.676862,53,69.402338
351.489116,38,69.478801
219.739135,24,69.526443
519.498692,56,69.636487
286.575245,31,69.697769
333.910285,36,69.768697
657.889212,71,69.908267
370.520657,40,69.987262
648.903189,70,70.125837
286.663489,31,70.187089
312.962366,34,70.255146
323.751316,35,70.323666
183.747638,20,70.363525
82.410347,9,70.381864
891.544409,96,70.570931
275.041556,30,70.767072
210.706569,23,70.813736
492.040054,53,70.918843
248.387923,27,70.972379
333.316086,36,71.04413
463.723553,50,71.142006
229.814399,25,71.191256
668.818588,72,71.330568
548.061409,59,71.445316
146.451977,16,71.47723
219.957591,24,71.524839
166.138295,18,71.560853
110.031253,12,71.585109
499.826064,54,71.69562
435.573633,47,71.791745
293.698497,32,71.854669
351.952474,38,71.931785
286.748507,31,71.995489
249.831276,27,72.052045
267.644162,29,72.110518
398.164951,43,72.195008
640.663537,69,72.334716
370.576671,40,72.415957
444.33939,48,72.51196
239.317566,26,72.563421
333.903671,36,72.634159
267.401864,29,72.691521
454.125216,49,72.930683
677.28377,73,73.070172
277.43752,30,73.131506
360.024378,39,73.21169
247.444631,27,73.267033
333.257972,36,73.342273
369.998814,40,73.421644
425.512657,46,73.516353
138.159039,15,73.548701
444.804972,48,73.646738
352.048334,38,73.724325
510.859446,55,73.836836
361.766306,39,73.915886
174.202469,19,73.95501
174.112674,19,73.993947
603.285794,65,74.125419
622.230547,67,74.26336
201.161377,22,74.308065
761.750355,82,74.470563
369.64421,40,74.551384
286.870041,31,74.613962
483.344314,52,74.718488
380.177038,41,74.801
574.681627,62,74.930094
257.840475,28,75.128025
138.190352,15,75.160544
82.563993,9,75.179589
277.847643,30,75.239958
492.645026,53,75.344228
593.928395,64,75.46961
426.866967,46,75.560125
399.072691,43,75.644764
249.577545,27,75.698802
491.608033,53,75.804766
631.547015,68,75.944131
537.131138,58,76.061148
882.369311,95,76.250304
378.737777,41,76.331142
519.376269,56,76.446001
314.445272,34,76.512918
408.340839,44,76.600555
293.410666,32,76.663378
575.522799,62,76.783843
472.867894,51,76.883267
398.611614,43,76.968901
351.686567,38,77.048808
370.882697,40,77.129226
388.860138,42,77.367459
267.862863,29,77.427817
547.490301,59,77.551147
286.509753,31,77.614813
229.781979,25,77.667026
314.419606,34,77.735997
119.56491,13,77.764739
464.205092,50,77.867796
212.006807,23,77.914778
286.655869,31,77.979613
351.957754,38,78.055816
444.805535,48,78.153372
491.169367,53,78.260873
398.069981,43,78.350309
499.042145,54,78.461935
110.083715,12,78.487197
305.433186,33,78.555744
193.903841,21,78.601634
453.959856,49,78.70044
575.235835,62,78.821587
389.392629,42,78.907846
1831.792504,197,79.302258
462.215332,50,79.401616
342.798545,37,79.636032
341.854035,37,79.715336
472.242348,51,79.819409
733.818455,79,79.975839
304.994874,33,80.043841
1208.833714,130,80.302588
455.035966,49,80.406151
863.146028,93,80.595793
787.918508,85,80.767845
445.83206,48,80.867638
501.101422,54,80.975522
435.772829,47,81.074162
416.321721,45,81.166987
657.379826,71,81.309759
294.815453,32,81.376458
239.206689,26,81.432312
388.056331,42,81.518856
613.560054,66,81.658291
343.023256,37,81.887012
333.987713,36,81.960805
641.460761,69,82.101397
863.850327,93,82.2895
426.630911,46,82.38197
295.79457,32,82.448258
407.781799,44,82.538073
790.025746,85,82.716076
657.753624,71,82.861413
314.920426,34,82.932703
855.448438,92,83.124156
548.964009,59,83.244365
854.628869,92,83.431859
370.597236,40,83.513747
360.651865,39,83.595889
398.032202,43,83.683596
342.47979,37,83.760073
481.626212,52,83.870562
285.780793,31,84.087501
539.046633,58,84.209771
342.758123,37,84.284527
557.356453,60,84.406309
407.519032,44,84.495016
323.513743,35,84.56613
426.150116,46,84.660898
668.964062,72,84.809603
565.722653,61,84.935011
566.426765,61,85.060722
518.043216,56,85.174205
1040.394874,112,85.404327
352.01537,38,85.482236
536.225052,58,85.601411
137.572682,15,85.632624
415.877833,45,85.724552
417.078299,45,85.815435
490.013356,53,85.921441
501.290964,54,86.029727
398.916928,43,86.116632
324.381964,35,86.34047
706.35414,76,86.495465
445.514039,48,86.592674
510.877094,55,86.704402
324.188255,35,86.776483
500.84198,54,86.889031
351.91109,38,86.970512
388.695872,42,87.056423
641.059272,69,87.19771
343.18604,37,87.273405
575.924152,62,87.401425
426.677534,46,87.497723
315.109849,34,87.568433
295.759498,32,87.632642
398.222743,43,87.718344
388.029215,42,87.803526
453.023153,49,87.904714
473.130359,51,88.012879
492.40774,53,88.125502
677.871837,73,88.276322
240.608848,26,88.331847
352.781679,38,88.41484
501.923073,54,88.683544
370.835749,40,88.764333
593.864253,64,88.892038
501.696096,54,89.001125
82.530257,9,89.020142
389.960601,42,89.10681
408.217555,44,89.195557
482.253114,52,89.299596
295.824716,32,89.365788
510.650852,55,89.476024
837.205016,90,89.661402
371.286159,40,89.744929
147.857024,16,89.779957
752.39998,81,89.947773
1012.376105,109,90.174914
1208.417536,130,90.439967
147.119836,16,90.473919
650.360936,70,90.62091
389.954294,42,90.857792
814.356223,88,91.039897
575.636161,62,91.166739
286.498385,31,91.230962
455.304107,49,91.329322
322.792093,35,91.398681
1348.260321,145,91.686774
445.81752,48,91.782186
352.494878,38,91.857572
239.879651,26,91.911119
343.212275,37,91.98535
799.521666,86,92.158342
426.171765,46,92.249838
212.778476,23,92.295848
548.588974,59,92.415596
203.194208,22,92.463351
333.742603,36,92.535104
259.121504,28,92.591134
547.855536,59,92.709365
370.400617,40,92.790215
659.969916,71,93.07976
770.619487,83,93.246863
202.756778,22,93.29173
453.821418,49,93.389368
352.15891,38,93.468568
500.901329,54,93.579006
566.652984,61,93.703806
333.61591,36,93.777333
668.847713,72,93.923826
500.720991,54,94.034536
604.145418,65,94.169664
1274.332761,137,94.460307
688.067988,74,94.613019
333.134599,36,94.686723
473.668141,51,94.788951
398.99639,43,94.875648
770.979788,83,95.04176
882.891614,95,95.387201
968.117127,104,95.595517
1078.480057,116,95.828482
1050.835063,113,96.059047
594.595187,64,96.190214
343.295519,37,96.265512
753.269301,81,96.431263
630.407814,68,96.568699
538.321501,58,96.685522
315.120461,34,96.754693
517.719181,56,96.866509
659.486057,71,97.017231
351.480168,38,97.094867
604.427161,65,97.231663
492.36539,53,97.346146
286.54697,31,97.563828
752.97145,81,97.731146
716.003322,77,97.889844
426.746932,46,97.984687
323.972871,35,98.06117
611.848033,66,98.205997
1022.87423,110,98.429205
798.955664,86,98.599475
1758.997354,189,98.977967
584.993915,63,99.106827
706.188259,76,99.263686
714.400303,77,99.417934
1002.924236,108,99.644243
584.608655,63,99.928169
1311.017408,141,100.219904
408.2794,44,100.312802
911.160596,98,100.515881
1245.556261,134,100.787241
706.065592,76,100.944957
2131.980134,229,101.411785
762.671643,82,101.578658
1796.008179,193,102.121047
380.42812,41,102.204982
956.947652,103,102.414271
380.833757,41,102.497469
723.130455,78,102.656279
305.624336,33,102.725038
389.840565,42,102.812991
993.970455,107,103.034401
436.552032,47,103.127578
256.459872,28,103.185999
426.211101,46,103.279746
2027.882328,218,103.720362
631.522673,68,103.859231
761.926809,82,104.026626
836.978167,90,104.366313
771.044819,83,104.534048
529.731439,57,104.65479
313.613599,34,104.724277
864.084232,93,104.912332
557.15314,60,105.03304
482.423693,52,105.137805
518.591051,56,105.252294
818.449165,88,105.429991
1442.122576,155,105.745535
211.739408,23,105.79221
332.544971,36,105.864027
873.46517,94,106.05329
416.442853,45,106.14305
677.63147,73,106.291805
583.955845,63,106.569913
1116.079085,120,106.815962
686.938401,74,106.972451
809.073693,87,107.148389
647.992235,70,107.289733
407.726229,44,107.376582
1274.021144,137,107.657935
1060.165557,114,107.887121
725.361448,78,108.04492
3163.310913,340,108.901216
584.988989,63,109.029222
407.013884,44,109.118022
2046.282821,220,109.558123
82.39667,9,109.57483
1653.904328,178,109.935349
865.29702,93,110.119512
1386.338311,149,110.416831
398.539581,43,110.503584
697.305416,75,110.653371
1256.147815,135,111.083743
920.089825,99,111.288971
3705.291143,398,112.107947
408.680026,44,112.19936
472.224142,51,112.306057
1292.34606,139,112.590757
1711.436843,184,112.97038
2175.911669,234,113.590779
1950.97176,210,114.013895
1218.512343,131,114.278897
4497.194618,483,115.254192
1561.723504,168,115.776357
667.742541,72,115.921319
1664.399069,179,116.313822
555.694635,60,116.439969
1358.586047,146,116.75325
724.835259,78,116.919692
1934.491118,208,117.346383
360.938494,39,117.428173
529.66792,57,117.546435
1143.137639,123,117.950981
1104.097439,119,118.19364
1153.103951,124,118.443798
827.142735,89,118.623594
929.770131,100,118.83027
455.335035,49,118.931811
1478.975518,159,119.257905
481.766187,52,119.368427
398.806558,43,119.45723
5117.533603,550,120.702659
1477.929942,159,121.034311
2746.138602,295,121.625508
81.629359,9,121.644278
519.678894,56,121.759057
137.373294,15,121.787484
73.18974,8,121.80455
3099.702731,333,122.684825
2056.424129,221,123.146403
2477.051123,266,123.681709
2707.290586,291,124.27594
4429.259678,476,125.413588
2075.17671,223,125.86727
1469.264488,158,126.186124
137.646768,15,126.217282
1180.610761,127,126.475681
1431.74362,154,126.932209
3165.175984,340,127.617797
379.880719,41,127.700878
9311.093662,1000,129.907036
556.085417,60,130.029501
696.224653,75,130.181407
9309.18467,1000,132.332146
2063.346769,222,132.779268
2046.771627,220,133.235152
3462.40349,372,134.066778
1123.818265,121,134.310369
3963.841697,426,135.170868
741.895994,80,135.329406
174.980888,19,135.369016
1124.275674,121,135.77714
1963.543956,211,136.210977
1768.00427,190,136.589628
5034.384144,541,137.733458
799.624594,86,138.055261
825.982209,89,138.233077
5919.830482,636,139.506513
1264.14479,136,139.780115
1533.9407,165,140.266757
7988.332725,858,142.00263
5761.629186,619,143.431205
9312.14529,1000,145.645089
1562.368739,168,145.992345
1312.051054,141,146.282156
4021.951196,432,147.323187
9311.423981,1000,149.521198
7557.449703,812,151.138609
6715.672929,721,152.792118
5697.552182,612,154.180506
72.967421,8,154.197937
7524.08981,808,156.035653
9314.118813,1000,158.202385
2559.429552,275,158.771502
5436.799101,584,159.96161
4784.694564,514,161.170535
2894.665844,311,161.789469
2540.325131,273,162.335946
9019.09798,969,164.391418
9315.978086,1000,166.545937
8057.594143,865,168.438528
919.953583,99,168.634684
9317.614395,1000,170.911335
9319.864324,1000,173.119215
4469.39176,480,174.220425
6406.802329,688,175.590823
5857.357624,629,177.054586
7030.899614,755,178.753821
1553.587522,167,179.091118
1144.875302,123,179.350779
9313.893088,1000,181.538088
9316.375558,1000,183.684524
9316.721104,1000,185.876289
9313.827042,1000,188.058758
9315.317466,1000,190.236737
8130.917654,873,192.250615
2828.093949,304,192.887892
9006.019493,967,195.007563
9314.065824,1000,197.231034
3965.254726,426,198.086142
2671.19081,287,198.827105
4097.357019,440,199.760927
9314.077138,1000,202.022663
2223.295937,239,202.517273
1610.615971,173,203.040148
3640.527748,391,203.860759
3900.457176,419,204.711482
1163.289918,125,204.96279
566.186646,61,205.086345
3590.248639,386,206.028798
5205.268874,559,207.16499
9014.909735,968,209.282402
2755.243583,296,210.035483
9290.68237,998,212.194024
6089.597848,654,213.543301
3873.361956,416,214.551294
5325.564434,572,215.72352
119.138679,13,215.751809
1245.623786,134,216.020441
797.020936,86,216.193435
9315.657614,1000,218.360881
3034.620737,326,219.169424
8315.119324,893,221.090194
641.111877,69,221.228316
4953.841475,532,222.336389
9314.556669,1000,224.547519
9315.069818,1000,226.771438
1377.309527,148,227.083329
9315.934302,1000,229.283332
5875.94229,631,230.761287
9042.101274,971,232.916939
3315.247476,356,233.642875
9314.477562,1000,235.845663
3557.169732,382,236.778443
1813.254518,195,237.174933
2698.95458,290,237.778671
527.53571,57,237.894395
9314.360225,1000,240.097006
137.782522,15,240.127737
9318.474386,1000,242.304586
9315.178448,1000,244.526622
9315.328715,1000,246.764313
3285.557738,353,247.49831
622.505396,67,247.633691
5588.441455,600,249.025166
9316.226482,1000,251.191824
7227.650915,776,252.926839
9315.709464,1000,255.105672
9316.926391,1000,257.276629
9317.363898,1000,259.406753
9317.719343,1000,261.559778
9317.266126,1000,263.746684
9315.531873,1000,265.959032
9316.529213,1000,268.163509
4906.636418,527,269.233952
5446.837748,585,270.592371
9316.563174,1000,272.817782
482.745888,52,272.919491
1209.78033,130,273.185874
9316.72859,1000,275.354098
1041.374823,112,275.580547
2328.609689,250,276.102912
4926.545384,529,277.323391
5997.110352,644,278.636702
9317.991416,1000,280.812372
277.734486,30,280.872875
259.48214,28,280.930166
9316.691575,1000,283.09082
1442.381683,155,283.412032
4495.732259,483,284.569571
9316.861679,1000,286.751925
9317.226016,1000,288.939965
9316.13935,1000,291.12864
118.807865,13,291.157869
9315.267316,1000,293.330726
9318.151691,1000,295.50262
9316.16902,1000,297.736123
2820.982693,303,298.357434
9314.866457,1000,300.513932
8178.252837,878,302.424434
976.816942,105,302.645361
2177.201001,234,303.1177
4022.811934,432,304.048774
1684.472557,181,304.359865
9318.401306,1000,306.508201
9318.937758,1000,308.678255
679.224515,73,308.83908
6194.572001,665,310.348883
9317.242356,1000,312.352046
1162.158998,125,312.752831
9316.49683,1000,314.923033
799.527007,86,315.097648
7295.278327,783,316.715396
9317.000907,1000,318.880188
3911.506016,420,319.898828
9316.895147,1000,322.081859
9318.743587,1000,324.283136
9314.670166,1000,326.427733
9315.733924,1000,328.609298
9315.717047,1000,330.837065
9317.126729,1000,333.045443
9317.281961,1000,335.201419
9318.9216,1000,337.367649
259.459267,28,337.427412
9318.176218,1000,339.627065
5225.16604,561,340.778342
9317.615968,1000,342.938858
3585.571627,385,343.890337
7079.169775,760,345.439693
9318.78928,1000,347.592952
724.902754,78,347.745525
9317.709099,1000,349.933527
1963.860588,211,350.520195
9318.104206,1000,352.774297
5832.07768,626,354.069574
5625.842564,604,355.464832
9316.732476,1000,357.687942
5141.085384,552,358.799013
9318.48252,1000,360.925802
9317.242054,1000,363.125154
2467.69122,265,363.65688
5085.691241,546,364.919103
9315.190768,1000,367.19147
9318.536634,1000,369.419226
9318.739163,1000,371.63759
9319.579669,1000,373.870175
9316.721822,1000,376.059778
9318.751675,1000,378.267966
9318.827537,1000,380.47209
9318.792984,1000,382.654628
4273.76489,459,383.580504
2281.298659,245,384.066514
9317.879106,1000,386.241542
305.010156,33,386.307077
9318.450429,1000,388.456
9316.362212,1000,390.569098
9316.077811,1000,392.740125
9317.485532,1000,394.897667
9318.081568,1000,397.053756
9320.044364,1000,399.204364
9318.90371,1000,401.350139
874.395338,94,401.532383
9318.087462,1000,403.72592
9318.560299,1000,405.882469
9318.765931,1000,408.052334
2384.287587,256,408.729614
9321.320626,1000,410.967804
473.341103,51,411.075306
3055.846336,328,411.743112
2244.269062,241,412.233461
1835.181698,197,412.636263
621.526766,67,412.776611
8387.078378,900,414.736246
9319.791604,1000,416.928789
9318.888133,1000,419.124752
2962.266577,318,419.953204
548.005978,59,420.076498
1228.428246,132,420.349982
9322.292938,1000,422.55777
9320.83552,1000,424.73893
9318.52704,1000,426.934812
5331.237912,572,428.068677
6047.980219,649,429.535424
9322.179492,1000,431.721297
846.079842,91,431.909051
660.808125,71,432.056082
6298.817571,676,433.579897
3494.297776,375,434.332664
1695.964866,182,434.699758
1182.107408,127,434.958683
9319.911914,1000,437.159829
9320.030492,1000,439.394724
2236.566606,240,440.03054
9322.715234,1000,442.075845
9320.256949,1000,444.278657
4182.778451,449,445.343056
8489.255202,911,447.41668
5833.709501,626,448.678283
9318.623286,1000,450.839855
360.957569,39,450.917111
9322.041337,1000,453.13976
248.74828,27,453.195508
9320.759739,1000,455.372744
9318.276676,1000,457.589167
1490.472351,160,458.081737
9319.716968,1000,460.327017
1667.748103,179,460.685225
3836.921674,412,461.531505
6567.458785,705,463.152555
9318.202151,1000,465.390751
4005.640564,430,466.283383
9321.432155,1000,468.483048
6224.591004,668,469.958635
891.619982,96,470.162984
312.854239,34,470.232311
5506.554986,591,471.597203
1742.979122,187,471.987961
9321.888962,1000,474.199076
1302.923721,140,474.482638
9324.253718,1000,476.719528
9318.910479,1000,478.913094
9319.741196,1000,481.133693
9321.891489,1000,483.320923
9321.298,1000,485.514426
9323.053198,1000,487.667197
9322.407874,1000,489.839361
481.814884,52,489.949972
9321.402892,1000,492.171323
9322.42706,1000,494.380573
147.287125,16,494.4183
3334.746286,358,495.166164
6942.239211,745,496.853549
1787.020618,192,497.248515
5580.304167,599,498.629109
5460.337875,586,499.824803
2551.891403,274,500.365604
5124.350687,550,501.617199
4181.703147,449,502.544007
2319.537386,249,503.215828
7810.821932,838,504.932563
9322.811932,1000,507.006857
128.223402,14,507.035281
9319.498062,1000,509.214945
5358.785555,575,510.478434
9325.350599,1000,512.666029
6083.431175,653,514.18598
3354.695993,360,514.933119
9323.640587,1000,517.096615
6979.234239,749,518.777943
9320.44653,1000,520.984688
9321.937434,1000,523.247177
9117.046819,978,525.258156
9321.36276,1000,527.426386
9321.324817,1000,529.625804
1945.956285,209,530.207326
7802.188774,837,531.904104
9322.571204,1000,534.105555
743.928702,80,534.421976
6290.365653,675,535.731774
8589.917132,922,537.800377
3940.340106,423,538.803036
9323.153427,1000,540.854739
6645.163767,713,542.442746
9323.117288,1000,544.658936
9319.576234,1000,546.832075
9320.541543,1000,549.036838
9321.38549,1000,551.190183
9318.851251,1000,553.332213
9317.072858,1000,555.487022
967.035991,104,555.692596
9319.39035,1000,557.857873
9319.793782,1000,560.081095
9319.914631,1000,562.314139
9318.747925,1000,564.524842
4248.603458,456,565.486658
3752.885612,403,566.448635
9318.884081,1000,568.610543
9314.410254,1000,570.764124
9320.142402,1000,572.932132
9319.940604,1000,575.167448
9318.520982,1000,577.437613
9319.716789,1000,579.632334
9318.020668,1000,581.816572
9318.338758,1000,584.02738
9318.056038,1000,586.237994
9318.304637,1000,588.463584
9318.165921,1000,590.647248
9320.025689,1000,592.863453
9319.260068,1000,595.072134
7994.53589,858,596.813769
2766.25976,297,597.542375
3922.711835,421,598.391224
9319.501232,1000,600.583803
9317.021653,1000,602.7992
9318.398892,1000,605.02216
5340.734591,573,606.368292
9318.620575,1000,608.559626
5673.187302,609,609.800832
9317.881102,1000,612.00375
9318.392009,1000,614.215252
1332.068906,143,614.510749
6374.933573,684,616.050952
5786.350958,621,617.426059
1116.208807,120,617.661744
9243.389414,992,619.818455
9316.27149,1000,621.97721
9318.788383,1000,624.193287
3182.739866,342,624.934839
7061.709986,758,626.726948
2541.587421,273,627.300348
7395.913135,794,629.084499
9319.829809,1000,631.308212
147.031283,16,631.342007
9318.590743,1000,633.541679
9318.630993,1000,635.72393
9319.731761,1000,637.907577
1964.448677,211,638.355583
3819.230033,410,639.20879
2040.318952,219,639.652105
4677.016817,502,640.862703
9318.696262,1000,643.023606
9318.188624,1000,645.190484
9318.13027,1000,647.403774
9320.87217,1000,649.593683
658.870742,71,649.733508
9318.678524,1000,651.896912
9317.834135,1000,654.114843
9321.897703,1000,656.312571
9322.257511,1000,658.52002
9320.300704,1000,660.747335
9318.927077,1000,662.958354
9318.199192,1000,665.133971
919.527166,99,665.352797
8049.607873,864,667.269887
9319.512596,1000,669.45527
6472.0705,695,670.911836
2197.443797,236,671.549512
5392.644438,579,672.736972
4918.748373,528,673.968784
2244.302389,241,674.463732
873.392217,94,674.664846
9317.252433,1000,676.841804
9321.314767,1000,679.070984
314.595756,34,679.140364
9321.336396,1000,681.388333
9319.153452,1000,683.581074
9011.156604,967,685.692454
9320.756879,1000,687.840353
9322.078604,1000,690.03675
9318.254326,1000,692.21823
6940.458905,745,693.870927
6522.048039,700,695.296262
9319.036235,1000,697.527589
285.783644,31,697.592364
863.584629,93,697.779964
268.999181,29,697.841904
2867.688958,308,698.622169
1478.560767,159,698.951886
8815.260928,946,701.029464
9319.855699,1000,703.205636
9319.061726,1000,705.379588
9320.785304,1000,707.613272
9320.526361,1000,709.848002
6529.393325,701,711.259204
9319.69406,1000,713.45681
2821.129815,303,714.229086
2560.49194,275,714.785616
3696.956131,397,715.57381
9323.229391,1000,717.731377
9320.627133,1000,719.97429
4005.911846,430,721.008288
174.064929,19,721.047028
1247.37288,134,721.323002
9321.639571,1000,723.48373
7331.451518,787,725.057789
9320.532602,1000,727.223092
9323.418199,1000,729.391214
7407.047422,795,731.198019
9320.32358,1000,733.44119
9320.130916,1000,735.603407
9319.905024,1000,737.759007
9320.66767,1000,739.980693
9322.010515,1000,742.209353
3164.542328,340,742.908935
9322.541786,1000,745.052681
1154.723168,124,745.47947
3408.785691,366,746.232278
4649.40201,499,747.283814
268.749858,29,747.341493
9320.731893,1000,749.518675
3397.970159,365,750.407015
9321.536705,1000,752.599554
9319.756448,1000,754.798465
9318.855747,1000,756.967628
9319.690608,1000,759.174395
9318.839735,1000,761.343331
9319.062965,1000,763.506034
9317.902154,1000,765.712744
4144.635925,445,766.62965
9319.601529,1000,768.79111
9316.829755,1000,770.916016
9317.952094,1000,773.106654
9313.264851,1000,775.314275
9317.788854,1000,777.525442
9318.565793,1000,779.770438
230.514592,25,779.8257
9318.952805,1000,781.971896
9318.460025,1000,784.239889
9319.336639,1000,786.429384
9317.634653,1000,788.722054
9318.79539,1000,790.917993
9318.245345,1000,793.226316
9320.407939,1000,795.427831
9206.427091,988,797.569157
9317.974024,1000,799.830089
9317.430683,1000,802.009519
9316.455665,1000,804.225821
8067.050695,866,806.036244
3120.596239,335,806.87822
9320.869426,1000,808.908911
4359.516423,468,809.812604
2356.375786,253,810.328351
9319.446035,1000,812.525801
9318.99596,1000,814.700104
9319.663336,1000,816.862861
9317.844301,1000,819.047506
9317.572076,1000,821.236682
2924.627586,314,821.993119
6243.633052,670,823.374801
2337.725689,251,824.026271
8749.859346,939,825.955736
9319.856344,1000,828.14728
1936.849495,208,828.741036
2541.471977,273,829.321122
9318.123702,1000,831.548429
9318.773896,1000,833.782507
9316.184444,1000,836.012866
9317.751612,1000,838.204992
9320.351418,1000,840.456046
9319.671605,1000,842.666905
9318.159808,1000,844.825023
6129.396679,658,846.1145
4124.7902,443,847.15912
9317.452323,1000,849.359092
7538.920758,809,851.153549
1330.736563,143,851.460151
4198.460496,451,852.376653
295.799805,32,852.442986
9317.702328,1000,854.63858
9173.558997,985,856.787127
3491.922468,375,857.713485
846.528556,91,857.898568
9281.006421,996,860.085853
9320.921359,1000,862.264613
9317.536007,1000,864.447646
4145.890866,445,865.355513
9318.023425,1000,867.565467
1470.089165,158,867.890931
1415.680831,152,868.206144
9320.064055,1000,870.42036
9318.045397,1000,872.557262
9319.261794,1000,874.714838
9316.965167,1000,876.908963
9318.326789,1000,879.066013
9318.217605,1000,881.240448
9317.389058,1000,883.485657
9319.452147,1000,885.747792
4162.998943,447,886.807577
3521.352819,378,887.593039
9319.849602,1000,889.794728
9317.604368,1000,892.019707
9319.705544,1000,894.23415
9319.215835,1000,896.389123
6594.574658,708,897.757274
9318.000104,1000,899.863444
9320.93002,1000,901.94562
7667.78509,823,903.704776
9319.709701,1000,905.777405
613.775332,66,905.881518
1627.078709,175,906.190968
9319.146931,1000,908.388963
9321.648956,1000,910.580703
9320.435714,1000,912.785389
9318.831286,1000,914.961142
9319.991309,1000,917.03069
9320.67292,1000,919.213812
296.7654,32,919.280474
5605.798922,602,920.653295
7947.856518,853,922.57868
9319.668206,1000,924.758311
241.264283,26,924.814886
9323.507206,1000,926.981409
9319.85216,1000,929.189186
9319.954584,1000,931.402412
3046.446238,327,932.080657
9321.500389,1000,934.282596
4473.417098,480,935.270447
9320.688431,1000,937.500493
9321.668219,1000,939.72132
352.375683,38,939.808585
9322.24903,1000,942.035813
9321.046747,1000,944.203727
9321.230895,1000,946.448367
9321.21957,1000,948.637981
9322.69139,1000,950.810575
1927.415682,207,951.385777
9319.698126,1000,953.417303
9322.311845,1000,955.640609
1619.830436,174,956.092849
4034.851287,433,956.983836
9321.170472,1000,959.205678
9321.66862,1000,961.379291
9320.028941,1000,963.510039
9322.233617,1000,965.671328
9321.87797,1000,967.78404
9321.563423,1000,969.917379
3353.57394,360,970.647594
6700.795184,719,972.223254
9321.176635,1000,974.414499
9323.703288,1000,976.536156
9322.895764,1000,978.669143
9322.563319,1000,980.841558
9323.185619,1000,982.9708
9321.460833,1000,985.16081
9323.061292,1000,987.319577
3318.063543,356,988.030989
5491.057751,589,989.337934
9323.679311,1000,991.462737
6373.728356,684,992.817877
7558.307549,811,994.565001
6506.103298,698,996.115569
9321.807321,1000,998.283577
9321.489383,1000,1000.43941
9322.389086,1000,1002.612443
9323.921097,1000,1004.76333
9324.897829,1000,1006.901035
9325.444726,1000,1009.082164
9323.687508,1000,1011.30348
9324.532833,1000,1013.477081
586.837983,63,1013.605044
9324.619967,1000,1015.80881
9326.840472,1000,1017.982287
9326.374005,1000,1020.151111
9322.689627,1000,1022.350744
9325.899262,1000,1024.554822
9325.098994,1000,1026.69839
9325.389184,1000,1028.85557
9326.667033,1000,1031.093964
9326.238006,1000,1033.301875
8189.72903,878,1035.071251
9326.071499,1000,1037.299964
9326.890593,1000,1039.468247
9325.865304,1000,1041.619052
9323.906803,1000,1043.904264
9324.091961,1000,1046.117062
9324.981514,1000,1048.253065
9326.109277,1000,1050.387286
9324.142889,1000,1052.540668
9322.144033,1000,1054.692694
9324.891096,1000,1056.911678
9325.285511,1000,1059.112806
9323.248573,1000,1061.310368
492.994613,53,1061.421066
1769.276175,190,1061.838955
9320.303027,1000,1064.043024
9325.591276,1000,1066.276723
9329.583318,1000,1068.476988
9325.796824,1000,1070.655817
7592.25585,814,1072.476907
9321.981596,1000,1074.69447
9324.400093,1000,1076.884565
9327.728889,1000,1079.07636
9322.121043,1000,1081.292849
9327.366064,1000,1083.461964
9322.577874,1000,1085.636082
9327.552609,1000,1087.774151
9322.565851,1000,1089.956089
9323.80487,1000,1092.123969
9323.305968,1000,1094.302881
9317.94747,1000,1096.451154
9322.315272,1000,1098.59893
9320.685095,1000,1100.790906
9322.993128,1000,1102.975861
9321.052701,1000,1105.154262
9322.901984,1000,1107.229755
3990.576121,428,1107.962445
9326.243856,1000,1110.018663
9323.734829,1000,1112.191593
9027.461428,969,1114.325107
9323.1394,1000,1116.418253
9321.992641,1000,1118.662391
9246.615468,992,1120.859823
9323.719014,1000,1123.04794
3037.361788,326,1123.695787
9321.295158,1000,1125.860208
9322.532938,1000,1128.042323
2963.142821,318,1128.683149
9323.354011,1000,1130.868428
9321.751674,1000,1133.041007
9322.4067,1000,1135.233993
9318.588921,1000,1137.404717
9322.985421,1000,1139.593817
9321.688544,1000,1141.769891
9321.887492,1000,1143.971426
2719.869087,292,1144.716277
9322.605863,1000,1146.889894
9323.632317,1000,1149.138524
9319.755017,1000,1151.363363
6010.380652,645,1152.705884
3140.61157,337,1153.406799
6988.06306,750,1155.113858
1861.271989,200,1155.521068
5992.064512,643,1157.000351
9324.944507,1000,1159.178293
7298.70215,783,1160.956696
8070.314078,866,1162.83756
9325.299261,1000,1165.037833
9325.469988,1000,1167.235359
6010.987156,645,1168.556404
9322.200648,1000,1170.765201
9325.590823,1000,1172.964473
9323.117254,1000,1175.118342
8723.490222,936,1177.200823
9320.761892,1000,1179.387102
9321.213316,1000,1181.599682
9320.702784,1000,1183.822715
6745.317805,724,1185.468866
9319.828472,1000,1187.681501
9316.593108,1000,1189.884814
9216.107941,989,1192.108841
6994.876318,751,1193.650768
9320.6283,1000,1195.79949
9317.695433,1000,1197.949512
4201.866645,451,1199.084067
9319.685996,1000,1201.379172
9320.066728,1000,1203.560996
9319.103605,1000,1205.649237
3539.860997,380,1206.401551
9321.907597,1000,1208.559104
8989.391945,965,1210.658721
5208.842014,559,1211.782927
9318.753159,1000,1213.99354
6922.718919,743,1215.693683
9320.080391,1000,1217.868064
3828.452219,411,1218.898926
9319.788157,1000,1221.060086
6799.394341,730,1222.505444
9320.376616,1000,1224.697409
2364.486552,254,1225.25165
2775.187579,298,1225.979342
2803.078777,301,1226.599679
9321.990609,1000,1228.799163
9318.28988,1000,1231.006667
324.237052,35,1231.080121
110.445682,12,1231.106417
9319.551461,1000,1233.249122
4145.330543,445,1234.13983
1783.660988,192,1234.65575
3537.818054,380,1235.439717
9321.836474,1000,1237.565021
9322.416131,1000,1239.715754
584.96193,63,1239.84496
286.876477,31,1239.913373
9321.04275,1000,1242.109585
8378.605007,899,1244.069108
9321.114689,1000,1246.275177
435.900775,47,1246.36998
9321.594912,1000,1248.531328
9320.989159,1000,1250.68054
9321.730613,1000,1252.825385
4594.185244,493,1253.821059
9322.01936,1000,1255.988531
4240.433513,455,1257.037704
2271.592948,244,1257.527805
9321.35434,1000,1259.752373
492.448861,53,1259.86113
5459.550143,586,1261.191516
8965.250504,962,1263.312747
9319.575318,1000,1265.505388
9320.197899,1000,1267.690973
4824.891355,518,1268.722513
3381.331175,363,1269.471144
9320.264919,1000,1271.631876
614.491755,66,1271.73652
9321.794429,1000,1273.916753
9320.4014,1000,1276.072495
9322.112334,1000,1278.241384
1350.56015,145,1278.542808
4565.303434,490,1279.700221
5208.192761,559,1280.980663
9322.077229,1000,1283.088548
9323.630682,1000,1285.29263
9320.021329,1000,1287.444207
1106.758559,119,1287.855925
9320.364009,1000,1290.018022
314.769655,34,1290.086037
9322.888284,1000,1292.306576
2952.905136,317,1292.937217
1807.365251,194,1293.344826
8954.228081,961,1295.444029
9322.082541,1000,1297.643743
9320.679463,1000,1299.836001
4109.693282,441,1300.73261
9322.366613,1000,1302.96183
9319.114172,1000,1305.157395
3400.8105,365,1306.04171
9321.886636,1000,1308.177804
9322.741443,1000,1310.364877
1695.588579,182,1310.748998
4090.311857,439,1311.62502
9321.794389,1000,1313.870743
445.836032,48,1313.974756
7316.15852,785,1315.709999
9320.85779,1000,1317.897481
2841.75685,305,1318.525744
2805.194262,301,1319.306252
212.03995,23,1319.356341
156.248318,17,1319.393163
9319.181818,1000,1321.547065
1890.577221,203,1321.949229
7157.445417,768,1323.689117
9321.882438,1000,1326.016523
5841.398057,627,1327.333544
6819.564353,732,1329.011959
9323.059759,1000,1331.293968
6435.492437,691,1332.807631
7546.925381,810,1334.455926
5709.204981,613,1335.892192
1908.470258,205,1336.309073
9322.047601,1000,1338.497621
1981.618881,213,1338.924075
1210.338815,130,1339.184733
9324.049766,1000,1341.420003
576.810358,62,1341.55004
6972.670513,748,1343.235279
9325.291561,1000,1345.380223
2777.683536,298,1345.980634
9324.559255,1000,1348.198974
9323.793907,1000,1350.373736
9325.904074,1000,1352.574163
9324.477766,1000,1354.804535
9323.834105,1000,1356.949452
9328.679999,1000,1359.100734
3253.036002,349,1359.964366
9325.959152,1000,1362.108362
9326.340097,1000,1364.303171
9327.297647,1000,1366.497692
9327.631997,1000,1368.713418
9325.701311,1000,1370.888484
6275.822621,673,1372.309187
1115.810287,120,1372.548156
9325.3101,1000,1374.748106
9325.887996,1000,1376.937496
4081.786266,438,1377.975151
259.136304,28,1378.034563
333.797857,36,1378.107972
6051.147104,649,1379.420608
371.059573,40,1379.503583
884.193406,95,1379.85534
6424.46783,689,1381.287384
287.042815,31,1381.352499
2299.982266,247,1381.859482
9327.00669,1000,1384.054047
995.094095,107,1384.429781
489.515947,53,1384.540279
9327.423243,1000,1386.736865
9325.083199,1000,1388.990081
9326.272785,1000,1391.22062
9324.668341,1000,1393.381048
9327.626266,1000,1395.430927
9326.403786,1000,1397.688319
9323.643614,1000,1399.913735
9328.303974,1000,1402.148387
9325.91361,1000,1404.372519
7607.693001,816,1406.160768
9327.776271,1000,1408.370925
4210.646532,452,1409.425016
9325.566526,1000,1411.605045
4426.40291,475,1412.567223
4415.922507,474,1413.66342
352.135938,38,1413.74178
9328.731274,1000,1415.894554
9324.982573,1000,1417.930634
1664.378846,179,1418.482829
9327.461081,1000,1420.758008
9327.187496,1000,1423.008343
9325.35187,1000,1425.32212
575.750998,62,1425.461077
6948.015839,745,1426.988347
3075.967624,330,1427.794706
9325.965395,1000,1429.959326
9326.53536,1000,1432.224652
9326.90841,1000,1434.421548
602.092598,65,1434.566986
501.835095,54,1434.688422
9326.647945,1000,1436.7469
602.493145,65,1436.881999
9327.541131,1000,1439.075686
5863.311264,629,1440.397823
9326.133722,1000,1442.544119
7011.266435,752,1444.228819
9325.207773,1000,1446.387423
9328.044911,1000,1448.581792
9327.72365,1000,1450.767088
2644.763554,284,1451.357107
9326.748803,1000,1453.510741
2710.962301,291,1454.271996
9326.629646,1000,1456.454387
9323.634315,1000,1458.6502
9325.235998,1000,1460.671645
9326.10989,1000,1462.881127
222.263808,24,1462.931686
9325.199652,1000,1465.133141
3270.743101,351,1466.02276
5928.236454,636,1467.337355
9327.026277,1000,1469.52646
9324.959121,1000,1471.722972
2439.362366,262,1472.419133
7530.886495,808,1474.044666
1649.252136,177,1474.544265
4482.821412,481,1475.516656
2123.212645,228,1475.979567
9324.503694,1000,1478.147528
9326.589526,1000,1480.292311
9324.319501,1000,1482.430242
1218.767757,131,1482.679932
9325.16833,1000,1484.801798
2020.84106,217,1485.363458
8204.323459,880,1487.091707
9327.428123,1000,1489.246083
9327.426922,1000,1491.456116
910.832654,98,1491.659882
9326.003746,1000,1493.855669
4782.176987,513,1495.047633
9325.838593,1000,1497.21906
4520.817164,485,1498.172143
9327.029903,1000,1500.308003
9327.22343,1000,1502.506299
1386.916851,149,1502.81793
3346.634331,359,1503.718842
6583.335152,706,1505.312447
9327.249378,1000,1507.345489
660.176825,71,1507.6479
9328.241785,1000,1509.858137
9327.392284,1000,1512.117587
4502.117283,483,1513.114287
1910.042808,205,1513.534924
9325.929138,1000,1515.728426
9324.77226,1000,1517.859289
9328.39173,1000,1520.056781
9326.0734,1000,1522.265384
9328.20554,1000,1524.443846
9327.489482,1000,1526.642335
9327.962091,1000,1528.860959
9322.53257,1000,1531.063735
2692.681624,289,1531.639073
9327.003527,1000,1533.8344
9324.423691,1000,1536.025863
9326.246672,1000,1538.286835
9322.546672,1000,1540.525188
9326.664374,1000,1542.700788
9324.417373,1000,1544.882254
9325.976313,1000,1547.066382
5649.284775,606,1548.452368
9328.296666,1000,1550.638054
6134.310693,658,1551.98894
2356.354199,253,1552.663507
9328.477542,1000,1554.849602
9327.26662,1000,1557.071656
808.606943,87,1557.248949
6817.105297,731,1558.742209
9330.04286,1000,1560.958857
9328.405445,1000,1563.144785
7252.152665,778,1564.887718
220.324395,24,1564.937024
9328.232204,1000,1567.152923
9327.470587,1000,1569.38313
9148.587697,981,1571.58251
9326.900447,1000,1573.744402
9328.983441,1000,1575.929365
9330.244015,1000,1578.082051
9328.118937,1000,1580.223049
3458.941659,371,1580.946166
9330.431237,1000,1583.079041
9329.065586,1000,1585.191137
9329.653277,1000,1587.408035
9329.175045,1000,1589.549569
9329.474021,1000,1591.680826
2636.263101,283,1592.23391
5836.288276,626,1593.624196
9324.835966,1000,1595.762339
9325.400073,1000,1597.881591
1526.622668,164,1598.205976
1573.703064,169,1598.536684
9326.047122,1000,1600.645535
9327.937305,1000,1602.785539
9326.199996,1000,1605.005755
9327.845078,1000,1607.195467
8269.994868,887,1609.171723
6242.887218,670,1610.721368
556.314695,60,1610.847234
2998.87827,322,1611.518839
9328.217266,1000,1613.681561
9327.803481,1000,1615.863842
9325.670317,1000,1618.1426
3455.177481,371,1618.909406
6121.37851,657,1620.43434
9326.478501,1000,1622.576642
9327.792075,1000,1624.757585
556.967146,60,1624.878491
9325.103731,1000,1627.099689
9324.922635,1000,1629.297491
9328.355425,1000,1631.516108
9327.410749,1000,1633.721946
2774.100905,298,1634.345493
4351.011457,467,1635.467775
9327.446297,1000,1637.677461
3998.57288,429,1638.568871
9329.84563,1000,1640.790558
9329.140138,1000,1643.00743
9330.693031,1000,1645.192022
5127.479519,550,1646.444872
6087.125106,653,1647.772046
9331.807117,1000,1649.939559
4138.940644,444,1651.022016
199.292339,22,1651.072445
9335.108073,1000,1653.294819
9328.554833,1000,1655.483516
9334.837587,1000,1657.685059
9328.740662,1000,1659.86219
9328.110513,1000,1662.121961
9326.3558,1000,1664.111138
9325.710026,1000,1666.287107
9334.111006,1000,1668.488049
9328.928235,1000,1670.651585
378.657778,41,1670.737323
6303.457092,676,1672.254133
9185.131115,985,1674.373308
9326.765114,1000,1676.548791
9326.574419,1000,1678.760534
9330.390576,1000,1680.954114
9331.476918,1000,1683.179299
9330.384739,1000,1685.341848
9329.68885,1000,1687.460455
9329.254689,1000,1689.717351
9329.122051,1000,1691.906544
9330.406939,1000,1694.061739
9331.330085,1000,1696.226284
9331.785743,1000,1698.199174
9331.163105,1000,1700.384485
9330.824269,1000,1702.563126
408.012612,44,1702.660198
9328.790508,1000,1704.974574
9331.096753,1000,1707.236584
9331.827439,1000,1709.440502
9331.919656,1000,1711.63154
9328.940545,1000,1713.866661
9334.224933,1000,1715.962406
9330.069612,1000,1718.138094
6416.323352,688,1719.542588
9332.425866,1000,1721.719686
9331.87919,1000,1723.68408
9333.688575,1000,1725.543322
9336.123424,1000,1727.701825
9335.013822,1000,1729.911117
9337.606709,1000,1732.13473
1164.558686,125,1732.398783
9335.71015,1000,1734.630572
9335.011198,1000,1736.821394
9337.284757,1000,1739.026521
9331.175266,1000,1741.240388
920.257119,99,1741.439502
9338.429306,1000,1743.673463
9335.643501,1000,1745.911205
9338.158954,1000,1748.15119
9340.307654,1000,1750.383852
9337.130411,1000,1752.535519
9339.611661,1000,1754.731826
9336.806021,1000,1756.947935
9331.252977,1000,1759.141828
9338.969328,1000,1761.333778
2245.387985,241,1761.82385
9331.884948,1000,1764.008811
9336.986363,1000,1766.185382
240.382061,26,1766.246004
9336.69318,1000,1768.413226
7856.723213,842,1770.267218
1871.421691,201,1770.679383
1674.713625,180,1771.040927
9334.357264,1000,1773.219883
3293.036842,353,1774.105321
3411.387904,366,1774.843794
8706.702492,933,1776.9026
9334.00651,1000,1779.078662
2797.721369,300,1779.680827
9332.837827,1000,1781.851032
4537.579253,486,1782.992966
9335.560466,1000,1785.218026
678.264373,73,1785.369954
9342.46536,1000,1787.5762
9339.132162,1000,1789.776769
9340.13223,1000,1791.989138
9336.29685,1000,1794.210756
9338.876851,1000,1796.423604
9337.571006,1000,1798.586624
9335.287689,1000,1800.747572
9336.870366,1000,1802.916276
462.498811,50,1803.024359
9341.007229,1000,1805.19274
9280.813632,994,1807.382258
9333.572652,1000,1809.589096
9338.774984,1000,1811.756294
9336.263945,1000,1813.949287
2525.093759,271,1814.486532
9342.699454,1000,1816.722121
9339.189741,1000,1818.938943
9335.611555,1000,1821.134321
9339.27901,1000,1823.327601
9337.69612,1000,1825.50663
9341.849393,1000,1827.747515
9339.674768,1000,1829.957069
9336.092302,1000,1832.133146
9339.976349,1000,1834.367022
9337.50482,1000,1836.556277
8833.819293,946,1838.652818
6671.198602,715,1840.138575
462.617577,50,1840.244963
119.060116,13,1840.273255
9335.931585,1000,1842.465381
9336.773119,1000,1844.654228
6027.225866,646,1846.125212
9338.188242,1000,1848.330922
8474.649047,908,1850.419589
9337.985921,1000,1852.621971
9336.295093,1000,1854.887304
6337.117916,679,1856.298506
677.080183,73,1856.444045
9336.430259,1000,1858.62053
2843.962696,305,1859.407744
9336.758263,1000,1861.596244
9339.396012,1000,1863.795459
508.801752,55,1863.907917
2497.730237,268,1864.458364
9340.48874,1000,1866.612567
146.815185,16,1866.647851
9340.263228,1000,1868.75692
9337.844359,1000,1870.933997
361.350245,39,1871.012538
7467.223587,800,1872.809303
9338.313651,1000,1874.878243
9335.245608,1000,1877.031245
7487.226051,802,1878.650375
9339.54717,1000,1880.838337
6045.104311,648,1882.305586
9341.261499,1000,1884.498077
733.787526,79,1884.665781
9340.154849,1000,1886.87551
9340.353241,1000,1889.063249
9341.639869,1000,1891.213506
3793.745969,407,1892.038343
9340.959679,1000,1894.247071
8708.931446,933,1896.368186
9337.941496,1000,1898.54156
9341.828415,1000,1900.749254
9340.593131,1000,1902.943815
9341.173556,1000,1905.197792
9341.678096,1000,1907.399822
9344.127975,1000,1909.610772
7048.712598,755,1911.301191
8299.319517,889,1913.296952
9342.496579,1000,1915.533097
1434.709282,154,1915.863498
9342.343711,1000,1918.189445
5134.368368,550,1919.297671
9341.468087,1000,1921.453319
231.005573,25,1921.51207
9341.684669,1000,1923.688759
9343.270562,1000,1925.883636
6252.118905,670,1927.439002
647.876769,70,1927.582662
5525.936985,592,1928.935654
444.635919,48,1929.034347
2520.161523,270,1929.582461
175.021328,19,1929.62306
9339.829584,1000,1931.838415
8598.875761,921,1933.855619
9343.583062,1000,1936.012883
9339.420619,1000,1938.219135
8383.940841,898,1940.209625
9341.262315,1000,1942.454152
8159.097327,874,1944.35033
370.280335,40,1944.434896
5340.028032,572,1945.589069
9339.001843,1000,1947.739767
9340.308745,1000,1949.919684
193.545534,21,1949.964254
6851.975158,734,1951.654294
1481.08386,159,1951.983255
9339.08284,1000,1954.214221
4658.713444,499,1955.241805
9340.35417,1000,1957.442416
9337.24106,1000,1959.645826
9340.290262,1000,1961.837675
9339.832975,1000,1964.038978
9339.61433,1000,1966.145483
7773.522206,833,1967.986003
9341.155572,1000,1970.192501
3554.219438,381,1971.112247
538.160804,58,1971.226339
9340.394619,1000,1973.404771
7411.874174,794,1975.110337
9341.099603,1000,1977.322433
6699.320505,718,1978.944551
9332.871852,1000,1981.123313
520.535963,56,1981.250444
9339.952745,1000,1983.42535
9338.321669,1000,1985.597316
6225.186559,667,1987.105714
174.426091,19,1987.144882
9335.858585,1000,1989.341458
1861.596994,200,1989.744431
866.30703,93,1989.934052
9338.76678,1000,1992.083461
9339.952526,1000,1994.245701
7456.806006,799,1995.959094
9334.856919,1000,1998.0899
1519.125289,163,1998.424878
2312.554862,248,1998.916764
5365.394034,575,2000.185771
1403.843431,151,2000.482234
5898.956168,632,2001.739308
9339.567154,1000,2003.858101
6702.86398,718,2005.43097
9336.883775,1000,2007.599616
4862.138249,521,2008.807609
9335.97435,1000,2010.967632
9338.806739,1000,2012.986047
9341.869268,1000,2015.147452
605.115688,65,2015.439055
547.441023,59,2015.567162
9338.915102,1000,2017.777475
1875.572479,201,2018.180259
9339.715727,1000,2020.376714
529.603957,57,2020.495675
9339.396703,1000,2022.68502
2696.411179,289,2023.280937
2303.714617,247,2023.78941
8969.39712,961,2025.934622
643.080605,69,2026.080624
128.065694,14,2026.109525
5173.106941,554,2027.416887
6067.319433,650,2028.717433
4843.468742,519,2029.951136
1452.694418,156,2030.279337
9337.700284,1000,2032.494739
9338.870525,1000,2034.721703
147.115986,16,2034.755521
9342.660663,1000,2036.931495
9341.925464,1000,2039.079784
3571.790489,383,2039.85426
9342.319907,1000,2042.034888
9344.725664,1000,2044.222603
249.101138,27,2044.276802
9344.265959,1000,2046.451144
1080.099877,116,2046.815614
9345.004176,1000,2048.849169
9342.879239,1000,2051.078892
9345.332547,1000,2053.331183
9343.371144,1000,2055.504483
9342.649033,1000,2057.704991
9340.414039,1000,2060.002463
9343.947075,1000,2062.218071
119.134594,13,2062.245445
165.646441,18,2062.282161
9341.478181,1000,2064.429231
9341.78936,1000,2066.540759
9347.175465,1000,2068.734415
5041.086574,540,2069.983875
3002.507701,322,2070.621935
9343.918654,1000,2072.805508
8040.653704,861,2074.690365
5109.772525,547,2075.776678
9341.749628,1000,2077.959313
9346.181759,1000,2080.145642
9343.99987,1000,2082.256717
1807.875861,194,2082.820788
809.323593,87,2082.994331
9347.168179,1000,2085.175003
9342.3536,1000,2087.288187
9342.991666,1000,2089.463383
9344.767027,1000,2091.67219
9342.408697,1000,2093.841114
276.007332,30,2093.901424
6222.063084,666,2095.24621
9344.922072,1000,2097.425038
9345.076717,1000,2099.573802
9346.089655,1000,2101.650116
9347.117506,1000,2103.804595
9346.64594,1000,2105.90284
175.198679,19,2105.932701
9344.866325,1000,2108.01629
73.384175,8,2108.033506
9347.699751,1000,2110.219557
9345.195177,1000,2112.369122
323.779319,35,2112.443976
9344.733166,1000,2114.614959
9345.260325,1000,2116.781285
9346.799148,1000,2118.942688
9341.010628,1000,2121.141549
9341.36941,1000,2123.349033
892.794729,96,2123.545158
9345.608565,1000,2125.682278
287.240798,31,2125.744085
5733.727778,614,2127.124281
9342.533882,1000,2129.307464
9343.184651,1000,2131.535506
9343.65118,1000,2133.791973
9344.640337,1000,2135.956943
9348.795892,1000,2138.096972
4538.051041,486,2139.049964
9342.127127,1000,2141.119793
9345.148719,1000,2143.107269
9345.098175,1000,2145.323685
9348.6907,1000,2147.536456
9345.189919,1000,2149.727568
8384.620482,898,2151.657641
9345.61029,1000,2153.778319
9347.05619,1000,2155.915711
5939.152131,636,2157.192782
9346.027072,1000,2159.420165
183.565207,20,2159.463371
109.406492,12,2159.489748
9344.091029,1000,2161.619683
9345.709382,1000,2163.785769
9345.842827,1000,2165.927965
9346.178084,1000,2168.118856
9349.659919,1000,2170.290499
6544.689413,701,2171.875473
101.122978,11,2171.898498
1182.996448,127,2172.15357
146.503779,16,2172.186462
3490.487959,374,2172.936618
9341.399149,1000,2175.072631
9348.310726,1000,2177.276007
9345.393899,1000,2179.462239
211.79975,23,2179.511381
5377.961515,576,2180.836014
453.611084,49,2180.935755
9345.899543,1000,2183.155572
9347.582514,1000,2185.316232
9345.325951,1000,2187.394378
9344.932488,1000,2189.630131
