# {"t_start": 1619422595.4469855, "env_id": "InvertedPendulum-v2"} 
r,l,t
8.0,8,1.119796
4.0,4,1.129174
13.0,13,1.157355
7.0,7,1.173151
7.0,7,1.188968
9.0,9,1.209089
10.0,10,1.231291
23.0,23,1.281859
8.0,8,1.298414
8.0,8,1.314858
9.0,9,1.333214
7.0,7,1.347514
18.0,18,1.384074
5.0,5,1.394647
8.0,8,1.410911
5.0,5,1.421403
12.0,12,1.445656
19.0,19,1.482814
15.0,15,1.513135
6.0,6,1.525798
5.0,5,1.536634
10.0,10,1.558644
7.0,7,1.57437
6.0,6,1.587969
13.0,13,1.616331
8.0,8,1.634137
6.0,6,1.647743
6.0,6,1.66137
12.0,12,1.687589
4.0,4,1.697011
6.0,6,1.710636
5.0,5,1.722154
6.0,6,1.735726
4.0,4,1.745159
6.0,6,1.758747
8.0,8,1.77654
9.0,9,1.796664
11.0,11,1.820789
10.0,10,1.842778
5.0,5,1.854224
8.0,8,1.871973
10.0,10,1.894472
3.0,3,1.901844
5.0,5,1.913402
4.0,4,1.922816
6.0,6,1.936408
6.0,6,1.950022
5.0,5,1.961569
8.0,8,1.979406
9.0,9,1.999329
4.0,4,2.008728
26.0,26,2.06445
8.0,8,2.082339
8.0,8,2.100239
5.0,5,2.112185
4.0,4,2.121644
12.0,12,2.148196
8.0,8,2.166178
7.0,7,2.181773
12.0,12,2.205735
9.0,9,2.225703
4.0,4,2.235104
10.0,10,2.257208
3.0,3,2.264538
5.0,5,2.276045
12.0,12,2.302329
8.0,8,2.320187
7.0,7,2.335938
10.0,10,2.358005
9.0,9,2.377983
8.0,8,2.395822
4.0,4,2.405268
5.0,5,2.416806
5.0,5,2.428346
5.0,5,2.439926
7.0,7,2.455752
22.0,22,2.503515
19.0,19,2.544702
7.0,7,2.560456
11.0,11,2.584586
12.0,12,2.61082
10.0,10,2.632903
9.0,9,2.652981
7.0,7,2.668725
9.0,9,2.688695
8.0,8,2.706645
4.0,4,2.716607
3.0,3,2.724027
7.0,7,2.739702
4.0,4,2.749132
13.0,13,2.777491
9.0,9,2.797562
16.0,16,2.832038
4.0,4,2.841396
8.0,8,2.859155
10.0,10,2.881694
7.0,7,2.896287
6.0,6,2.908843
10.0,10,2.930165
12.0,12,2.954049
5.0,5,2.964549
12.0,12,2.988247
5.0,5,2.999353
14.0,14,3.026883
4.0,4,3.035555
13.0,13,3.062433
6.0,6,3.074953
11.0,11,3.096257
8.0,8,3.113464
5.0,5,3.123876
16.0,16,3.15565
6.0,6,3.168013
5.0,5,3.178487
7.0,7,3.192933
13.0,13,3.219049
4.0,4,3.227192
10.0,10,3.248467
8.0,8,3.264769
7.0,7,3.280152
24.0,24,3.582935
11.0,11,3.604389
8.0,8,3.624149
18.0,18,3.657823
7.0,7,3.671652
9.0,9,3.688919
17.0,17,3.720523
7.0,7,3.734136
9.0,9,3.751236
8.0,8,3.766593
8.0,8,3.783789
4.0,4,3.792727
6.0,6,3.805169
5.0,5,3.815511
3.0,3,3.822201
5.0,5,3.832653
6.0,6,3.845045
4.0,4,3.853609
14.0,14,3.88228
5.0,5,3.893247
7.0,7,3.907798
6.0,6,3.920802
5.0,5,3.932782
4.0,4,3.942053
4.0,4,3.950408
5.0,5,3.960582
5.0,5,3.970876
8.0,8,3.9864
4.0,4,3.994607
4.0,4,4.003021
6.0,6,4.014988
11.0,11,4.036075
8.0,8,4.052034
4.0,4,4.060334
6.0,6,4.072101
9.0,9,4.09043
12.0,12,4.115169
4.0,4,4.123842
4.0,4,4.132424
4.0,4,4.141017
5.0,5,4.15153
3.0,3,4.158209
5.0,5,4.168703
8.0,8,4.184885
8.0,8,4.201212
23.0,23,4.24591
3.0,3,4.252555
14.0,14,4.280268
4.0,4,4.288802
23.0,23,4.333753
7.0,7,4.348149
22.0,22,4.391124
17.0,17,4.424525
10.0,10,4.44465
9.0,9,4.463507
14.0,14,4.491903
5.0,5,4.502816
8.0,8,4.519799
7.0,7,4.534456
8.0,8,4.550793
15.0,15,4.580476
14.0,14,4.609329
23.0,23,4.653999
19.0,19,4.69103
22.0,22,4.734153
4.0,4,4.742997
10.0,10,4.763106
5.0,5,4.773696
21.0,21,4.815508
7.0,7,4.829866
13.0,13,4.855894
4.0,4,4.864559
11.0,11,4.886623
5.0,5,4.897309
6.0,6,4.909683
35.0,35,4.97912
8.0,8,4.99555
9.0,9,5.016814
4.0,4,5.0253
6.0,6,5.037688
4.0,4,5.047228
10.0,10,5.067731
6.0,6,5.079979
12.0,12,5.102992
17.0,17,5.137077
9.0,9,5.154274
15.0,15,5.182359
5.0,5,5.19231
8.0,8,5.208993
5.0,5,5.220618
4.0,4,5.228853
8.0,8,5.244535
5.0,5,5.254576
18.0,18,5.289636
8.0,8,5.307525
17.0,17,5.344334
10.0,10,5.36495
12.0,12,5.388742
5.0,5,5.399301
19.0,19,5.439106
6.0,6,5.45277
20.0,20,5.495862
14.0,14,5.526407
8.0,8,5.544278
7.0,7,5.560033
12.0,12,5.586282
18.0,18,5.625202
8.0,8,5.643055
5.0,5,5.654606
10.0,10,5.801147
27.0,27,5.86252
7.0,7,5.877817
9.0,9,5.896693
20.0,20,5.940015
20.0,20,5.983209
16.0,16,6.017972
4.0,4,6.027413
6.0,6,6.041085
9.0,9,6.06111
18.0,18,6.100058
23.0,23,6.149603
4.0,4,6.158162
9.0,9,6.177048
4.0,4,6.186963
12.0,12,6.211359
5.0,5,6.222991
14.0,14,6.253522
37.0,37,6.332007
7.0,7,6.346259
8.0,8,6.362305
7.0,7,6.376488
4.0,4,6.38496
3.0,3,6.391525
4.0,4,6.400617
6.0,6,6.413577
9.0,9,6.430773
19.0,19,6.467289
7.0,7,6.482896
8.0,8,6.499284
16.0,16,6.53192
30.0,30,6.591749
12.0,12,6.617579
12.0,12,6.642523
10.0,10,6.662769
26.0,26,6.712244
5.0,5,6.722403
10.0,10,6.742
7.0,7,6.755971
7.0,7,6.770107
23.0,23,6.814888
7.0,7,6.828962
6.0,6,6.841272
7.0,7,6.855323
16.0,16,6.886435
13.0,13,6.912713
9.0,9,6.931221
4.0,4,6.939762
16.0,16,6.971055
4.0,4,6.979558
12.0,12,7.003309
5.0,5,7.013721
6.0,6,7.025913
15.0,15,7.056224
23.0,23,7.102404
10.0,10,7.12288
6.0,6,7.135459
6.0,6,7.147812
19.0,19,7.185796
8.0,8,7.202085
6.0,6,7.214503
9.0,9,7.232658
18.0,18,7.267953
11.0,11,7.289926
11.0,11,7.31198
8.0,8,7.328237
19.0,19,7.365787
11.0,11,7.387909
6.0,6,7.400283
9.0,9,7.418518
10.0,10,7.438634
15.0,15,7.468438
8.0,8,7.484688
34.0,34,7.551311
14.0,14,7.578783
4.0,4,7.587315
4.0,4,7.595872
5.0,5,7.60624
6.0,6,7.6197
11.0,11,7.641559
26.0,26,7.691524
20.0,20,7.73034
5.0,5,7.740649
32.0,32,7.802598
7.0,7,7.817877
29.0,29,7.875883
20.0,20,8.064971
7.0,7,8.08055
4.0,4,8.089174
19.0,19,8.126328
9.0,9,8.144145
36.0,36,8.214256
28.0,28,8.269898
19.0,19,8.307225
9.0,9,8.325486
43.0,43,8.409727
8.0,8,8.426016
8.0,8,8.442364
20.0,20,8.481504
36.0,36,8.555475
11.0,11,8.577604
25.0,25,8.626544
4.0,4,8.635942
11.0,11,8.658728
13.0,13,8.684689
5.0,5,8.695302
8.0,8,8.711658
22.0,22,8.755483
6.0,6,8.768413
12.0,12,8.793523
34.0,34,8.862307
12.0,12,8.887268
7.0,7,8.901592
4.0,4,8.910266
21.0,21,8.953268
12.0,12,8.977102
3.0,3,8.983734
11.0,11,9.005701
29.0,29,9.064683
6.0,6,9.077161
5.0,5,9.087559
23.0,23,9.132974
4.0,4,9.141462
37.0,37,9.216351
7.0,7,9.231011
21.0,21,9.273143
14.0,14,9.301342
22.0,22,9.34579
5.0,5,9.356383
22.0,22,9.400265
5.0,5,9.411007
20.0,20,9.452236
22.0,22,9.495404
7.0,7,9.50973
26.0,26,9.562309
17.0,17,9.596025
46.0,46,9.685896
8.0,8,9.702404
15.0,15,9.733425
13.0,13,9.759989
28.0,28,9.816803
13.0,13,9.843117
14.0,14,9.871607
10.0,10,9.892102
27.0,27,9.944175
28.0,28,9.99737
13.0,13,10.022752
10.0,10,10.042427
7.0,7,10.05665
4.0,4,10.066361
15.0,15,10.097761
62.0,62,10.370239
19.0,19,10.408198
10.0,10,10.428799
49.0,49,10.524581
27.0,27,10.57823
15.0,15,10.608488
36.0,36,10.679021
29.0,29,10.735915
11.0,11,10.758337
19.0,19,10.79593
20.0,20,10.835125
11.0,11,10.856597
14.0,14,10.883646
36.0,36,10.954164
30.0,30,11.011737
21.0,21,11.052453
24.0,24,11.100506
9.0,9,11.118497
10.0,10,11.1384
32.0,32,11.202158
35.0,35,11.270718
18.0,18,11.306416
5.0,5,11.316948
4.0,4,11.325609
5.0,5,11.336158
33.0,33,11.400253
23.0,23,11.44485
5.0,5,11.45541
26.0,26,11.50603
13.0,13,11.532391
7.0,7,11.546568
25.0,25,11.595312
12.0,12,11.619082
28.0,28,11.67528
5.0,5,11.685896
15.0,15,11.716441
7.0,7,11.730808
16.0,16,11.762279
38.0,38,11.837166
52.0,52,11.938585
18.0,18,11.973653
18.0,18,12.008657
24.0,24,12.055224
21.0,21,12.095956
42.0,42,12.182654
13.0,13,12.208517
11.0,11,12.231594
5.0,5,12.242112
25.0,25,12.421165
10.0,10,12.442987
10.0,10,12.462811
14.0,14,12.489874
62.0,62,12.610329
24.0,24,12.659105
18.0,18,12.695493
91.0,91,12.873702
34.0,34,12.943363
88.0,88,13.117499
63.0,63,13.239514
48.0,48,13.332318
37.0,37,13.408281
69.0,69,13.558124
21.0,21,13.599352
14.0,14,13.626331
11.0,11,13.6477
80.0,80,13.804128
6.0,6,13.816152
29.0,29,13.872135
73.0,73,14.013456
26.0,26,14.066988
43.0,43,14.154254
39.0,39,14.231648
26.0,26,14.283471
19.0,19,14.322465
35.0,35,14.392781
34.0,34,14.603607
66.0,66,14.735573
59.0,59,14.847885
73.0,73,14.985773
3.0,3,14.99227
111.0,111,15.210677
74.0,74,15.353231
59.0,59,15.465879
33.0,33,15.527266
86.0,86,15.688697
30.0,30,15.746717
78.0,78,15.89837
49.0,49,15.993508
59.0,59,16.107422
148.0,148,16.392457
100.0,100,16.736582
180.0,180,17.085047
32.0,32,17.146594
50.0,50,17.244146
42.0,42,17.326403
43.0,43,17.408566
61.0,61,17.526074
58.0,58,17.643169
72.0,72,17.784935
127.0,127,18.040577
147.0,147,18.332544
77.0,77,18.485077
127.0,127,18.895108
279.0,279,19.448643
112.0,112,19.668259
96.0,96,19.854837
191.0,191,20.228206
91.0,91,20.410585
153.0,153,20.716982
199.0,199,21.264771
194.0,194,21.663847
168.0,168,21.999892
119.0,119,22.227746
216.0,216,22.638485
1000.0,1000,24.779531
1000.0,1000,26.884909
1000.0,1000,28.98104
1000.0,1000,31.065323
1000.0,1000,33.114921
1000.0,1000,35.221115
1000.0,1000,37.306936
1000.0,1000,39.408773
1000.0,1000,41.56294
1000.0,1000,43.69273
1000.0,1000,45.838354
1000.0,1000,48.000845
1000.0,1000,50.136045
1000.0,1000,52.242266
1000.0,1000,54.388251
1000.0,1000,56.453421
1000.0,1000,58.592473
1000.0,1000,60.691056
1000.0,1000,62.74935
1000.0,1000,64.820501
1000.0,1000,66.886549
1000.0,1000,68.962826
1000.0,1000,71.046249
1000.0,1000,73.218113
1000.0,1000,75.286027
1000.0,1000,77.36877
1000.0,1000,79.491249
1000.0,1000,81.633257
1000.0,1000,83.744975
993.0,993,85.794296
1000.0,1000,87.895102
1000.0,1000,89.998008
1000.0,1000,91.968898
1000.0,1000,93.991313
1000.0,1000,96.025491
1000.0,1000,98.13356
1000.0,1000,100.175632
1000.0,1000,102.23927
1000.0,1000,104.409255
1000.0,1000,106.504143
1000.0,1000,108.579089
1000.0,1000,110.643389
380.0,380,111.514556
1000.0,1000,113.629058
1000.0,1000,115.783442
1000.0,1000,117.901774
1000.0,1000,120.067991
1000.0,1000,122.198818
1000.0,1000,124.340513
1000.0,1000,126.336259
681.0,681,127.813682
1000.0,1000,129.919751
1000.0,1000,132.025868
1000.0,1000,134.105048
306.0,306,134.714614
1000.0,1000,136.823274
1000.0,1000,138.912844
1000.0,1000,141.010349
1000.0,1000,143.130478
1000.0,1000,145.246303
1000.0,1000,147.364724
1000.0,1000,149.482737
1000.0,1000,151.601237
975.0,975,153.747931
186.0,186,154.119842
1000.0,1000,156.275366
1000.0,1000,158.35688
1000.0,1000,160.482789
857.0,857,162.243967
1000.0,1000,164.292048
1000.0,1000,166.303794
1000.0,1000,168.343677
1000.0,1000,170.444104
892.0,892,172.29106
353.0,353,172.963758
28.0,28,173.021433
1000.0,1000,175.100441
874.0,874,176.952732
602.0,602,178.280571
308.0,308,178.875585
521.0,521,179.889006
1000.0,1000,181.987934
1000.0,1000,184.0438
1000.0,1000,186.058392
1000.0,1000,188.128768
1000.0,1000,190.232225
177.0,177,190.753325
1000.0,1000,192.840999
1000.0,1000,194.743542
1000.0,1000,196.796926
1000.0,1000,198.90287
1000.0,1000,201.064157
1000.0,1000,203.138212
594.0,594,204.390409
1000.0,1000,206.515714
976.0,976,208.532217
445.0,445,209.364495
1000.0,1000,211.401026
1000.0,1000,213.428828
1000.0,1000,215.510268
13.0,13,215.536559
1000.0,1000,217.645091
1000.0,1000,219.76331
1000.0,1000,221.843206
1000.0,1000,223.986612
1000.0,1000,226.047135
1000.0,1000,228.089581
1000.0,1000,230.105315
1000.0,1000,232.135366
719.0,719,233.631352
41.0,41,233.708264
450.0,450,234.54766
69.0,69,234.67795
562.0,562,235.946336
1000.0,1000,238.026296
1000.0,1000,240.117847
1000.0,1000,242.189342
1000.0,1000,244.249701
1000.0,1000,246.316497
1000.0,1000,248.426015
1000.0,1000,250.530835
1000.0,1000,252.638465
1000.0,1000,254.742238
623.0,623,255.938006
1000.0,1000,258.054303
1000.0,1000,260.119831
1000.0,1000,262.13487
1000.0,1000,264.213961
521.0,521,265.362597
596.0,596,266.496454
1000.0,1000,268.589731
582.0,582,269.889439
1000.0,1000,271.955841
1000.0,1000,274.035735
1000.0,1000,276.006184
1000.0,1000,278.047659
1000.0,1000,280.031788
1000.0,1000,282.081815
800.0,800,283.685824
1000.0,1000,285.843308
1000.0,1000,287.97169
1000.0,1000,290.114229
1000.0,1000,292.225047
1000.0,1000,294.303678
1000.0,1000,296.464439
1000.0,1000,298.477889
1000.0,1000,300.575297
1000.0,1000,302.659547
1000.0,1000,304.743843
1000.0,1000,306.841694
1000.0,1000,308.95021
1000.0,1000,311.088153
777.0,777,312.763682
636.0,636,314.184662
1000.0,1000,316.24204
1000.0,1000,318.146365
1000.0,1000,320.245322
1000.0,1000,322.307328
1000.0,1000,324.381811
1000.0,1000,326.426289
1000.0,1000,328.477336
888.0,888,330.359781
1000.0,1000,332.443763
1000.0,1000,334.518895
1000.0,1000,336.639495
1000.0,1000,338.752115
1000.0,1000,340.845855
1000.0,1000,342.945754
1000.0,1000,345.010729
1000.0,1000,347.097091
1000.0,1000,349.201966
1000.0,1000,351.188247
1000.0,1000,353.297444
1000.0,1000,355.405526
74.0,74,355.546448
1000.0,1000,357.600053
1000.0,1000,359.639573
1000.0,1000,361.755563
1000.0,1000,363.814084
1000.0,1000,365.859681
1000.0,1000,367.962785
1000.0,1000,370.045147
1000.0,1000,372.009534
1000.0,1000,374.152354
1000.0,1000,376.209015
1000.0,1000,378.294426
1000.0,1000,380.360726
1000.0,1000,382.493841
1000.0,1000,384.477761
1000.0,1000,386.529791
1000.0,1000,388.626711
1000.0,1000,390.717192
1000.0,1000,392.848972
1000.0,1000,394.942314
1000.0,1000,397.012249
1000.0,1000,399.095377
1000.0,1000,401.209818
1000.0,1000,403.160402
1000.0,1000,405.319025
1000.0,1000,407.420096
1000.0,1000,409.52238
1000.0,1000,411.631626
1000.0,1000,413.719555
1000.0,1000,415.806766
1000.0,1000,417.894361
1000.0,1000,420.019508
1000.0,1000,422.143047
1000.0,1000,424.273687
1000.0,1000,426.351962
1000.0,1000,428.438995
1000.0,1000,430.547503
731.0,731,432.150469
1000.0,1000,434.254249
1000.0,1000,436.356293
282.0,282,436.901374
1000.0,1000,439.025346
1000.0,1000,441.099581
1000.0,1000,443.229604
1000.0,1000,445.364776
1000.0,1000,447.468722
1000.0,1000,449.559158
1000.0,1000,451.648714
1000.0,1000,453.747355
1000.0,1000,455.811069
1000.0,1000,457.882529
1000.0,1000,459.955342
1000.0,1000,462.029882
793.0,793,463.724533
765.0,765,465.197615
1000.0,1000,467.254902
1000.0,1000,469.313147
500.0,500,470.446565
228.0,228,470.885971
1000.0,1000,472.980581
1000.0,1000,475.14594
12.0,12,475.171823
700.0,700,476.706456
22.0,22,476.749434
385.0,385,477.487496
1000.0,1000,479.538154
1000.0,1000,481.790541
1000.0,1000,483.872456
1000.0,1000,485.94203
1000.0,1000,488.022369
1000.0,1000,490.093509
1000.0,1000,492.187261
1000.0,1000,494.319005
1000.0,1000,496.392004
1000.0,1000,498.438078
1000.0,1000,500.517156
1000.0,1000,502.634019
253.0,253,503.126822
1000.0,1000,505.197295
1000.0,1000,507.311811
1000.0,1000,509.410552
1000.0,1000,511.552958
29.0,29,511.610981
1000.0,1000,513.733096
1000.0,1000,515.883537
59.0,59,515.998092
1000.0,1000,518.069752
1000.0,1000,520.178166
1000.0,1000,522.272415
1000.0,1000,524.394787
1000.0,1000,526.564425
1000.0,1000,528.67956
1000.0,1000,530.792241
1000.0,1000,532.881562
1000.0,1000,534.996111
1000.0,1000,537.128909
1000.0,1000,539.217507
1000.0,1000,541.312018
1000.0,1000,543.387091
1000.0,1000,545.502001
1000.0,1000,547.631951
1000.0,1000,549.728902
1000.0,1000,551.814857
1000.0,1000,553.939517
1000.0,1000,555.999217
1000.0,1000,558.036719
1000.0,1000,560.077995
1000.0,1000,562.04056
1000.0,1000,564.176483
1000.0,1000,566.308719
1000.0,1000,568.361729
1000.0,1000,570.425935
1000.0,1000,572.500542
683.0,683,574.035411
1000.0,1000,576.136983
1000.0,1000,578.222744
1000.0,1000,580.35012
270.0,270,580.863947
913.0,913,582.775702
1000.0,1000,584.821675
496.0,496,585.942923
1000.0,1000,588.051478
1000.0,1000,590.110356
1000.0,1000,592.210548
1000.0,1000,594.185249
1000.0,1000,596.250891
1000.0,1000,598.421129
1000.0,1000,600.54052
1000.0,1000,602.621457
1000.0,1000,604.704546
1000.0,1000,606.771498
460.0,460,607.857571
291.0,291,608.424978
1000.0,1000,610.56393
1000.0,1000,612.714985
1000.0,1000,614.78053
650.0,650,616.215303
1000.0,1000,618.288365
1000.0,1000,620.397668
571.0,571,621.510296
1000.0,1000,623.547946
1000.0,1000,625.582126
1000.0,1000,627.716403
1000.0,1000,629.82417
1000.0,1000,631.879817
1000.0,1000,633.942214
1000.0,1000,636.056296
1000.0,1000,638.141668
1000.0,1000,640.248709
1000.0,1000,642.298628
1000.0,1000,644.388489
1000.0,1000,646.505152
1000.0,1000,648.560367
1000.0,1000,650.623568
1000.0,1000,652.704673
1000.0,1000,654.831424
1000.0,1000,656.971894
1000.0,1000,659.023375
1000.0,1000,661.122659
1000.0,1000,663.229693
1000.0,1000,665.316788
1000.0,1000,667.429911
1000.0,1000,669.5181
255.0,255,670.022207
286.0,286,670.583357
1000.0,1000,672.721254
1000.0,1000,674.871891
1000.0,1000,676.929296
1000.0,1000,678.994208
1000.0,1000,681.111074
1000.0,1000,683.194447
1000.0,1000,685.299771
1000.0,1000,687.371054
1000.0,1000,689.511876
1000.0,1000,691.572051
611.0,611,692.907304
361.0,361,693.626039
1000.0,1000,695.723599
1000.0,1000,697.868012
1000.0,1000,699.962386
1000.0,1000,702.047239
1000.0,1000,704.150536
939.0,939,706.09479
1000.0,1000,708.228008
1000.0,1000,710.319087
721.0,721,711.673105
444.0,444,712.652306
358.0,358,713.322408
958.0,958,715.373833
1000.0,1000,717.502956
1000.0,1000,719.565326
1000.0,1000,721.661828
1000.0,1000,723.729783
1000.0,1000,725.869739
579.0,579,726.992801
563.0,563,728.268771
1000.0,1000,730.387023
1000.0,1000,732.44536
1000.0,1000,734.517221
1000.0,1000,736.605505
1000.0,1000,738.717481
1000.0,1000,740.857897
1000.0,1000,742.978553
1000.0,1000,745.077772
1000.0,1000,747.147731
1000.0,1000,749.204172
1000.0,1000,751.267624
1000.0,1000,753.355597
1000.0,1000,755.467658
1000.0,1000,757.603856
1000.0,1000,759.642093
1000.0,1000,761.731092
5.0,5,761.74191
1000.0,1000,763.824976
1000.0,1000,765.917697
1000.0,1000,767.988229
265.0,265,768.492093
1000.0,1000,770.568681
1000.0,1000,772.650994
1000.0,1000,774.75676
1000.0,1000,776.852494
1000.0,1000,778.899499
1000.0,1000,780.977765
1000.0,1000,783.026477
1000.0,1000,785.088993
1000.0,1000,787.177319
1000.0,1000,789.255339
7.0,7,789.269519
554.0,554,790.353847
1000.0,1000,792.46101
1000.0,1000,794.552185
6.0,6,794.565243
1000.0,1000,796.644248
1000.0,1000,798.776356
69.0,69,798.911238
1000.0,1000,801.007878
1000.0,1000,803.108301
1000.0,1000,805.19165
1000.0,1000,807.283613
1000.0,1000,809.393709
1000.0,1000,811.466351
1000.0,1000,813.538006
1000.0,1000,815.639435
1000.0,1000,817.709783
1000.0,1000,819.78687
530.0,530,820.804896
1000.0,1000,822.839368
1000.0,1000,824.949522
1000.0,1000,827.028188
1000.0,1000,829.107309
1000.0,1000,831.20596
1000.0,1000,833.326313
30.0,30,833.38527
1000.0,1000,835.494476
1000.0,1000,837.600766
1000.0,1000,839.715651
1000.0,1000,841.820792
1000.0,1000,843.927676
1000.0,1000,846.019112
1000.0,1000,848.131011
9.0,9,848.149021
1000.0,1000,850.191466
1000.0,1000,852.311344
1000.0,1000,854.296276
1000.0,1000,856.427647
1000.0,1000,858.510357
1000.0,1000,860.611616
1000.0,1000,862.686054
1000.0,1000,864.780947
1000.0,1000,866.953597
1000.0,1000,868.993648
1000.0,1000,871.064852
1000.0,1000,873.191522
1000.0,1000,875.301105
1000.0,1000,877.374509
1000.0,1000,879.437138
1000.0,1000,881.541607
1000.0,1000,883.625992
1000.0,1000,885.699327
1000.0,1000,887.768509
1000.0,1000,889.841022
1000.0,1000,891.934676
1000.0,1000,894.016556
1000.0,1000,896.09616
1000.0,1000,898.153394
1000.0,1000,900.239592
1000.0,1000,902.320548
1000.0,1000,904.413245
1000.0,1000,906.534498
1000.0,1000,908.473305
1000.0,1000,910.566486
1000.0,1000,912.689321
1000.0,1000,914.788616
1000.0,1000,916.894901
1000.0,1000,918.97918
1000.0,1000,921.072544
1000.0,1000,923.14686
458.0,458,924.216941
1000.0,1000,926.317826
1000.0,1000,928.397906
1000.0,1000,930.481767
1000.0,1000,932.493019
1000.0,1000,934.554808
1000.0,1000,936.649162
1000.0,1000,938.738593
975.0,975,940.73541
1000.0,1000,942.754486
1000.0,1000,944.79353
1000.0,1000,946.680494
1000.0,1000,948.714087
1000.0,1000,950.764086
100.0,100,951.106459
1000.0,1000,953.162034
1000.0,1000,955.082654
1000.0,1000,957.152518
383.0,383,958.058939
1000.0,1000,960.151268
1000.0,1000,962.251273
1000.0,1000,964.291546
1000.0,1000,966.366759
1000.0,1000,968.471922
1000.0,1000,970.560991
1000.0,1000,972.642041
1000.0,1000,974.787191
1000.0,1000,976.959554
1000.0,1000,979.072866
1000.0,1000,981.136896
1000.0,1000,983.271374
834.0,834,984.87912
1000.0,1000,986.948855
1000.0,1000,989.038213
1000.0,1000,991.138211
1000.0,1000,993.224457
1000.0,1000,995.312437
1000.0,1000,997.399583
206.0,206,997.789631
1000.0,1000,999.856103
1000.0,1000,1001.949084
1000.0,1000,1004.085214
965.0,965,1006.073324
1000.0,1000,1008.156525
871.0,871,1010.000235
69.0,69,1010.137872
247.0,247,1010.610684
126.0,126,1011.000456
1000.0,1000,1013.090116
1000.0,1000,1015.164391
1000.0,1000,1017.078067
1000.0,1000,1019.125084
1000.0,1000,1021.243645
1000.0,1000,1023.32888
1000.0,1000,1025.426184
1000.0,1000,1027.472503
1000.0,1000,1029.543383
1000.0,1000,1031.612993
682.0,682,1033.065384
1000.0,1000,1035.174116
514.0,514,1036.173732
1000.0,1000,1038.258753
342.0,342,1039.069644
1000.0,1000,1041.155992
1000.0,1000,1043.252707
1000.0,1000,1045.345052
1000.0,1000,1047.422128
1000.0,1000,1049.523782
1000.0,1000,1051.563063
1000.0,1000,1053.603844
1000.0,1000,1055.65503
1000.0,1000,1057.720999
1000.0,1000,1059.757821
1000.0,1000,1061.809722
1000.0,1000,1063.719568
1000.0,1000,1065.700102
1000.0,1000,1067.802644
1000.0,1000,1069.869033
1000.0,1000,1071.937396
1000.0,1000,1074.097816
344.0,344,1074.928378
1000.0,1000,1077.052627
1000.0,1000,1079.17481
1000.0,1000,1081.286859
1000.0,1000,1083.392898
1000.0,1000,1085.555864
406.0,406,1086.353886
1000.0,1000,1088.447462
1000.0,1000,1090.584034
1000.0,1000,1092.723879
1000.0,1000,1094.811242
1000.0,1000,1096.920809
1000.0,1000,1099.01359
1000.0,1000,1101.09708
417.0,417,1101.914582
1000.0,1000,1103.952972
1000.0,1000,1106.028429
435.0,435,1107.003767
91.0,91,1107.182585
406.0,406,1107.982146
1000.0,1000,1110.047985
270.0,270,1110.567205
1000.0,1000,1112.744063
664.0,664,1114.217244
1000.0,1000,1116.313497
1000.0,1000,1118.405599
705.0,705,1119.975073
880.0,880,1121.668876
351.0,351,1122.491537
217.0,217,1122.912087
222.0,222,1123.346621
1000.0,1000,1125.435751
1000.0,1000,1127.488302
1000.0,1000,1129.557604
1000.0,1000,1131.554517
1000.0,1000,1133.592134
1000.0,1000,1135.592267
1000.0,1000,1137.653248
1000.0,1000,1139.709042
1000.0,1000,1141.77744
1000.0,1000,1143.826344
6.0,6,1143.838981
1000.0,1000,1145.937296
1000.0,1000,1148.075899
1000.0,1000,1150.190676
1000.0,1000,1152.292765
486.0,486,1153.250778
1000.0,1000,1155.310903
1000.0,1000,1157.40337
1000.0,1000,1159.548383
1000.0,1000,1161.612589
1000.0,1000,1163.695203
1000.0,1000,1165.746997
795.0,795,1167.412692
578.0,578,1168.672234
1000.0,1000,1170.713177
644.0,644,1171.952994
918.0,918,1173.94058
1000.0,1000,1176.07764
1000.0,1000,1178.23615
1000.0,1000,1180.384892
1000.0,1000,1182.439719
1000.0,1000,1184.558782
593.0,593,1185.878262
786.0,786,1187.415942
1000.0,1000,1189.482424
1000.0,1000,1191.576398
1000.0,1000,1193.698547
1000.0,1000,1195.811103
330.0,330,1196.62407
206.0,206,1197.024188
324.0,324,1197.651741
1000.0,1000,1199.743906
135.0,135,1200.009707
1000.0,1000,1202.152372
1000.0,1000,1204.249174
1000.0,1000,1206.386938
1000.0,1000,1208.464512
1000.0,1000,1210.564115
1000.0,1000,1212.704188
1000.0,1000,1214.766066
1000.0,1000,1216.844514
1000.0,1000,1218.939089
1000.0,1000,1221.012608
1000.0,1000,1223.038501
1000.0,1000,1225.080407
1000.0,1000,1227.163096
1000.0,1000,1229.241604
226.0,226,1229.721513
788.0,788,1231.429289
1000.0,1000,1233.533466
1000.0,1000,1235.574383
1000.0,1000,1237.49732
1000.0,1000,1239.590042
1000.0,1000,1241.713122
1000.0,1000,1243.819402
1000.0,1000,1245.932201
1000.0,1000,1248.03441
1000.0,1000,1250.131563
1000.0,1000,1252.268721
1000.0,1000,1254.338326
1000.0,1000,1256.418751
1000.0,1000,1258.471141
1000.0,1000,1260.539088
1000.0,1000,1262.452502
1000.0,1000,1264.557333
1000.0,1000,1266.684338
1000.0,1000,1268.787745
1000.0,1000,1270.899245
1000.0,1000,1273.032749
1000.0,1000,1275.119177
1000.0,1000,1277.214761
1000.0,1000,1279.284773
503.0,503,1280.429611
33.0,33,1280.493671
262.0,262,1281.011644
386.0,386,1281.761
1000.0,1000,1283.866748
1000.0,1000,1285.935283
14.0,14,1285.963329
72.0,72,1286.099221
1000.0,1000,1288.171887
1000.0,1000,1290.267518
1000.0,1000,1292.382558
1000.0,1000,1294.502383
1000.0,1000,1296.651294
1000.0,1000,1298.737488
1000.0,1000,1300.87305
1000.0,1000,1302.973752
1000.0,1000,1305.033776
1000.0,1000,1307.116604
1000.0,1000,1309.278142
1000.0,1000,1311.361155
1000.0,1000,1313.475056
1000.0,1000,1315.641899
1000.0,1000,1317.738387
1000.0,1000,1319.828271
1000.0,1000,1321.908053
505.0,505,1323.083304
733.0,733,1324.498882
940.0,940,1326.545467
1000.0,1000,1328.631763
1000.0,1000,1330.729363
1000.0,1000,1332.817905
672.0,672,1334.252449
1000.0,1000,1336.329916
1000.0,1000,1338.42674
46.0,46,1338.520963
430.0,430,1339.33512
1000.0,1000,1341.415954
1000.0,1000,1343.523736
828.0,828,1345.336515
1000.0,1000,1347.469684
1000.0,1000,1349.567927
1000.0,1000,1351.625104
1000.0,1000,1353.748105
1000.0,1000,1355.876057
532.0,532,1356.921849
994.0,994,1358.983794
1000.0,1000,1361.120145
335.0,335,1361.836088
876.0,876,1363.62617
963.0,963,1365.505322
391.0,391,1366.453542
1000.0,1000,1368.552967
1000.0,1000,1370.674241
1000.0,1000,1372.757183
1000.0,1000,1374.834716
969.0,969,1376.830186
1000.0,1000,1378.964768
1000.0,1000,1381.113564
1000.0,1000,1383.243781
1000.0,1000,1385.34713
1000.0,1000,1387.422723
860.0,860,1389.112777
1000.0,1000,1391.26905
1000.0,1000,1393.358421
994.0,994,1395.431114
63.0,63,1395.548596
1000.0,1000,1397.749883
402.0,402,1398.686433
1000.0,1000,1400.797992
1000.0,1000,1402.900776
1000.0,1000,1404.950624
1000.0,1000,1407.018485
1000.0,1000,1409.179364
1000.0,1000,1411.265908
1000.0,1000,1413.313185
1000.0,1000,1415.419641
1000.0,1000,1417.551341
1000.0,1000,1419.623471
476.0,476,1420.542068
11.0,11,1420.564649
1000.0,1000,1422.652665
1000.0,1000,1424.723787
1000.0,1000,1426.78508
1000.0,1000,1428.867292
1000.0,1000,1431.00379
1000.0,1000,1433.059431
1000.0,1000,1435.127216
1000.0,1000,1437.261858
1000.0,1000,1439.336938
1000.0,1000,1441.467029
1000.0,1000,1443.482294
1000.0,1000,1445.525875
1000.0,1000,1447.621043
98.0,98,1447.808847
1000.0,1000,1449.891696
1000.0,1000,1451.935625
1000.0,1000,1453.987738
1000.0,1000,1456.106658
1000.0,1000,1458.173813
1000.0,1000,1460.247064
1000.0,1000,1462.329244
468.0,468,1463.22311
1000.0,1000,1465.335
1000.0,1000,1467.412233
150.0,150,1467.696296
1000.0,1000,1469.741096
1000.0,1000,1471.817657
1000.0,1000,1473.922499
938.0,938,1475.865631
1000.0,1000,1477.96206
1000.0,1000,1480.082237
1000.0,1000,1482.225109
1000.0,1000,1484.280025
1000.0,1000,1486.410167
1000.0,1000,1488.491787
1000.0,1000,1490.54448
1000.0,1000,1492.612757
1000.0,1000,1494.703516
1000.0,1000,1496.796491
1000.0,1000,1498.87301
959.0,959,1500.85479
1000.0,1000,1502.912647
267.0,267,1503.4204
1000.0,1000,1505.537936
1000.0,1000,1507.625726
1000.0,1000,1509.742812
1000.0,1000,1511.85327
1000.0,1000,1513.983217
1000.0,1000,1516.025186
1000.0,1000,1518.124596
1000.0,1000,1520.202329
1000.0,1000,1522.265508
1000.0,1000,1524.358567
1000.0,1000,1526.428967
879.0,879,1528.313989
1000.0,1000,1530.421088
1000.0,1000,1532.552006
1000.0,1000,1534.51311
1000.0,1000,1536.610291
1000.0,1000,1538.74312
1000.0,1000,1540.853542
1000.0,1000,1542.93579
687.0,687,1544.429831
1000.0,1000,1546.52343
1000.0,1000,1548.630543
533.0,533,1549.831865
423.0,423,1550.636046
615.0,615,1551.98399
491.0,491,1552.882292
378.0,378,1553.594797
520.0,520,1554.750195
293.0,293,1555.33104
1000.0,1000,1557.449666
1000.0,1000,1559.487477
1000.0,1000,1561.560108
1000.0,1000,1563.671508
1000.0,1000,1565.772078
1000.0,1000,1567.846506
1000.0,1000,1569.951566
1000.0,1000,1572.123781
537.0,537,1573.299129
1000.0,1000,1575.427501
1000.0,1000,1577.333739
692.0,692,1578.7928
69.0,69,1578.923671
27.0,27,1578.976091
143.0,143,1579.254028
389.0,389,1580.146364
939.0,939,1582.056765
1000.0,1000,1584.068629
1000.0,1000,1586.160085
1000.0,1000,1588.155506
1000.0,1000,1590.241587
1000.0,1000,1592.330352
1000.0,1000,1594.442941
1000.0,1000,1596.511578
444.0,444,1597.369286
1000.0,1000,1599.475777
1000.0,1000,1601.572924
714.0,714,1603.11869
1000.0,1000,1605.206694
1000.0,1000,1607.308981
1000.0,1000,1609.432754
1000.0,1000,1611.577781
1000.0,1000,1613.514666
1000.0,1000,1615.577061
1000.0,1000,1617.697403
503.0,503,1618.831394
218.0,218,1619.262778
1000.0,1000,1621.358469
839.0,839,1623.127139
981.0,981,1625.179257
1000.0,1000,1627.300877
1000.0,1000,1629.43683
1000.0,1000,1631.555673
1000.0,1000,1633.651193
1000.0,1000,1635.733884
1000.0,1000,1637.844654
1000.0,1000,1639.947171
1000.0,1000,1642.041912
1000.0,1000,1644.146703
1000.0,1000,1646.259053
1000.0,1000,1648.354755
1000.0,1000,1650.447303
1000.0,1000,1652.530651
713.0,713,1653.910988
1000.0,1000,1655.978693
1000.0,1000,1658.097439
1000.0,1000,1660.1353
1000.0,1000,1662.215877
1000.0,1000,1664.309812
1000.0,1000,1666.390119
1000.0,1000,1668.500049
1000.0,1000,1670.576998
960.0,960,1672.581981
1000.0,1000,1674.658511
1000.0,1000,1676.774357
1000.0,1000,1678.865304
1000.0,1000,1680.912498
925.0,925,1682.774681
1000.0,1000,1684.806743
1000.0,1000,1686.932552
1000.0,1000,1689.06851
1000.0,1000,1691.172206
96.0,96,1691.349841
1000.0,1000,1693.458076
1000.0,1000,1695.534157
1000.0,1000,1697.565087
1000.0,1000,1699.693028
1000.0,1000,1701.788763
1000.0,1000,1703.865048
1000.0,1000,1705.938794
874.0,874,1707.776221
1000.0,1000,1709.878402
1000.0,1000,1712.010025
1000.0,1000,1713.948339
406.0,406,1714.896798
200.0,200,1715.290177
520.0,520,1716.455709
503.0,503,1717.42701
112.0,112,1717.648338
589.0,589,1718.941597
325.0,325,1719.571832
1000.0,1000,1721.626791
1000.0,1000,1723.747498
1000.0,1000,1725.907607
1000.0,1000,1728.038016
1000.0,1000,1730.166508
1000.0,1000,1732.304484
1000.0,1000,1734.447567
1000.0,1000,1736.540204
1000.0,1000,1738.643363
1000.0,1000,1740.697399
471.0,471,1741.596664
377.0,377,1742.477587
1000.0,1000,1744.52383
1000.0,1000,1746.530872
1000.0,1000,1748.588461
1000.0,1000,1750.628465
1000.0,1000,1752.676935
1000.0,1000,1754.774298
1000.0,1000,1756.838796
1000.0,1000,1758.782434
1000.0,1000,1760.902495
1000.0,1000,1762.969207
1000.0,1000,1765.000374
1000.0,1000,1767.139203
1000.0,1000,1769.211662
1000.0,1000,1771.302614
808.0,808,1773.026587
1000.0,1000,1775.149159
1000.0,1000,1777.230112
1000.0,1000,1779.273832
1000.0,1000,1781.343767
1000.0,1000,1783.43604
1000.0,1000,1785.500583
428.0,428,1786.307381
200.0,200,1786.833102
1000.0,1000,1788.896013
1000.0,1000,1790.986876
272.0,272,1791.51757
1000.0,1000,1793.615992
1000.0,1000,1795.71079
1000.0,1000,1797.833828
1000.0,1000,1799.841783
1000.0,1000,1801.880377
1000.0,1000,1803.941789
203.0,203,1804.347295
86.0,86,1804.511793
1000.0,1000,1806.587141
1000.0,1000,1808.705243
1000.0,1000,1810.781942
1000.0,1000,1812.843102
1000.0,1000,1814.924333
1000.0,1000,1817.026825
1000.0,1000,1819.066172
564.0,564,1820.142391
1000.0,1000,1822.231274
1000.0,1000,1824.353878
727.0,727,1825.91179
639.0,639,1827.331985
881.0,881,1829.051112
1000.0,1000,1831.180623
1000.0,1000,1833.313171
1000.0,1000,1835.456395
1000.0,1000,1837.533913
1000.0,1000,1839.59113
1000.0,1000,1841.690234
1000.0,1000,1843.745278
1000.0,1000,1845.794547
1000.0,1000,1847.908349
1000.0,1000,1849.954724
1000.0,1000,1852.039428
1000.0,1000,1854.128057
1000.0,1000,1856.220942
458.0,458,1857.240382
1000.0,1000,1859.331987
1000.0,1000,1861.384943
1000.0,1000,1863.403741
300.0,300,1863.989875
1000.0,1000,1866.048423
1000.0,1000,1868.121473
1000.0,1000,1870.201289
1000.0,1000,1872.351772
1000.0,1000,1874.467521
1000.0,1000,1876.514483
442.0,442,1877.359516
1000.0,1000,1879.416458
1000.0,1000,1881.63079
1000.0,1000,1883.782895
1000.0,1000,1885.898521
1000.0,1000,1888.016879
1000.0,1000,1890.125208
1000.0,1000,1892.265108
1000.0,1000,1894.372205
1000.0,1000,1896.467222
983.0,983,1898.507777
1000.0,1000,1900.66439
1000.0,1000,1902.788673
1000.0,1000,1904.946482
1000.0,1000,1907.059688
1000.0,1000,1909.194974
252.0,252,1909.69456
1000.0,1000,1911.7903
1000.0,1000,1913.97579
1000.0,1000,1916.092672
1000.0,1000,1918.217618
1000.0,1000,1920.240561
1000.0,1000,1922.197138
1000.0,1000,1924.199081
1000.0,1000,1926.264691
1000.0,1000,1928.325027
1000.0,1000,1930.416801
1000.0,1000,1932.456095
1000.0,1000,1934.569821
1000.0,1000,1936.661103
1000.0,1000,1938.718874
459.0,459,1939.598583
303.0,303,1940.190432
1000.0,1000,1942.269975
338.0,338,1943.070095
1000.0,1000,1945.150999
1000.0,1000,1947.22943
1000.0,1000,1949.301518
1000.0,1000,1951.398427
1000.0,1000,1953.531448
1000.0,1000,1955.618072
1000.0,1000,1957.701651
1000.0,1000,1959.8015
1000.0,1000,1961.932125
803.0,803,1963.490774
1000.0,1000,1965.593706
397.0,397,1966.528068
1000.0,1000,1968.623695
1000.0,1000,1970.709395
981.0,981,1972.753059
192.0,192,1973.127315
1000.0,1000,1975.218493
1000.0,1000,1977.324504
1000.0,1000,1979.475091
1000.0,1000,1981.625745
1000.0,1000,1983.753479
880.0,880,1985.665047
926.0,926,1987.462913
1000.0,1000,1989.572624
1000.0,1000,1991.723218
1000.0,1000,1993.819521
1000.0,1000,1995.928299
144.0,144,1996.217412
1000.0,1000,1998.271043
1000.0,1000,2000.332211
1000.0,1000,2002.417266
695.0,695,2003.902793
1000.0,1000,2005.984302
1000.0,1000,2008.127126
1000.0,1000,2010.249399
853.0,853,2012.03777
1000.0,1000,2014.097954
826.0,826,2015.846792
1000.0,1000,2017.930628
275.0,275,2018.462254
1000.0,1000,2020.551517
1000.0,1000,2022.645588
1000.0,1000,2024.71363
1000.0,1000,2026.799503
1000.0,1000,2028.811919
792.0,792,2030.480742
1000.0,1000,2032.54051
1000.0,1000,2034.452611
1000.0,1000,2036.526919
1000.0,1000,2038.605121
1000.0,1000,2040.6214
1000.0,1000,2042.73789
1000.0,1000,2044.83897
738.0,738,2046.426128
1000.0,1000,2048.516594
1000.0,1000,2050.568608
1000.0,1000,2052.588886
1000.0,1000,2054.657824
1000.0,1000,2056.722707
1000.0,1000,2058.786926
231.0,231,2059.228909
1000.0,1000,2061.29692
1000.0,1000,2063.357134
1000.0,1000,2065.481556
1000.0,1000,2067.614373
1000.0,1000,2069.64798
1000.0,1000,2071.755223
989.0,989,2073.85224
1000.0,1000,2075.969222
1000.0,1000,2078.056499
55.0,55,2078.161564
1000.0,1000,2080.223675
1000.0,1000,2082.279122
1000.0,1000,2084.349013
479.0,479,2085.304481
1000.0,1000,2087.430649
170.0,170,2087.901563
1000.0,1000,2089.967023
655.0,655,2091.249791
