# {"t_start": 1619415933.3400187, "env_id": "InvertedPendulum-v2"} 
r,l,t
3.0,3,1.073612
11.0,11,1.098722
5.0,5,1.1123
3.0,3,1.120058
4.0,4,1.129544
3.0,3,1.137261
3.0,3,1.147306
3.0,3,1.154771
37.0,37,1.238889
3.0,3,1.2462
4.0,4,1.255606
4.0,4,1.266227
4.0,4,1.275849
4.0,4,1.285353
3.0,3,1.292622
3.0,3,1.299868
7.0,7,1.562758
13.0,13,1.592549
3.0,3,1.599773
3.0,3,1.606975
4.0,4,1.616474
3.0,3,1.623665
4.0,4,1.633183
4.0,4,1.642662
3.0,3,1.649952
18.0,18,1.690543
3.0,3,1.697784
18.0,18,1.738456
16.0,16,1.774926
3.0,3,1.78228
3.0,3,1.968894
3.0,3,1.976275
9.0,9,1.996793
16.0,16,2.034436
3.0,3,2.041791
3.0,3,2.048973
3.0,3,2.056197
11.0,11,2.081463
4.0,4,2.090942
4.0,4,2.100673
7.0,7,2.117014
3.0,3,2.125087
4.0,4,2.134917
26.0,26,2.194668
3.0,3,2.389566
4.0,4,2.400592
3.0,3,2.408997
3.0,3,2.41733
7.0,7,2.434172
3.0,3,2.441473
2.0,2,2.446491
5.0,5,2.458744
3.0,3,2.466006
15.0,15,2.500004
3.0,3,2.507357
3.0,3,2.514687
3.0,3,2.521975
3.0,3,2.529245
6.0,6,2.543115
5.0,5,2.554789
4.0,4,2.564242
25.0,25,2.622728
3.0,3,2.812057
5.0,5,2.823874
3.0,3,2.831138
9.0,9,2.851657
3.0,3,2.858958
4.0,4,2.868336
3.0,3,2.875615
10.0,10,2.898509
8.0,8,2.91692
3.0,3,2.924294
5.0,5,2.935905
3.0,3,2.943199
4.0,4,2.95267
3.0,3,2.960583
17.0,17,3.004276
3.0,3,3.011602
3.0,3,3.018847
23.0,23,3.25912
3.0,3,3.266836
3.0,3,3.274165
17.0,17,3.312845
3.0,3,3.320216
3.0,3,3.328272
3.0,3,3.335586
3.0,3,3.342794
3.0,3,3.350013
4.0,4,3.359571
3.0,3,3.366776
5.0,5,3.378571
3.0,3,3.385925
3.0,3,3.393183
5.0,5,3.405232
3.0,3,3.412625
3.0,3,3.420096
3.0,3,3.427542
3.0,3,3.434894
3.0,3,3.442059
4.0,4,3.45276
4.0,4,3.464096
13.0,13,3.677447
6.0,6,3.691459
4.0,4,3.700966
4.0,4,3.710413
4.0,4,3.719936
3.0,3,3.727161
4.0,4,3.736618
3.0,3,3.74385
3.0,3,3.751157
30.0,30,3.818311
22.0,22,3.868695
3.0,3,3.87591
3.0,3,3.883336
3.0,3,3.890622
8.0,8,4.08475
4.0,4,4.0941
3.0,3,4.101376
6.0,6,4.11494
4.0,4,4.124092
5.0,5,4.135509
3.0,3,4.142627
3.0,3,4.149677
3.0,3,4.15676
3.0,3,4.163798
3.0,3,4.171442
37.0,37,4.252153
34.0,34,4.499234
3.0,3,4.50625
4.0,4,4.515542
3.0,3,4.522702
3.0,3,4.531017
3.0,3,4.538923
3.0,3,4.546173
4.0,4,4.556866
3.0,3,4.564702
5.0,5,4.576366
6.0,6,4.590275
50.0,50,4.882241
11.0,11,4.907539
6.0,6,4.921794
12.0,12,4.950756
28.0,28,5.02489
3.0,3,5.033627
4.0,4,5.043124
3.0,3,5.050385
10.0,10,5.073151
3.0,3,5.08039
4.0,4,5.089927
3.0,3,5.097261
5.0,5,5.109023
11.0,11,5.310398
3.0,3,5.317786
3.0,3,5.324983
6.0,6,5.338962
3.0,3,5.346173
3.0,3,5.353306
3.0,3,5.360683
3.0,3,5.367985
70.0,70,5.52403
4.0,4,5.711399
4.0,4,5.721041
4.0,4,5.731117
4.0,4,5.740569
3.0,3,5.748034
10.0,10,5.770768
5.0,5,5.782442
4.0,4,5.791912
4.0,4,5.80138
3.0,3,5.808606
4.0,4,5.818061
3.0,3,5.825235
3.0,3,5.832469
3.0,3,5.84101
3.0,3,5.848841
5.0,5,5.860903
3.0,3,5.868276
3.0,3,5.875666
3.0,3,5.883139
4.0,4,5.892842
4.0,4,5.902551
3.0,3,5.90999
3.0,3,5.917416
3.0,3,5.9247
6.0,6,5.939199
8.0,8,6.130654
4.0,4,6.140125
3.0,3,6.147346
3.0,3,6.154604
4.0,4,6.164112
4.0,4,6.173501
28.0,28,6.235941
3.0,3,6.243164
3.0,3,6.250413
46.0,46,6.542591
40.0,40,6.632208
4.0,4,6.641517
4.0,4,6.650854
36.0,36,6.730024
3.0,3,6.737173
4.0,4,6.746558
3.0,3,6.753658
3.0,3,6.760848
57.0,57,7.063727
52.0,52,7.373784
3.0,3,7.380977
30.0,30,7.448229
12.0,12,7.475595
3.0,3,7.482782
49.0,49,7.783478
47.0,47,7.882065
60.0,60,8.163496
54.0,54,8.286467
49.0,49,8.569798
62.0,62,8.710125
28.0,28,8.954773
47.0,47,9.058897
51.0,51,9.364646
8.0,8,9.390471
18.0,18,9.433083
33.0,33,9.507073
44.0,44,9.781375
47.0,47,9.88879
62.0,62,10.210823
61.0,61,10.347974
20.0,20,10.393359
37.0,37,10.662354
49.0,49,10.77218
45.0,45,11.048287
20.0,20,11.094335
15.0,15,11.128839
4.0,4,11.138344
50.0,50,11.441451
64.0,64,11.584054
88.0,88,11.952447
46.0,46,12.233189
39.0,39,12.320213
35.0,35,12.402571
81.0,81,12.763171
5.0,5,12.774685
8.0,8,12.792689
23.0,23,13.021929
35.0,35,13.100349
48.0,48,13.20751
95.0,95,13.599771
240.0,240,14.649071
133.0,133,15.121646
1000.0,1000,19.335646
153.0,153,20.062422
175.0,175,20.681315
65.0,65,21.010703
62.0,62,21.332063
134.0,134,21.825205
55.0,55,22.134362
81.0,81,22.32278
1000.0,1000,26.502553
1000.0,1000,30.642946
23.0,23,30.87619
118.0,118,31.35374
38.0,38,31.438521
284.0,284,32.649426
269.0,269,33.826086
207.0,207,34.700284
55.0,55,34.828232
1000.0,1000,38.943405
12.0,12,38.973709
43.0,43,39.260674
81.0,81,39.598483
511.0,511,41.681776
20.0,20,41.723222
504.0,504,43.791176
98.0,98,44.190432
69.0,69,44.532467
43.0,43,44.637397
24.0,24,44.692207
480.0,480,46.667881
40.0,40,46.935823
108.0,108,47.39329
80.0,80,47.575722
67.0,67,47.900626
143.0,143,48.395299
43.0,43,48.669759
52.0,52,48.782079
34.0,34,49.042273
70.0,70,49.199009
55.0,55,49.509937
91.0,91,49.893065
118.0,118,50.354233
21.0,21,50.399652
35.0,35,50.699446
101.0,101,51.121593
101.0,101,51.538917
132.0,132,52.01151
97.0,97,52.418514
38.0,38,52.502927
221.0,221,53.534912
78.0,78,53.71645
64.0,64,54.032767
64.0,64,54.350542
72.0,72,54.508767
67.0,67,54.833942
35.0,35,54.914189
121.0,121,55.558092
56.0,56,55.689085
61.0,61,55.999386
82.0,82,56.364655
64.0,64,56.515638
57.0,57,56.859177
83.0,83,57.242232
143.0,143,57.735563
88.0,88,58.124178
52.0,52,58.246905
66.0,66,58.592144
75.0,75,58.948752
1000.0,1000,63.013898
67.0,67,63.350902
131.0,131,63.829098
104.0,104,64.250022
70.0,70,64.596729
90.0,90,64.802406
89.0,89,65.174545
122.0,122,65.81336
62.0,62,65.9583
87.0,87,66.359301
58.0,58,66.67844
62.0,62,66.82236
995.0,995,70.959262
73.0,73,71.29949
90.0,90,71.696191
59.0,59,71.828674
67.0,67,72.175069
74.0,74,72.530926
68.0,68,72.877702
1000.0,1000,77.048617
118.0,118,77.503508
112.0,112,77.930076
69.0,69,78.26869
150.0,150,78.792331
112.0,112,79.242251
73.0,73,79.600134
98.0,98,80.0184
98.0,98,80.451124
63.0,63,80.594643
79.0,79,80.955851
96.0,96,81.375069
111.0,111,81.811219
57.0,57,82.132342
86.0,86,82.497414
80.0,80,82.800412
93.0,93,83.009961
583.0,583,85.478527
61.0,61,85.795517
100.0,100,86.195656
68.0,68,86.535199
124.0,124,86.9979
157.0,157,87.534272
218.0,218,88.594929
92.0,92,88.984377
59.0,59,89.115495
172.0,172,89.878825
73.0,73,90.216887
64.0,64,90.361157
1000.0,1000,94.51506
1000.0,1000,98.687916
51.0,51,98.998068
88.0,88,99.393324
118.0,118,99.819195
160.0,160,100.393594
144.0,144,101.070546
123.0,123,101.540515
82.0,82,101.905554
117.0,117,102.344444
124.0,124,102.814982
121.0,121,103.291756
188.0,188,104.110987
135.0,135,104.778158
70.0,70,104.938265
86.0,86,105.331221
182.0,182,106.122295
88.0,88,106.500967
81.0,81,106.875902
72.0,72,107.029274
145.0,145,107.715974
773.0,773,111.036198
182.0,182,111.648458
130.0,130,112.299753
61.0,61,112.433129
81.0,81,112.799538
89.0,89,113.186868
95.0,95,113.604952
98.0,98,114.016105
80.0,80,114.357214
88.0,88,114.732317
64.0,64,114.880273
161.0,161,115.611744
132.0,132,116.102743
1000.0,1000,120.192942
93.0,93,120.580333
212.0,212,121.475844
1000.0,1000,125.534721
109.0,109,125.972164
177.0,177,126.76489
173.0,173,127.535456
106.0,106,127.986993
110.0,110,128.436298
159.0,159,129.141276
1000.0,1000,133.170235
183.0,183,133.952302
218.0,218,134.766785
88.0,88,135.142179
80.0,80,135.325084
110.0,110,135.74732
199.0,199,136.553911
143.0,143,137.250932
195.0,195,138.047777
143.0,143,138.56033
346.0,346,140.083015
123.0,123,140.536935
97.0,97,140.958073
1000.0,1000,145.089174
234.0,234,145.96825
586.0,586,148.386498
137.0,137,148.872961
220.0,220,149.946894
116.0,116,150.39209
98.0,98,150.810552
107.0,107,151.246271
66.0,66,151.604007
113.0,113,152.046565
428.0,428,153.763463
1000.0,1000,157.944831
137.0,137,158.444695
636.0,636,161.243433
1000.0,1000,165.33789
1000.0,1000,169.533022
88.0,88,169.915735
291.0,291,170.94078
323.0,323,172.383259
59.0,59,172.517104
72.0,72,172.862884
1000.0,1000,177.05544
164.0,164,177.78383
1000.0,1000,181.859724
71.0,71,182.012983
82.0,82,182.370927
154.0,154,183.123817
149.0,149,183.626737
1000.0,1000,187.676857
1000.0,1000,191.92193
257.0,257,193.064894
110.0,110,193.511707
96.0,96,193.923577
95.0,95,194.366471
217.0,217,195.189147
228.0,228,196.037735
1000.0,1000,200.231282
161.0,161,200.959389
198.0,198,201.773853
479.0,479,203.835669
1000.0,1000,208.07545
88.0,88,208.47937
1000.0,1000,212.579105
121.0,121,213.052955
110.0,110,213.531271
108.0,108,213.958872
107.0,107,214.380219
234.0,234,215.266536
95.0,95,215.660169
225.0,225,216.785076
141.0,141,217.299006
94.0,94,217.686146
322.0,322,218.954104
177.0,177,219.721061
409.0,409,221.424051
109.0,109,221.868528
847.0,847,225.584674
63.0,63,225.724794
398.0,398,227.426882
1000.0,1000,231.613786
494.0,494,233.79384
1000.0,1000,237.940454
1000.0,1000,242.144017
132.0,132,242.659687
115.0,115,243.264156
107.0,107,243.67355
178.0,178,244.250911
154.0,154,244.939664
95.0,95,245.314728
1000.0,1000,249.386847
1000.0,1000,253.515845
125.0,125,253.978978
88.0,88,254.361054
1000.0,1000,258.546518
322.0,322,259.841972
1000.0,1000,263.924377
1000.0,1000,268.088619
174.0,174,268.810505
157.0,157,269.483611
694.0,694,272.101048
276.0,276,273.280921
1000.0,1000,277.519125
1000.0,1000,281.635467
464.0,464,283.663009
88.0,88,284.083681
93.0,93,284.493074
117.0,117,284.958039
1000.0,1000,288.922661
191.0,191,289.707245
138.0,138,290.204501
143.0,143,290.981894
415.0,415,292.624954
103.0,103,293.040755
139.0,139,293.529862
164.0,164,294.27801
423.0,423,295.997468
147.0,147,296.522334
168.0,168,297.279921
84.0,84,297.653253
107.0,107,298.082962
935.0,935,301.969464
1000.0,1000,306.05954
108.0,108,306.647846
1000.0,1000,310.880641
147.0,147,311.407853
130.0,130,311.880314
97.0,97,312.300835
97.0,97,312.69185
75.0,75,313.03905
89.0,89,313.430162
155.0,155,313.983698
302.0,302,315.237078
114.0,114,315.960921
126.0,126,316.418772
117.0,117,316.878924
121.0,121,317.336205
361.0,361,318.945951
114.0,114,319.388521
511.0,511,321.430027
121.0,121,321.879244
360.0,360,323.432396
1000.0,1000,327.673525
182.0,182,328.49856
99.0,99,328.902912
114.0,114,329.358416
217.0,217,330.230649
173.0,173,330.977272
1000.0,1000,335.143531
1000.0,1000,339.241465
1000.0,1000,343.490734
484.0,484,345.528599
1000.0,1000,349.82971
84.0,84,350.027841
162.0,162,350.770904
1000.0,1000,354.890872
1000.0,1000,359.099795
131.0,131,359.582126
187.0,187,360.371145
158.0,158,361.099255
154.0,154,361.664436
124.0,124,362.307842
115.0,115,362.705967
659.0,659,365.321299
334.0,334,366.93426
97.0,97,367.313074
615.0,615,369.798244
147.0,147,370.312488
218.0,218,371.171482
171.0,171,371.920541
440.0,440,373.904438
111.0,111,374.344191
392.0,392,376.018671
139.0,139,376.522084
563.0,563,378.871402
123.0,123,379.330981
679.0,679,382.287647
120.0,120,382.781008
323.0,323,384.051774
87.0,87,384.42939
111.0,111,384.858222
473.0,473,386.859288
150.0,150,387.379626
108.0,108,387.803867
166.0,166,388.554202
139.0,139,389.046123
102.0,102,389.458955
129.0,129,390.137996
339.0,339,391.583542
90.0,90,391.970482
111.0,111,392.420879
88.0,88,392.798669
682.0,682,395.644493
1000.0,1000,399.899918
100.0,100,400.311022
120.0,120,400.761303
309.0,309,401.97449
420.0,420,403.700212
105.0,105,404.122693
114.0,114,404.589529
152.0,152,405.31839
1000.0,1000,409.546262
1000.0,1000,413.720491
272.0,272,414.939921
125.0,125,415.409899
142.0,142,416.035074
85.0,85,416.426761
217.0,217,417.327617
166.0,166,418.053029
562.0,562,420.484376
730.0,730,423.409018
283.0,283,424.80222
80.0,80,425.174072
1000.0,1000,429.295907
101.0,101,429.711478
246.0,246,430.636164
108.0,108,431.082054
104.0,104,431.498697
748.0,748,434.789103
118.0,118,435.23034
105.0,105,435.654483
117.0,117,436.101401
107.0,107,436.517733
1000.0,1000,440.583601
80.0,80,441.078055
102.0,102,441.488917
101.0,101,441.897853
1000.0,1000,446.059033
150.0,150,446.604681
133.0,133,447.279647
72.0,72,447.627322
93.0,93,447.863914
238.0,238,449.025235
78.0,78,449.49786
554.0,554,451.553304
117.0,117,451.9861
155.0,155,452.692262
1000.0,1000,456.887952
115.0,115,457.327884
97.0,97,457.872854
208.0,208,458.727951
95.0,95,459.139426
122.0,122,459.593167
136.0,136,460.289404
79.0,79,460.464213
147.0,147,461.151417
631.0,631,463.722479
128.0,128,464.17204
101.0,101,464.596902
218.0,218,465.638546
180.0,180,466.370472
559.0,559,468.720841
661.0,661,471.513912
801.0,801,475.040619
119.0,119,475.529723
27.0,27,475.595667
158.0,158,476.335573
114.0,114,476.810133
1000.0,1000,480.950304
148.0,148,481.452788
230.0,230,482.5395
350.0,350,483.984311
187.0,187,484.75817
106.0,106,485.169283
153.0,153,485.855003
144.0,144,486.362257
140.0,140,486.862799
126.0,126,487.508161
88.0,88,487.914332
125.0,125,488.382401
31.0,31,488.451065
92.0,92,488.839073
156.0,156,489.586212
109.0,109,490.055611
386.0,386,491.813065
143.0,143,492.315577
106.0,106,492.731715
142.0,142,493.22527
129.0,129,493.866254
116.0,116,494.296705
102.0,102,494.699398
131.0,131,495.159396
127.0,127,495.614964
557.0,557,497.931131
106.0,106,498.3564
284.0,284,499.659516
129.0,129,500.118087
155.0,155,500.813882
110.0,110,501.274902
1000.0,1000,505.390489
70.0,70,505.722136
121.0,121,506.171896
103.0,103,506.584171
138.0,138,507.074776
125.0,125,507.532355
1000.0,1000,511.750167
237.0,237,512.829979
121.0,121,513.280375
97.0,97,513.67751
149.0,149,514.401374
1000.0,1000,518.717493
122.0,122,519.171239
137.0,137,519.668612
155.0,155,520.420303
62.0,62,520.56685
108.0,108,520.986781
121.0,121,521.650625
104.0,104,522.086948
257.0,257,523.052249
130.0,130,523.536461
113.0,113,524.141397
110.0,110,524.708248
108.0,108,525.143095
1000.0,1000,529.351125
112.0,112,529.793651
967.0,967,533.978442
155.0,155,534.505427
122.0,122,534.977791
202.0,202,535.792753
152.0,152,536.473825
27.0,27,536.535108
1000.0,1000,540.668003
181.0,181,541.539434
184.0,184,542.304831
446.0,446,543.979456
308.0,308,545.174597
1000.0,1000,549.320976
119.0,119,550.133793
1000.0,1000,554.306371
131.0,131,554.8215
213.0,213,555.692942
434.0,434,557.431471
506.0,506,559.733179
327.0,327,561.214069
127.0,127,561.67978
125.0,125,562.169299
156.0,156,562.910219
496.0,496,564.937588
407.0,407,566.738394
1000.0,1000,570.775116
393.0,393,572.384629
103.0,103,572.774054
88.0,88,573.139966
105.0,105,573.556577
1000.0,1000,577.70875
1000.0,1000,581.799552
377.0,377,583.365819
140.0,140,584.04383
135.0,135,584.528757
92.0,92,584.931541
147.0,147,585.636483
424.0,424,587.336495
139.0,139,587.848058
231.0,231,588.737106
343.0,343,590.237782
142.0,142,590.73885
104.0,104,591.143104
124.0,124,591.95462
107.0,107,592.386845
992.0,992,596.505875
1000.0,1000,600.801114
34.0,34,600.876595
767.0,767,604.112084
94.0,94,604.501806
422.0,422,606.167366
332.0,332,607.491702
1000.0,1000,611.824735
117.0,117,612.287234
177.0,177,613.100587
92.0,92,613.49862
624.0,624,616.032465
1000.0,1000,620.37247
516.0,516,622.475612
336.0,336,623.979737
126.0,126,624.449398
118.0,118,624.894651
182.0,182,625.836785
180.0,180,626.617969
360.0,360,627.984025
158.0,158,628.721169
533.0,533,630.82977
187.0,187,631.644925
154.0,154,632.389748
176.0,176,632.983126
319.0,319,634.632481
104.0,104,635.063159
473.0,473,636.900038
1000.0,1000,640.997594
409.0,409,643.040275
186.0,186,643.650069
75.0,75,644.004161
102.0,102,644.414285
127.0,127,644.894434
511.0,511,647.169812
1000.0,1000,651.46956
1000.0,1000,655.530692
236.0,236,656.420609
467.0,467,658.362422
1000.0,1000,662.679014
1000.0,1000,666.799056
177.0,177,667.572025
101.0,101,667.980088
151.0,151,668.700547
544.0,544,670.862349
106.0,106,671.276407
89.0,89,671.669416
200.0,200,672.511606
93.0,93,672.923239
94.0,94,673.322939
97.0,97,673.721456
86.0,86,674.085276
76.0,76,674.432813
620.0,620,677.169236
158.0,158,677.717789
1000.0,1000,681.758919
1000.0,1000,686.040456
1000.0,1000,690.124898
1000.0,1000,694.351309
1000.0,1000,698.402706
119.0,119,699.068053
1000.0,1000,703.299587
93.0,93,703.71385
89.0,89,703.927188
126.0,126,704.560505
96.0,96,704.95306
90.0,90,705.350601
86.0,86,705.539734
1000.0,1000,709.84502
1000.0,1000,713.99739
1000.0,1000,718.450932
645.0,645,721.145595
110.0,110,721.57401
664.0,664,724.384819
150.0,150,724.888389
565.0,565,727.467117
153.0,153,728.004333
113.0,113,728.441317
117.0,117,729.059511
159.0,159,729.595855
1000.0,1000,733.71428
116.0,116,734.154749
1000.0,1000,738.328233
1000.0,1000,742.392141
105.0,105,743.029122
74.0,74,743.366232
88.0,88,743.731361
153.0,153,744.430948
344.0,344,745.739735
1000.0,1000,749.75484
177.0,177,750.499344
105.0,105,751.11556
92.0,92,751.459385
1000.0,1000,755.496953
107.0,107,755.917122
1000.0,1000,760.316186
1000.0,1000,764.531222
24.0,24,764.585896
1000.0,1000,768.932941
565.0,565,771.312382
107.0,107,771.738586
147.0,147,772.254842
730.0,730,775.348815
134.0,134,775.828966
377.0,377,777.652359
451.0,451,779.415418
234.0,234,780.50359
503.0,503,782.617583
1000.0,1000,787.032078
202.0,202,787.860518
1000.0,1000,792.012708
115.0,115,792.45785
116.0,116,792.905196
1000.0,1000,797.276095
1000.0,1000,801.34784
98.0,98,801.980981
724.0,724,804.715763
1000.0,1000,808.844156
122.0,122,809.279151
620.0,620,812.232126
99.0,99,812.639143
1000.0,1000,816.81967
90.0,90,817.028972
71.0,71,817.380532
191.0,191,818.134272
297.0,297,819.59297
75.0,75,819.969698
162.0,162,820.521786
96.0,96,820.88961
546.0,546,823.2442
188.0,188,824.030019
182.0,182,824.640629
192.0,192,825.436066
1000.0,1000,829.838486
309.0,309,831.261817
116.0,116,831.712104
111.0,111,832.136566
1000.0,1000,836.437124
114.0,114,836.861137
212.0,212,837.717739
1000.0,1000,841.879055
192.0,192,842.698911
109.0,109,843.171626
411.0,411,845.094873
1000.0,1000,849.161136
313.0,313,850.420228
680.0,680,853.542535
85.0,85,853.920439
1000.0,1000,858.056478
110.0,110,858.493134
142.0,142,859.0221
1000.0,1000,863.300916
120.0,120,863.948067
134.0,134,864.448019
1000.0,1000,868.604637
269.0,269,870.042423
1000.0,1000,874.162556
1000.0,1000,878.487362
198.0,198,879.279655
453.0,453,881.023234
592.0,592,883.403772
181.0,181,884.187592
1000.0,1000,888.556824
38.0,38,888.643801
327.0,327,890.096417
105.0,105,890.511238
123.0,123,890.970952
84.0,84,891.333987
1000.0,1000,895.570718
1000.0,1000,899.749666
597.0,597,902.122972
128.0,128,902.587602
62.0,62,903.159311
105.0,105,903.574651
1000.0,1000,907.752674
1000.0,1000,912.056658
107.0,107,912.480135
167.0,167,913.048206
1000.0,1000,917.270108
1000.0,1000,921.680377
127.0,127,922.336272
99.0,99,922.748441
104.0,104,923.17051
247.0,247,924.071056
1000.0,1000,928.165708
78.0,78,928.796419
156.0,156,929.354146
195.0,195,930.177698
112.0,112,930.805008
123.0,123,931.286577
182.0,182,932.076438
1000.0,1000,936.130555
82.0,82,936.32285
1000.0,1000,940.690055
840.0,840,944.225608
1000.0,1000,948.634348
148.0,148,949.141664
164.0,164,949.862787
91.0,91,950.236536
1000.0,1000,954.472481
200.0,200,955.25976
1000.0,1000,959.373373
1000.0,1000,963.678864
102.0,102,964.095898
190.0,190,964.918373
514.0,514,967.036432
128.0,128,967.530865
554.0,554,969.913963
119.0,119,970.386962
137.0,137,971.170109
1000.0,1000,975.271073
154.0,154,975.999736
683.0,683,978.771116
1000.0,1000,983.121641
1000.0,1000,987.070789
1000.0,1000,991.408535
1000.0,1000,995.450085
595.0,595,998.222052
86.0,86,998.415315
623.0,623,1001.113273
109.0,109,1001.546453
1000.0,1000,1006.112426
172.0,172,1006.681174
443.0,443,1008.60148
999.0,999,1012.611816
131.0,131,1013.392835
98.0,98,1013.808528
91.0,91,1014.203681
128.0,128,1014.697364
135.0,135,1015.377501
1000.0,1000,1019.486768
1000.0,1000,1023.796826
124.0,124,1024.300853
1000.0,1000,1028.450134
129.0,129,1028.941834
126.0,126,1029.589934
1000.0,1000,1033.992509
78.0,78,1034.186962
206.0,206,1035.02209
90.0,90,1035.419794
139.0,139,1036.097582
1000.0,1000,1040.516912
150.0,150,1041.082402
1000.0,1000,1045.225416
99.0,99,1045.639972
107.0,107,1046.072818
1000.0,1000,1050.460379
89.0,89,1050.833587
186.0,186,1051.628785
98.0,98,1052.036197
135.0,135,1052.517786
84.0,84,1052.888524
148.0,148,1053.591701
175.0,175,1054.160316
1000.0,1000,1058.526106
1000.0,1000,1062.60797
72.0,72,1062.959559
99.0,99,1063.396698
154.0,154,1064.417098
701.0,701,1067.256575
171.0,171,1067.838459
225.0,225,1068.918972
143.0,143,1069.434162
152.0,152,1070.150189
171.0,171,1070.71677
125.0,125,1071.36394
86.0,86,1071.557251
1000.0,1000,1076.014849
1000.0,1000,1079.947732
110.0,110,1080.394689
98.0,98,1080.79019
62.0,62,1081.422295
93.0,93,1081.795475
70.0,70,1082.131018
1000.0,1000,1086.311662
1000.0,1000,1090.659136
64.0,64,1090.804805
208.0,208,1091.628856
136.0,136,1092.303194
432.0,432,1094.047212
423.0,423,1095.734097
117.0,117,1096.19235
122.0,122,1096.839551
225.0,225,1097.707014
1000.0,1000,1102.199092
993.0,993,1106.36716
359.0,359,1108.024467
1000.0,1000,1112.008359
1000.0,1000,1116.413601
1000.0,1000,1120.53772
94.0,94,1120.919548
1000.0,1000,1125.41061
1000.0,1000,1129.569891
87.0,87,1129.944086
623.0,623,1133.066295
98.0,98,1133.477443
274.0,274,1134.408848
264.0,264,1135.502964
124.0,124,1135.959136
123.0,123,1136.431355
93.0,93,1136.833382
1000.0,1000,1141.17081
161.0,161,1141.925396
79.0,79,1142.300886
108.0,108,1142.717044
123.0,123,1143.171251
77.0,77,1143.523678
127.0,127,1144.010422
133.0,133,1144.537994
119.0,119,1145.171034
87.0,87,1145.368759
1000.0,1000,1149.749108
67.0,67,1150.09378
308.0,308,1151.355589
128.0,128,1151.794862
1000.0,1000,1155.714304
111.0,111,1156.346197
90.0,90,1156.56519
1000.0,1000,1160.983726
1000.0,1000,1165.154088
1000.0,1000,1169.54852
717.0,717,1172.666137
1000.0,1000,1177.142088
75.0,75,1177.308132
1000.0,1000,1181.413949
1000.0,1000,1185.902022
586.0,586,1188.330964
938.0,938,1192.632594
152.0,152,1193.168825
1000.0,1000,1197.277403
1000.0,1000,1201.749364
1000.0,1000,1205.850123
1000.0,1000,1210.343772
1000.0,1000,1214.488591
1000.0,1000,1219.084785
154.0,154,1219.81619
89.0,89,1220.191809
1000.0,1000,1224.297324
1000.0,1000,1228.778913
1000.0,1000,1232.91159
341.0,341,1234.215069
97.0,97,1234.61664
1000.0,1000,1239.158795
193.0,193,1239.99268
400.0,400,1241.640964
1000.0,1000,1246.044501
334.0,334,1247.338212
101.0,101,1247.75573
1000.0,1000,1251.814206
336.0,336,1253.707606
1000.0,1000,1257.744786
1000.0,1000,1262.199561
96.0,96,1262.593843
394.0,394,1264.065358
1000.0,1000,1268.164816
1000.0,1000,1272.661344
79.0,79,1273.008711
1000.0,1000,1277.210485
1000.0,1000,1281.739072
1000.0,1000,1285.900495
1000.0,1000,1290.42732
1000.0,1000,1294.550743
1000.0,1000,1299.043491
713.0,713,1301.861837
1000.0,1000,1306.350718
764.0,764,1309.485141
1000.0,1000,1313.930356
107.0,107,1314.382323
126.0,126,1314.869651
1000.0,1000,1318.977103
1000.0,1000,1323.499604
934.0,934,1327.535337
1000.0,1000,1332.015081
102.0,102,1332.446525
137.0,137,1332.942667
1000.0,1000,1337.147505
1000.0,1000,1341.565603
1000.0,1000,1345.58253
1000.0,1000,1350.078873
1000.0,1000,1354.262798
192.0,192,1355.049752
188.0,188,1356.283762
337.0,337,1357.641519
123.0,123,1358.299731
569.0,569,1360.595725
249.0,249,1361.691303
1000.0,1000,1366.185125
704.0,704,1369.10038
955.0,955,1373.417157
97.0,97,1373.840544
118.0,118,1374.315795
75.0,75,1374.692882
409.0,409,1376.429338
125.0,125,1377.107836
1000.0,1000,1381.372335
105.0,105,1382.234309
88.0,88,1382.451641
95.0,95,1382.854571
1000.0,1000,1387.081969
439.0,439,1389.019113
106.0,106,1389.431814
434.0,434,1391.491103
306.0,306,1392.686659
87.0,87,1393.060438
495.0,495,1395.204425
67.0,67,1395.566185
117.0,117,1396.017468
39.0,39,1396.103379
74.0,74,1396.455597
197.0,197,1397.309937
118.0,118,1397.757977
115.0,115,1398.214552
137.0,137,1398.896309
65.0,65,1399.044564
253.0,253,1400.584368
272.0,272,1401.768374
86.0,86,1401.972326
77.0,77,1402.349609
70.0,70,1402.700322
95.0,95,1403.102264
75.0,75,1403.457515
59.0,59,1403.584872
338.0,338,1405.117504
214.0,214,1405.966612
62.0,62,1406.111964
78.0,78,1406.475897
60.0,60,1406.787375
175.0,175,1407.590595
98.0,98,1407.820351
56.0,56,1408.544447
92.0,92,1408.923286
78.0,78,1409.278177
88.0,88,1409.666124
103.0,103,1410.104604
83.0,83,1410.298012
213.0,213,1411.338392
87.0,87,1411.532446
58.0,58,1411.846426
85.0,85,1412.226345
72.0,72,1412.575766
83.0,83,1412.764217
1000.0,1000,1417.365122
73.0,73,1417.699384
106.0,106,1418.106551
1000.0,1000,1422.282789
85.0,85,1422.650535
93.0,93,1423.033502
53.0,53,1423.331142
196.0,196,1424.135072
71.0,71,1424.303347
71.0,71,1424.653626
76.0,76,1425.000953
74.0,74,1425.184872
94.0,94,1426.01383
86.0,86,1426.41854
58.0,58,1426.734586
83.0,83,1427.099856
54.0,54,1427.220259
222.0,222,1428.077409
1000.0,1000,1432.18666
76.0,76,1432.535417
73.0,73,1432.878772
100.0,100,1433.309624
84.0,84,1433.715475
198.0,198,1434.962042
142.0,142,1435.476908
1000.0,1000,1439.667491
62.0,62,1440.000968
77.0,77,1440.370334
59.0,59,1440.500429
73.0,73,1440.843745
204.0,204,1441.667075
197.0,197,1442.51407
69.0,69,1443.266693
1000.0,1000,1447.448375
190.0,190,1448.081404
1000.0,1000,1452.747645
87.0,87,1453.158217
183.0,183,1453.900991
226.0,226,1454.810884
75.0,75,1455.180916
72.0,72,1455.542901
65.0,65,1455.874761
156.0,156,1456.407269
162.0,162,1457.131453
179.0,179,1457.895307
92.0,92,1458.093678
175.0,175,1458.845582
191.0,191,1459.678873
60.0,60,1460.004186
138.0,138,1460.939866
68.0,68,1461.301612
165.0,165,1461.862483
87.0,87,1462.259956
72.0,72,1462.618275
1000.0,1000,1466.738171
157.0,157,1467.451312
1000.0,1000,1472.001453
364.0,364,1473.37485
180.0,180,1474.157107
271.0,271,1475.326192
1000.0,1000,1479.960495
318.0,318,1481.285532
264.0,264,1482.450987
533.0,533,1484.614405
711.0,711,1488.069084
398.0,398,1489.713126
810.0,810,1492.969902
84.0,84,1493.341937
1000.0,1000,1497.752434
611.0,611,1500.251361
296.0,296,1501.512042
391.0,391,1503.114367
1000.0,1000,1507.712526
81.0,81,1508.097977
109.0,109,1508.516232
1000.0,1000,1513.104172
1000.0,1000,1517.213516
360.0,360,1518.578035
107.0,107,1519.005529
77.0,77,1519.370539
108.0,108,1519.832155
89.0,89,1520.238092
1000.0,1000,1524.848347
83.0,83,1525.222702
243.0,243,1526.121622
129.0,129,1526.803491
83.0,83,1527.183193
74.0,74,1527.362374
84.0,84,1527.759326
126.0,126,1528.238895
77.0,77,1528.602745
1000.0,1000,1533.101667
1000.0,1000,1537.171518
286.0,286,1538.412094
1000.0,1000,1543.015541
1000.0,1000,1547.085953
1000.0,1000,1551.531519
107.0,107,1551.947989
1000.0,1000,1556.436455
77.0,77,1556.803375
1000.0,1000,1560.871533
1000.0,1000,1565.472501
98.0,98,1565.87048
1000.0,1000,1569.92777
77.0,77,1570.295921
76.0,76,1570.485706
267.0,267,1571.66908
77.0,77,1572.042491
72.0,72,1572.375282
90.0,90,1572.578501
1000.0,1000,1577.073861
102.0,102,1577.45314
95.0,95,1577.828208
81.0,81,1578.185081
88.0,88,1578.552203
381.0,381,1580.124135
78.0,78,1580.461058
80.0,80,1580.631545
1000.0,1000,1585.148641
69.0,69,1585.491229
92.0,92,1585.899273
69.0,69,1586.25706
58.0,58,1586.392847
82.0,82,1586.767228
387.0,387,1588.400958
74.0,74,1588.741895
86.0,86,1589.104119
80.0,80,1589.291599
80.0,80,1589.64824
127.0,127,1590.747215
62.0,62,1590.884156
91.0,91,1591.260982
77.0,77,1591.606959
80.0,80,1591.953235
80.0,80,1592.126397
107.0,107,1592.54726
92.0,92,1592.931866
64.0,64,1593.248631
64.0,64,1593.565949
63.0,63,1593.707587
61.0,61,1594.021529
1000.0,1000,1597.994179
76.0,76,1598.360399
153.0,153,1599.380555
204.0,204,1600.243711
75.0,75,1600.596319
89.0,89,1600.989287
110.0,110,1601.425003
776.0,776,1604.726712
84.0,84,1605.107135
93.0,93,1605.497176
72.0,72,1605.662335
103.0,103,1606.086116
130.0,130,1606.733186
67.0,67,1606.878664
66.0,66,1607.213096
121.0,121,1608.134521
87.0,87,1608.517159
79.0,79,1608.898079
106.0,106,1609.364535
134.0,134,1609.858134
134.0,134,1610.527064
85.0,85,1610.735112
107.0,107,1611.168026
1000.0,1000,1615.361143
475.0,475,1617.801652
97.0,97,1618.201342
95.0,95,1618.60645
310.0,310,1619.884259
114.0,114,1620.317255
83.0,83,1620.669912
296.0,296,1621.886678
1000.0,1000,1626.433966
270.0,270,1627.550504
259.0,259,1628.478845
128.0,128,1629.161454
97.0,97,1629.557639
84.0,84,1629.946594
72.0,72,1630.105131
90.0,90,1630.489442
77.0,77,1630.853008
85.0,85,1631.235583
304.0,304,1632.5325
293.0,293,1634.199922
89.0,89,1634.57349
517.0,517,1636.637355
95.0,95,1637.029538
131.0,131,1637.498608
274.0,274,1638.69451
251.0,251,1639.689662
110.0,110,1640.126023
83.0,83,1640.496916
80.0,80,1640.867755
1000.0,1000,1645.355485
319.0,319,1646.614417
138.0,138,1647.278507
88.0,88,1647.471947
88.0,88,1647.840451
84.0,84,1648.194279
1000.0,1000,1652.70963
684.0,684,1655.552627
90.0,90,1655.943146
1000.0,1000,1660.545546
105.0,105,1660.955724
95.0,95,1661.349463
73.0,73,1661.695309
88.0,88,1662.077246
172.0,172,1662.645935
1000.0,1000,1666.752779
340.0,340,1668.759863
90.0,90,1669.185724
97.0,97,1669.570845
83.0,83,1669.748287
322.0,322,1671.192966
356.0,356,1672.551741
73.0,73,1672.887629
82.0,82,1673.255662
784.0,784,1676.538446
1000.0,1000,1681.170819
244.0,244,1682.070013
77.0,77,1682.419783
405.0,405,1684.04796
1000.0,1000,1688.672874
499.0,499,1690.702211
292.0,292,1691.901586
1000.0,1000,1696.464713
102.0,102,1696.893281
97.0,97,1697.287081
1000.0,1000,1701.382947
120.0,120,1701.833756
629.0,629,1704.852053
107.0,107,1705.28153
619.0,619,1707.774477
1000.0,1000,1712.310746
442.0,442,1714.221097
390.0,390,1715.875228
79.0,79,1716.22946
143.0,143,1716.733462
1000.0,1000,1721.371332
75.0,75,1721.730934
120.0,120,1722.195449
103.0,103,1722.618683
78.0,78,1722.961246
503.0,503,1725.005498
1000.0,1000,1729.723044
78.0,78,1730.085901
64.0,64,1730.23755
88.0,88,1730.631875
81.0,81,1731.000196
104.0,104,1731.412705
77.0,77,1731.800787
1000.0,1000,1735.845306
221.0,221,1736.708839
1000.0,1000,1741.397914
499.0,499,1743.532597
114.0,114,1743.995485
119.0,119,1744.467619
84.0,84,1744.847224
134.0,134,1745.342494
101.0,101,1745.762119
101.0,101,1746.17746
102.0,102,1746.5887
81.0,81,1747.454281
779.0,779,1750.719347
98.0,98,1751.131705
1000.0,1000,1755.219644
824.0,824,1759.168483
91.0,91,1759.591683
1000.0,1000,1763.673347
816.0,816,1767.517492
141.0,141,1768.22369
1000.0,1000,1772.353599
1000.0,1000,1776.971845
79.0,79,1777.333581
76.0,76,1777.507704
686.0,686,1780.314268
69.0,69,1780.650886
683.0,683,1784.028082
87.0,87,1784.41641
900.0,900,1788.171988
96.0,96,1788.595153
1000.0,1000,1793.279957
165.0,165,1793.831095
1000.0,1000,1797.910908
77.0,77,1798.273349
158.0,158,1799.003747
454.0,454,1801.314862
913.0,913,1805.073922
1000.0,1000,1809.672951
148.0,148,1810.397295
93.0,93,1810.795281
1000.0,1000,1814.923133
395.0,395,1816.544165
563.0,563,1819.283151
1000.0,1000,1823.367932
649.0,649,1826.66515
81.0,81,1826.867075
111.0,111,1827.492483
420.0,420,1829.187504
181.0,181,1829.985205
1000.0,1000,1834.113932
290.0,290,1835.671916
83.0,83,1836.048263
90.0,90,1836.426109
1000.0,1000,1840.53395
73.0,73,1840.898357
141.0,141,1841.393242
1000.0,1000,1846.000304
89.0,89,1846.401902
287.0,287,1847.615636
350.0,350,1849.161087
903.0,903,1853.378196
138.0,138,1853.886478
1000.0,1000,1858.011129
1000.0,1000,1862.688354
1000.0,1000,1866.773047
1000.0,1000,1871.489858
1000.0,1000,1875.614917
1000.0,1000,1880.292116
1000.0,1000,1884.401436
670.0,670,1887.755538
983.0,983,1891.806359
148.0,148,1892.314624
622.0,622,1894.797176
1000.0,1000,1899.510977
130.0,130,1900.150056
107.0,107,1900.572984
1000.0,1000,1905.190889
1000.0,1000,1909.285224
1000.0,1000,1913.912425
95.0,95,1914.306694
607.0,607,1916.787398
293.0,293,1918.006999
474.0,474,1919.793839
109.0,109,1920.226341
85.0,85,1920.612616
224.0,224,1921.678522
1000.0,1000,1926.279188
113.0,113,1926.698756
1000.0,1000,1931.341833
770.0,770,1934.291061
1000.0,1000,1938.25442
643.0,643,1941.46004
478.0,478,1943.447491
300.0,300,1944.672191
616.0,616,1947.211895
972.0,972,1951.60028
398.0,398,1953.245665
121.0,121,1953.885878
89.0,89,1954.264346
1000.0,1000,1958.914658
416.0,416,1960.607602
82.0,82,1960.792236
109.0,109,1961.4194
1000.0,1000,1966.143013
262.0,262,1967.123552
1000.0,1000,1971.154209
1000.0,1000,1975.814134
104.0,104,1976.238191
292.0,292,1977.466888
809.0,809,1980.725734
1000.0,1000,1985.397794
1000.0,1000,1989.503722
1000.0,1000,1994.203678
419.0,419,1995.904534
97.0,97,1996.317224
131.0,131,1996.968036
711.0,711,1999.866534
98.0,98,2000.280949
1000.0,1000,2005.035308
161.0,161,2005.595414
88.0,88,2005.97256
266.0,266,2007.118157
332.0,332,2008.40225
85.0,85,2008.774019
1000.0,1000,2013.392063
366.0,366,2014.938946
1000.0,1000,2019.686579
1000.0,1000,2023.77585
1000.0,1000,2028.567515
260.0,260,2029.526966
1000.0,1000,2033.631462
397.0,397,2035.243007
1000.0,1000,2039.970014
1000.0,1000,2044.08785
1000.0,1000,2048.771914
651.0,651,2051.515259
1000.0,1000,2056.238036
1000.0,1000,2060.324155
1000.0,1000,2065.018818
1000.0,1000,2069.148395
557.0,557,2071.932549
1000.0,1000,2076.07914
775.0,775,2079.374666
145.0,145,2080.676397
487.0,487,2082.771636
1000.0,1000,2086.908529
1000.0,1000,2091.592567
1000.0,1000,2095.686012
965.0,965,2100.124033
1000.0,1000,2104.273105
1000.0,1000,2108.975693
294.0,294,2110.22092
91.0,91,2110.606661
401.0,401,2112.243681
1000.0,1000,2116.967457
212.0,212,2117.825541
1000.0,1000,2121.973702
932.0,932,2126.314245
359.0,359,2127.894421
434.0,434,2129.637585
319.0,319,2131.080735
110.0,110,2131.516272
78.0,78,2131.690049
415.0,415,2134.153453
750.0,750,2137.160062
101.0,101,2137.579842
1000.0,1000,2141.721246
368.0,368,2143.925867
626.0,626,2146.44213
487.0,487,2148.516359
1000.0,1000,2153.327089
131.0,131,2153.810449
408.0,408,2155.481436
560.0,560,2157.884957
529.0,529,2160.601725
307.0,307,2161.862944
670.0,670,2164.759905
526.0,526,2166.864529
295.0,295,2168.078469
399.0,399,2170.328351
90.0,90,2170.728033
1000.0,1000,2174.838946
99.0,99,2175.24931
354.0,354,2176.781838
1000.0,1000,2181.511344
324.0,324,2182.767128
65.0,65,2182.90957
74.0,74,2183.245689
109.0,109,2183.664346
350.0,350,2185.136924
84.0,84,2185.494
1000.0,1000,2190.000957
112.0,112,2190.410964
212.0,212,2191.21563
1000.0,1000,2195.83257
892.0,892,2199.566046
1000.0,1000,2204.356825
647.0,647,2206.913909
652.0,652,2209.659765
1000.0,1000,2214.480379
115.0,115,2215.005413
1000.0,1000,2219.266007
543.0,543,2221.521682
112.0,112,2222.759963
882.0,882,2226.333946
385.0,385,2227.992354
346.0,346,2229.532571
105.0,105,2229.958472
1000.0,1000,2234.891099
699.0,699,2237.803558
1000.0,1000,2242.541014
1000.0,1000,2246.730498
1000.0,1000,2251.561961
1000.0,1000,2255.641452
1000.0,1000,2260.345046
75.0,75,2260.528392
1000.0,1000,2264.642477
123.0,123,2265.289556
1000.0,1000,2269.932634
1000.0,1000,2274.136132
1000.0,1000,2278.918266
1000.0,1000,2283.101811
1000.0,1000,2287.928163
1000.0,1000,2292.023597
426.0,426,2294.36323
338.0,338,2295.673939
538.0,538,2297.958441
1000.0,1000,2302.653083
456.0,456,2304.421023
1000.0,1000,2308.525271
662.0,662,2311.968849
445.0,445,2313.698245
76.0,76,2314.052913
1000.0,1000,2318.116392
1000.0,1000,2322.892193
1000.0,1000,2327.012936
1000.0,1000,2331.87698
1000.0,1000,2335.938678
1000.0,1000,2340.813196
1000.0,1000,2344.914126
1000.0,1000,2349.732527
496.0,496,2351.758635
1000.0,1000,2356.342789
1000.0,1000,2360.542157
96.0,96,2360.953295
1000.0,1000,2365.756131
1000.0,1000,2369.899048
270.0,270,2371.062912
98.0,98,2371.467772
649.0,649,2374.792175
815.0,815,2378.107295
1000.0,1000,2382.97036
121.0,121,2383.62893
1000.0,1000,2387.59114
375.0,375,2388.999878
1000.0,1000,2393.829579
103.0,103,2394.292234
624.0,624,2397.004972
1000.0,1000,2401.884078
386.0,386,2403.269413
1000.0,1000,2407.36282
931.0,931,2412.07899
484.0,484,2414.140636
810.0,810,2417.429496
1000.0,1000,2421.982273
1000.0,1000,2426.112467
1000.0,1000,2430.872799
1000.0,1000,2434.949416
211.0,211,2436.451873
1000.0,1000,2440.537405
339.0,339,2441.886129
1000.0,1000,2446.769834
283.0,283,2447.985337
331.0,331,2449.255781
1000.0,1000,2454.204489
1000.0,1000,2458.333911
157.0,157,2459.072201
150.0,150,2459.605505
102.0,102,2460.020106
1000.0,1000,2464.78465
1000.0,1000,2468.827907
1000.0,1000,2473.536853
259.0,259,2474.693228
504.0,504,2476.795352
1000.0,1000,2481.615219
1000.0,1000,2485.756411
1000.0,1000,2490.625867
1000.0,1000,2494.754231
126.0,126,2495.21974
1000.0,1000,2500.030318
220.0,220,2500.869674
1000.0,1000,2504.999911
542.0,542,2508.036988
1000.0,1000,2512.076639
1000.0,1000,2516.919618
418.0,418,2518.589887
1000.0,1000,2522.678096
1000.0,1000,2527.500942
357.0,357,2529.01168
119.0,119,2529.46314
1000.0,1000,2534.281446
441.0,441,2535.980935
129.0,129,2536.626846
1000.0,1000,2540.60664
81.0,81,2540.786045
135.0,135,2541.427762
1000.0,1000,2546.167693
610.0,610,2548.581079
1000.0,1000,2553.330518
553.0,553,2555.547575
601.0,601,2558.002941
1000.0,1000,2562.819088
1000.0,1000,2566.881988
1000.0,1000,2571.700571
388.0,388,2573.33724
890.0,890,2576.924522
1000.0,1000,2581.835504
862.0,862,2585.390766
276.0,276,2586.373206
1000.0,1000,2591.201844
1000.0,1000,2595.295741
574.0,574,2598.462058
110.0,110,2598.89743
1000.0,1000,2602.892494
1000.0,1000,2607.8108
1000.0,1000,2611.967408
673.0,673,2615.472488
1000.0,1000,2619.600598
1000.0,1000,2624.455935
336.0,336,2625.768173
492.0,492,2627.796308
1000.0,1000,2632.61581
439.0,439,2634.573277
1000.0,1000,2638.600301
1000.0,1000,2643.382632
426.0,426,2645.081738
1000.0,1000,2649.904575
99.0,99,2650.30758
890.0,890,2654.021921
444.0,444,2655.814149
810.0,810,2659.925721
80.0,80,2660.29382
412.0,412,2661.969724
113.0,113,2662.399138
116.0,116,2663.02483
119.0,119,2663.479798
177.0,177,2664.237389
87.0,87,2664.433665
309.0,309,2665.869485
365.0,365,2667.995289
114.0,114,2668.427907
1000.0,1000,2672.520026
104.0,104,2672.940768
986.0,986,2677.724088
1000.0,1000,2681.799465
179.0,179,2682.580797
1000.0,1000,2687.484524
317.0,317,2688.783234
1000.0,1000,2692.905691
91.0,91,2693.314631
1000.0,1000,2698.258218
1000.0,1000,2702.436634
1000.0,1000,2707.287873
1000.0,1000,2711.400362
1000.0,1000,2716.310093
1000.0,1000,2720.40661
695.0,695,2724.011436
1000.0,1000,2728.092148
1000.0,1000,2732.962265
1000.0,1000,2737.148222
828.0,828,2741.217326
105.0,105,2741.63287
1000.0,1000,2745.763767
84.0,84,2746.14642
1000.0,1000,2751.004594
1000.0,1000,2755.087302
982.0,982,2759.982693
341.0,341,2761.25131
128.0,128,2761.917214
312.0,312,2763.170249
666.0,666,2766.812035
1000.0,1000,2770.978487
127.0,127,2771.445309
118.0,118,2771.87881
953.0,953,2776.672855
1000.0,1000,2780.885322
771.0,771,2783.924229
1000.0,1000,2788.90034
1000.0,1000,2793.064101
1000.0,1000,2797.958143
1000.0,1000,2802.040087
1000.0,1000,2806.937379
819.0,819,2810.360823
128.0,128,2811.034409
84.0,84,2812.204099
857.0,857,2815.630635
1000.0,1000,2819.702693
1000.0,1000,2824.645232
1000.0,1000,2828.736013
1000.0,1000,2833.656796
112.0,112,2834.114425
1000.0,1000,2838.195588
107.0,107,2839.444275
1000.0,1000,2843.572658
1000.0,1000,2848.575835
158.0,158,2849.305582
99.0,99,2849.722136
669.0,669,2852.528487
1000.0,1000,2857.429114
1000.0,1000,2861.622794
1000.0,1000,2866.588546
681.0,681,2869.317401
1000.0,1000,2873.405593
1000.0,1000,2878.425387
371.0,371,2880.052213
1000.0,1000,2885.01296
1000.0,1000,2889.178655
714.0,714,2892.149172
1000.0,1000,2897.042562
1000.0,1000,2901.106343
1000.0,1000,2906.007435
150.0,150,2906.702065
89.0,89,2907.08586
1000.0,1000,2912.009272
1000.0,1000,2916.02151
1000.0,1000,2920.956678
798.0,798,2924.260044
1000.0,1000,2928.342254
149.0,149,2928.845226
1000.0,1000,2933.839697
1000.0,1000,2937.749121
1000.0,1000,2942.663734
1000.0,1000,2946.710798
1000.0,1000,2951.757909
992.0,992,2955.795081
1000.0,1000,2960.81177
1000.0,1000,2964.889451
1000.0,1000,2969.743093
640.0,640,2972.366233
1000.0,1000,2977.266812
761.0,761,2980.410413
1000.0,1000,2985.352071
1000.0,1000,2989.468176
256.0,256,2990.611015
157.0,157,2991.158989
1000.0,1000,2996.199566
1000.0,1000,3000.319036
348.0,348,3002.6583
1000.0,1000,3006.734922
1000.0,1000,3011.744406
114.0,114,3012.159263
449.0,449,3013.911117
1000.0,1000,3018.055124
1000.0,1000,3022.989871
1000.0,1000,3027.207074
211.0,211,3028.090004
1000.0,1000,3033.055879
1000.0,1000,3037.129081
100.0,100,3037.53819
113.0,113,3038.838897
1000.0,1000,3043.043056
734.0,734,3046.24544
1000.0,1000,3051.305582
147.0,147,3051.832284
982.0,982,3055.911935
646.0,646,3059.589817
1000.0,1000,3063.816004
92.0,92,3064.025446
1000.0,1000,3069.02928
1000.0,1000,3073.140402
1000.0,1000,3078.055536
1000.0,1000,3082.220763
92.0,92,3082.629875
1000.0,1000,3087.56998
1000.0,1000,3091.518801
1000.0,1000,3096.517482
1000.0,1000,3100.594959
1000.0,1000,3105.636459
1000.0,1000,3109.708007
1000.0,1000,3114.6422
1000.0,1000,3118.735866
1000.0,1000,3123.675473
1000.0,1000,3127.669531
1000.0,1000,3132.568358
1000.0,1000,3136.583947
1000.0,1000,3141.616491
1000.0,1000,3145.761322
1000.0,1000,3150.748712
1000.0,1000,3154.821215
1000.0,1000,3159.892005
1000.0,1000,3163.917769
1000.0,1000,3168.905855
1000.0,1000,3172.985709
492.0,492,3175.932324
1000.0,1000,3180.070991
1000.0,1000,3185.136434
576.0,576,3187.58666
115.0,115,3188.022796
1000.0,1000,3192.072785
1000.0,1000,3197.117155
1000.0,1000,3201.126572
1000.0,1000,3206.150762
1000.0,1000,3210.291412
1000.0,1000,3215.255588
326.0,326,3216.50864
1000.0,1000,3221.566835
345.0,345,3223.108477
1000.0,1000,3227.165322
1000.0,1000,3232.135529
1000.0,1000,3236.234065
1000.0,1000,3241.257592
1000.0,1000,3245.413343
1000.0,1000,3250.434375
138.0,138,3250.921102
1000.0,1000,3254.963902
1000.0,1000,3259.967227
1000.0,1000,3264.208874
100.0,100,3264.635535
84.0,84,3265.017852
218.0,218,3266.850155
97.0,97,3267.249784
91.0,91,3267.642802
1000.0,1000,3271.774786
457.0,457,3273.714088
1000.0,1000,3278.797367
1000.0,1000,3282.825368
85.0,85,3283.214736
489.0,489,3286.23727
105.0,105,3286.675297
1000.0,1000,3290.721279
472.0,472,3292.537374
103.0,103,3293.853446
526.0,526,3296.075394
1000.0,1000,3300.21935
1000.0,1000,3305.250987
1000.0,1000,3309.408448
1000.0,1000,3314.538338
1000.0,1000,3318.604728
1000.0,1000,3323.628124
889.0,889,3327.162035
1000.0,1000,3332.293803
1000.0,1000,3336.431346
1000.0,1000,3341.51651
1000.0,1000,3345.68852
1000.0,1000,3350.751983
1000.0,1000,3354.743692
1000.0,1000,3359.862522
1000.0,1000,3363.956456
1000.0,1000,3369.082511
1000.0,1000,3373.195721
1000.0,1000,3378.248911
1000.0,1000,3382.449149
1000.0,1000,3387.630714
1000.0,1000,3391.693684
1000.0,1000,3396.78254
1000.0,1000,3400.896966
730.0,730,3405.008348
1000.0,1000,3409.087401
1000.0,1000,3413.993088
1000.0,1000,3418.137023
1000.0,1000,3423.293242
1000.0,1000,3427.36567
1000.0,1000,3432.49632
1000.0,1000,3436.62807
1000.0,1000,3441.712825
1000.0,1000,3445.799429
1000.0,1000,3450.789777
1000.0,1000,3454.955368
1000.0,1000,3460.022118
1000.0,1000,3464.075595
1000.0,1000,3469.133486
1000.0,1000,3473.261733
1000.0,1000,3478.361401
1000.0,1000,3482.473065
1000.0,1000,3487.632766
1000.0,1000,3491.672608
1000.0,1000,3496.767875
1000.0,1000,3500.962163
1000.0,1000,3506.105647
697.0,697,3508.955993
1000.0,1000,3513.03849
925.0,925,3517.879359
1000.0,1000,3522.016211
1000.0,1000,3527.077855
1000.0,1000,3531.07469
1000.0,1000,3536.096134
1000.0,1000,3540.184081
1000.0,1000,3545.220643
1000.0,1000,3549.379608
1000.0,1000,3554.612582
1000.0,1000,3558.837811
1000.0,1000,3564.000988
1000.0,1000,3568.126375
1000.0,1000,3573.275624
1000.0,1000,3577.271853
1000.0,1000,3582.430267
497.0,497,3584.597225
1000.0,1000,3589.785504
1000.0,1000,3593.856282
1000.0,1000,3599.074781
1000.0,1000,3603.13083
415.0,415,3604.803404
1000.0,1000,3609.967889
1000.0,1000,3614.155457
1000.0,1000,3619.243024
1000.0,1000,3623.282169
1000.0,1000,3628.4192
1000.0,1000,3632.542428
1000.0,1000,3637.70687
815.0,815,3640.953717
1000.0,1000,3645.945936
1000.0,1000,3650.040824
1000.0,1000,3655.069152
1000.0,1000,3659.248748
1000.0,1000,3664.325933
1000.0,1000,3668.390616
1000.0,1000,3673.538371
1000.0,1000,3677.674769
1000.0,1000,3682.872976
586.0,586,3685.282187
1000.0,1000,3690.454151
1000.0,1000,3694.527438
1000.0,1000,3699.782848
1000.0,1000,3703.897538
1000.0,1000,3709.047819
1000.0,1000,3713.203265
1000.0,1000,3718.397422
1000.0,1000,3722.580385
1000.0,1000,3727.820721
1000.0,1000,3731.873975
1000.0,1000,3737.039661
1000.0,1000,3741.211773
1000.0,1000,3746.374807
1000.0,1000,3750.372221
1000.0,1000,3755.560073
1000.0,1000,3759.76528
1000.0,1000,3764.990992
1000.0,1000,3769.082677
1000.0,1000,3774.259397
1000.0,1000,3778.422189
1000.0,1000,3783.684328
1000.0,1000,3787.796458
1000.0,1000,3793.042499
1000.0,1000,3797.23256
1000.0,1000,3802.443543
1000.0,1000,3806.550465
1000.0,1000,3811.688533
1000.0,1000,3815.764973
1000.0,1000,3820.837918
1000.0,1000,3824.802106
1000.0,1000,3829.947247
1000.0,1000,3833.970127
1000.0,1000,3839.0826
1000.0,1000,3843.119091
1000.0,1000,3848.144787
1000.0,1000,3852.216196
1000.0,1000,3857.482376
1000.0,1000,3861.523908
1000.0,1000,3866.63869
1000.0,1000,3870.641133
1000.0,1000,3875.851152
1000.0,1000,3879.819346
1000.0,1000,3884.949497
1000.0,1000,3888.995102
1000.0,1000,3894.250905
1000.0,1000,3898.415906
1000.0,1000,3903.612871
1000.0,1000,3907.749149
1000.0,1000,3913.017119
1000.0,1000,3917.186601
1000.0,1000,3922.455578
1000.0,1000,3926.573482
1000.0,1000,3931.786862
1000.0,1000,3935.869456
1000.0,1000,3941.013947
1000.0,1000,3945.073431
1000.0,1000,3950.316864
1000.0,1000,3954.591058
1000.0,1000,3959.80823
1000.0,1000,3963.902262
1000.0,1000,3969.085207
1000.0,1000,3973.205973
1000.0,1000,3978.360789
1000.0,1000,3982.448112
1000.0,1000,3987.700177
1000.0,1000,3991.878214
1000.0,1000,3997.100327
1000.0,1000,4001.300626
1000.0,1000,4006.60114
1000.0,1000,4010.686891
1000.0,1000,4015.911376
1000.0,1000,4019.994564
1000.0,1000,4025.228515
1000.0,1000,4029.446677
1000.0,1000,4034.761839
1000.0,1000,4038.985813
1000.0,1000,4044.200087
1000.0,1000,4048.32134
1000.0,1000,4053.633175
1000.0,1000,4057.704955
1000.0,1000,4062.991185
306.0,306,4064.225502
1000.0,1000,4068.252635
178.0,178,4069.038672
1000.0,1000,4074.393145
1000.0,1000,4078.44693
1000.0,1000,4083.578558
1000.0,1000,4087.616061
1000.0,1000,4092.783587
1000.0,1000,4096.922674
1000.0,1000,4102.17282
1000.0,1000,4106.322461
364.0,364,4109.079249
1000.0,1000,4113.181544
1000.0,1000,4118.494322
1000.0,1000,4122.688009
1000.0,1000,4128.000626
1000.0,1000,4132.220018
1000.0,1000,4137.601369
1000.0,1000,4141.734346
1000.0,1000,4146.864447
1000.0,1000,4150.837033
1000.0,1000,4156.085648
1000.0,1000,4160.258745
1000.0,1000,4165.514695
1000.0,1000,4169.634568
1000.0,1000,4174.970972
1000.0,1000,4179.134572
1000.0,1000,4184.391078
1000.0,1000,4188.465609
1000.0,1000,4193.788734
1000.0,1000,4197.989575
1000.0,1000,4203.227065
1000.0,1000,4207.37685
1000.0,1000,4212.634289
1000.0,1000,4216.742802
1000.0,1000,4222.027666
1000.0,1000,4226.176395
1000.0,1000,4231.425859
1000.0,1000,4235.580872
1000.0,1000,4240.87625
1000.0,1000,4245.01055
1000.0,1000,4250.321536
1000.0,1000,4254.432202
1000.0,1000,4259.66445
1000.0,1000,4263.785884
1000.0,1000,4269.057285
1000.0,1000,4273.202466
1000.0,1000,4278.477226
1000.0,1000,4282.625225
1000.0,1000,4287.866971
53.0,53,4287.990917
1000.0,1000,4292.086662
1000.0,1000,4297.433896
1000.0,1000,4301.580125
1000.0,1000,4306.865385
1000.0,1000,4310.992649
1000.0,1000,4316.402177
1000.0,1000,4320.535847
1000.0,1000,4325.849298
1000.0,1000,4330.012024
1000.0,1000,4335.276908
1000.0,1000,4339.414253
1000.0,1000,4344.838503
537.0,537,4347.18403
469.0,469,4348.972631
1000.0,1000,4354.198934
1000.0,1000,4358.216431
1000.0,1000,4363.547969
196.0,196,4364.349525
1000.0,1000,4368.431832
1000.0,1000,4373.741939
1000.0,1000,4377.813712
226.0,226,4378.729179
1000.0,1000,4384.070387
1000.0,1000,4388.102284
564.0,564,4391.788532
821.0,821,4395.115135
170.0,170,4395.9013
1000.0,1000,4401.226843
145.0,145,4401.749688
1000.0,1000,4405.85361
141.0,141,4406.534534
361.0,361,4407.907727
123.0,123,4408.593324
1000.0,1000,4413.88447
1000.0,1000,4417.973641
