# {"t_start": 1619431231.547126, "env_id": "Walker2d-v2"} 
r,l,t
-3.977468,14,0.990346
-2.802274,19,1.02912
-2.448564,12,1.054465
3.248892,15,1.084549
-5.138769,12,1.108583
-5.578734,29,1.168247
-2.805244,14,1.20072
-2.057238,13,1.230769
-3.79297,9,1.251616
-2.571849,18,1.293148
4.577519,13,1.32359
2.404331,23,1.376952
-5.55741,13,1.404848
-5.661317,14,1.437763
1.415453,14,1.469944
-1.225513,18,1.509337
2.559693,31,1.577893
-13.362564,24,1.633269
-3.702399,23,1.68453
1.45407,22,1.735855
-5.762165,25,1.793394
-1.95273,24,1.847065
0.549817,13,1.876843
-6.145774,24,1.933099
-0.439894,27,1.995038
13.179085,29,2.055116
-0.473894,33,2.130106
-7.403489,13,2.159178
1.94996,31,2.225093
-1.624921,13,2.255429
-1.164745,33,2.331979
-3.142698,8,2.349697
-0.184994,21,2.398555
9.003177,26,2.458857
-4.829861,10,2.48215
2.981003,24,2.5384
-3.992354,10,2.561495
0.862397,10,2.584434
-4.540142,12,2.612518
-11.951312,18,2.654513
-4.710587,24,2.709879
-2.316421,15,2.744569
-3.164101,7,2.760981
-1.036965,16,2.797954
3.221688,18,2.839563
2.367207,12,2.867272
-5.83706,20,2.91331
0.229369,12,2.941285
3.359742,15,2.976197
-4.154221,16,3.013207
-7.467,17,3.052609
-10.893434,23,3.105557
-2.845313,9,3.125437
-0.813587,9,3.146775
1.81198,23,3.195445
-3.609037,11,3.217888
1.655821,18,3.252219
9.807913,22,3.296104
11.885933,20,3.339608
-0.070884,17,3.37437
-4.235262,7,3.389322
1.074811,13,3.417549
3.756016,16,3.449522
-3.191509,11,3.473328
-4.825588,16,3.506782
8.654009,22,3.550583
3.027859,15,3.58044
2.509677,12,3.604797
-0.930696,10,3.625602
-3.732385,7,3.639693
-4.046264,17,3.673793
2.45541,11,3.695843
-2.774394,25,3.746485
-1.291976,25,3.798414
-3.143344,17,3.833128
-6.984768,17,3.869288
-2.963756,8,3.885752
-3.093581,20,3.927669
-3.95224,15,3.958263
3.523542,16,3.992264
-11.017412,19,4.032989
3.77798,29,4.093485
-3.177189,12,4.120886
3.684568,26,4.173827
0.934655,18,4.211
-8.128962,26,4.266871
2.220931,19,4.306816
16.888951,28,4.36478
-1.511508,9,4.383255
-2.377301,13,4.410112
-7.241532,17,4.445054
-2.786272,11,4.467785
-1.399679,10,4.488339
1.150026,14,4.51946
2.673027,15,4.551476
-1.483385,13,4.579247
0.834276,11,4.60168
-3.042296,17,4.636343
1.415063,21,4.679661
-5.308845,13,4.706298
-0.206777,16,4.740428
5.162611,18,4.777375
3.719203,18,4.814601
-3.968727,22,4.85958
3.558889,29,4.919386
-0.684017,16,4.953896
4.007104,16,4.987002
6.037699,23,5.036258
-4.062493,23,5.085393
-1.52223,18,5.123993
-0.526583,15,5.155306
-8.815313,15,5.186121
0.790917,12,5.211128
-1.067577,11,5.233963
-2.980504,8,5.250604
-8.550621,14,5.279237
-2.035049,11,5.302032
0.544859,16,5.334993
-4.61284,12,5.359775
4.443828,30,6.184004
-1.257288,10,6.205853
-2.657136,10,6.22615
-4.257524,19,6.258462
8.511318,31,6.31352
3.308084,22,6.350778
-1.939263,19,6.381013
6.484921,18,6.417474
-0.339942,24,6.468148
-0.993131,9,6.486606
-10.870412,20,6.527581
2.681428,15,6.55819
-4.540683,14,6.586862
-4.248192,9,6.605357
4.549425,17,6.640095
14.110474,26,6.69323
-3.305472,20,6.735038
-5.958481,25,6.786467
-3.298491,15,6.817828
5.149767,30,6.881049
-2.529774,18,6.919153
1.558147,13,6.945744
-0.312178,10,6.966369
-1.160823,21,7.010888
0.109937,18,7.048009
-1.74263,8,7.064609
-3.788585,13,7.091261
3.906882,40,7.172938
10.707,23,7.219839
2.569489,16,7.252692
-1.215319,12,7.278347
-3.442501,11,7.300891
3.642421,19,7.341238
10.388853,22,7.386102
6.270784,30,7.449322
3.393866,34,7.519381
0.475748,12,7.544045
-3.501704,16,7.576887
6.872994,20,7.618153
8.113876,35,7.689404
-5.897534,12,7.714104
-1.374972,19,7.753048
2.818095,16,7.787958
2.776048,15,7.819257
-0.966892,14,7.850255
-9.289047,20,7.893938
9.745886,20,7.937815
3.955546,16,7.972497
-0.401676,24,8.024242
-2.078062,18,8.062722
1.717248,20,8.103781
-4.269081,33,8.172693
31.258808,43,8.264515
1.786313,13,8.2928
-3.367802,7,8.308931
-0.449431,9,8.327555
-3.508697,28,8.38478
-6.013829,20,8.425905
17.352794,45,8.520147
-5.148767,17,8.556936
-2.440894,7,8.571531
0.736558,10,8.593411
13.256596,28,8.652738
16.42809,47,8.752056
-5.610108,26,8.80539
-1.418017,15,8.836315
1.827126,16,8.87099
-1.280906,34,8.940534
6.288689,16,8.973389
2.016012,18,9.010186
-2.846594,22,9.058219
-0.60829,9,9.077873
0.474209,23,9.128676
1.993921,27,9.187862
10.888494,34,9.260965
-2.739264,21,9.304976
-0.66225,18,9.344125
0.916292,41,9.430008
10.692665,31,9.494511
2.498655,30,9.555482
4.732999,18,9.591918
-0.201093,26,9.644606
-7.893567,18,9.68208
0.506667,11,9.705542
1.356452,19,9.746401
6.18222,23,9.795441
36.13122,51,9.903499
-1.567512,23,9.952455
-5.695971,16,9.98525
-7.663546,18,10.022618
1.536184,17,10.05695
-3.770617,17,10.090759
5.599446,36,10.162818
4.625378,16,10.195547
10.341872,43,10.28592
-0.010093,14,10.315389
-0.575151,27,10.372346
20.298213,48,11.157025
1.333313,32,11.218794
20.802148,54,11.322356
5.183743,22,11.364379
0.062786,11,11.385247
3.078821,19,11.42231
-0.980737,25,11.470893
2.615469,15,11.500378
11.925949,45,11.588684
-4.474399,10,11.608932
-1.470976,17,11.644435
16.756844,49,11.750125
2.755248,15,11.781913
1.40333,18,11.819084
15.882902,45,11.911616
4.995618,19,11.950822
21.037114,49,12.051434
4.773115,24,12.101501
14.365604,31,12.165795
-6.653954,27,12.220938
-5.261912,24,12.270778
9.175976,45,12.363303
1.612394,15,12.39428
-3.193975,21,12.437876
17.522332,52,12.545064
27.467925,59,12.671991
10.263169,29,12.732903
6.095776,22,12.778321
-2.066349,9,12.798492
-3.912092,10,12.819842
13.503356,24,12.872018
14.143481,36,12.949335
2.845543,34,13.021985
-4.313225,19,13.062588
-3.894311,8,13.079724
12.971041,35,13.152206
6.855101,44,13.243909
2.976217,24,13.294031
5.436411,25,13.344993
15.023316,29,13.404254
5.610619,15,13.43522
5.165477,23,13.483384
5.333259,37,13.561206
8.260243,31,13.624349
11.846734,29,13.68312
14.13315,49,13.782331
6.988783,51,13.886255
4.079939,44,13.976042
44.06698,86,14.160287
-0.202956,17,14.195493
-3.336501,10,14.216366
13.409098,35,14.287379
3.277066,26,14.340404
-3.074095,15,14.371085
9.093174,31,14.437655
-0.615759,24,14.486778
4.963805,30,14.548293
-6.397808,18,14.584903
15.666303,41,14.673158
-1.461269,23,14.72212
10.919038,41,14.80718
-0.531458,21,14.850054
7.439544,19,14.88891
8.10151,30,14.951408
-1.037322,21,14.99465
4.187997,26,15.048427
-2.92963,13,15.077061
0.207765,18,15.11461
3.316523,39,15.194038
3.600377,13,15.220556
11.989339,33,15.288944
61.712324,57,16.116347
35.410481,59,16.237308
7.6519,25,16.287462
6.844574,19,16.325297
-0.714246,11,16.347518
2.735916,23,16.393605
30.030386,48,16.497561
1.540047,23,16.547838
42.61835,67,16.691439
4.319298,17,16.728529
3.477102,17,16.766111
36.768623,116,17.008153
0.945701,11,17.030975
5.661142,43,17.121985
31.044756,61,17.248122
13.883962,35,17.322092
19.425587,82,17.495455
-4.367648,17,17.530285
9.464412,33,17.597602
35.005361,67,17.735832
129.614918,147,18.029898
-2.499548,11,18.054019
38.309785,50,18.155333
0.030348,9,18.174175
2.745168,20,18.215294
8.067147,21,18.257375
5.369703,33,18.324048
-1.58721,11,18.346298
0.121458,13,18.373677
7.734354,20,18.415984
5.027981,40,18.50033
1.17781,15,18.532151
25.328264,46,18.629115
13.721405,35,18.702918
11.179207,35,18.776808
-0.392837,16,18.810549
15.195441,41,18.897224
3.725513,36,18.972609
4.797421,17,19.0074
31.698101,45,19.102461
10.084148,27,19.157586
11.105314,50,19.259846
2.992713,35,19.332792
14.935855,32,19.398189
-4.366905,65,19.531972
16.290748,60,19.657504
1.222578,12,19.682375
26.081828,43,19.771126
4.037586,14,19.800326
2.324004,52,19.90746
8.575942,18,19.945865
5.616144,29,20.006027
-0.573917,42,20.094215
5.725909,33,20.162772
70.580035,73,21.011875
20.130949,36,21.069294
34.435951,60,21.190374
35.781433,118,21.455139
15.906749,35,21.526356
22.345095,37,21.60276
18.676413,34,21.671689
15.674765,44,21.760648
5.21585,23,21.807127
39.203682,75,21.959697
11.102934,24,22.007921
13.098988,25,22.059822
3.015703,16,22.092661
35.349737,57,22.208771
45.751616,57,22.324016
13.537936,46,22.416699
2.650926,15,22.448916
40.968009,89,22.629713
24.352226,55,22.745671
4.275274,14,22.77832
23.844602,44,22.871637
15.07532,42,22.9577
9.669688,36,23.033055
27.474995,43,23.121557
8.751727,20,23.162659
11.172832,32,23.226696
222.127877,119,23.479818
38.32862,77,23.638467
0.439005,10,23.659161
20.102669,40,23.740829
20.972276,73,23.888961
34.989281,48,23.988498
132.042823,163,24.357407
27.553379,56,24.487856
32.179679,70,24.637617
8.216599,26,24.690065
7.495594,18,24.726625
-1.21425,10,24.74699
183.627129,188,25.127754
30.96541,51,25.231446
16.755786,34,26.000142
42.839553,109,26.220307
11.255014,58,26.339286
27.811967,46,26.43476
52.143948,85,26.632339
61.476499,121,26.906961
21.59519,38,26.984707
47.559145,64,27.117307
151.896916,111,27.345945
43.541389,75,27.507584
75.511297,130,27.785826
20.38664,38,27.863379
69.637205,87,28.039361
31.913708,54,28.153109
14.471094,34,28.228086
5.041993,23,28.281208
10.941306,28,28.339201
46.150519,121,28.6069
51.842514,97,28.812037
223.707457,143,29.110189
16.561791,48,29.209197
15.468302,28,29.268898
12.581782,29,29.326944
14.040561,30,29.387021
20.143624,45,29.479053
10.068441,25,29.530862
13.113232,33,29.598152
45.042333,63,29.725953
13.712983,48,29.82258
16.417125,24,29.870834
18.929484,57,29.986685
11.087207,84,30.167974
35.974615,60,30.960005
18.897733,78,31.122608
24.43829,42,31.208386
31.279176,103,31.421861
19.036174,41,31.505361
162.638845,125,31.756967
43.055495,61,31.881468
460.744331,315,32.531412
225.58953,161,32.867249
4.660448,14,32.896047
197.305955,210,33.337093
49.755572,88,33.517722
59.55321,116,33.769049
25.51002,40,33.851203
212.798672,126,34.115461
332.173915,242,34.616134
4.633349,18,34.653701
43.947282,76,34.810859
74.929372,139,35.103674
3.02989,13,35.130633
66.252255,93,35.939872
165.49364,143,36.19286
67.471254,98,36.395927
21.083314,34,36.466431
8.690164,20,36.508493
302.947391,209,36.936464
294.467518,227,37.406843
250.456295,139,37.689919
92.542676,94,37.882754
244.174864,274,38.460087
325.698382,211,38.898926
280.961215,272,39.456618
24.495488,50,39.570362
150.280531,256,40.772087
18.549823,38,40.850323
154.053124,273,41.429393
4.743288,14,41.458962
37.371014,53,41.566974
77.42898,188,41.951534
253.825608,148,42.253016
287.314966,222,42.707739
483.613177,442,43.647439
30.710889,159,43.989964
335.206106,233,44.497491
34.875414,102,44.710883
84.397586,114,44.941538
43.368124,146,45.937712
247.123095,134,46.214216
255.721115,164,46.553025
275.779624,192,46.9345
470.873664,310,47.571836
273.788727,157,47.892506
247.258237,156,48.18738
315.992831,258,48.752397
145.146092,270,49.306818
196.299455,121,49.551697
138.081464,226,50.705516
270.409419,178,51.11473
323.314564,244,51.623518
173.236872,98,51.832239
184.118542,337,52.527832
313.856833,217,52.98445
184.529476,156,53.314515
384.489981,244,53.841078
288.832158,201,54.26574
279.056503,251,54.790673
404.69637,265,56.002193
323.596754,186,56.395599
229.929015,140,56.70519
287.441223,160,57.042138
478.670582,293,57.649263
246.166237,140,57.940212
11.795042,62,58.069416
112.7558,118,58.312943
218.246722,125,58.576246
244.138849,145,58.890529
36.671199,134,59.165377
416.500081,297,59.773972
336.481326,181,60.804486
329.072081,197,61.212042
238.869337,133,61.485729
280.720314,177,61.853258
277.695418,151,62.16809
97.934675,177,62.534494
277.993682,151,62.848193
97.456472,241,63.347584
179.365115,114,63.587306
144.493423,227,64.056066
198.942583,130,64.323048
20.063083,139,64.611112
155.018545,277,65.875332
556.455462,413,66.774573
367.579773,218,67.236752
43.985686,130,67.507104
244.412134,143,67.803115
79.382574,163,68.135524
15.720094,32,68.201
219.088711,104,68.412595
86.069408,121,68.678056
27.871393,40,68.760307
277.208889,146,69.075828
228.361307,130,69.341076
280.485419,171,69.712145
259.957015,134,70.649485
242.901948,140,70.939705
239.417944,141,71.238431
316.56448,186,71.622861
241.129342,169,71.975789
304.171693,166,72.330309
222.209556,131,72.606734
564.395105,439,73.524518
43.745444,61,73.651374
286.979272,209,74.099182
344.662634,207,74.546737
67.892091,84,74.720636
235.98659,120,75.626767
352.742685,236,76.113559
257.365805,136,76.39095
242.882134,134,76.673048
249.706067,236,77.201263
227.823337,451,78.162015
119.921212,210,78.590317
238.539868,126,78.861311
285.362483,172,79.21586
225.132498,136,79.504253
254.113995,127,80.436205
85.964532,149,80.736365
177.833893,100,80.957077
305.380056,207,81.396348
368.396675,217,81.836772
174.249838,101,82.050734
358.390652,231,82.530807
323.762302,183,82.912856
87.64481,165,83.255202
262.006172,127,83.51506
140.291811,209,83.955214
297.427256,158,84.284786
350.210501,193,85.36821
313.663701,240,85.877436
216.824003,119,86.149558
464.832486,355,86.959312
268.358651,159,87.302476
176.094737,106,87.531427
426.180086,254,88.070405
206.482224,126,88.335726
547.420814,384,89.156638
395.040934,279,89.728428
272.720711,150,90.742989
399.925686,242,91.294099
163.185434,85,91.469222
265.622353,130,91.735758
280.346188,163,92.072665
272.099876,151,92.390746
257.625168,135,92.681391
324.956657,170,93.020662
321.866746,210,93.44348
280.458987,146,93.746139
322.927089,193,94.145126
231.085029,133,94.421004
376.500533,216,95.552474
203.917689,115,95.802795
444.72547,324,96.501476
251.324266,130,96.794654
322.49574,188,97.186222
352.409602,232,97.683579
291.140427,158,98.013536
320.721391,206,98.45634
319.063963,194,98.858108
225.7168,125,99.116105
275.185135,152,99.433984
219.511282,117,99.681654
429.273496,270,100.930596
326.381984,199,101.340637
309.489947,195,101.74679
293.82166,159,102.101262
691.093163,572,103.324712
301.57502,156,103.639233
349.813509,205,104.071625
243.105758,127,104.34128
243.936191,137,104.63082
426.635533,270,105.847066
28.35506,146,106.149765
315.175039,180,106.538087
290.568958,161,106.875943
367.088951,219,107.341838
377.381854,234,107.824199
311.789704,203,108.242866
299.929773,155,108.568268
322.050859,163,108.90194
216.009314,118,109.161556
96.214206,167,109.517622
381.969123,227,110.661199
278.91631,153,110.989204
353.380044,184,111.36246
238.160768,112,111.590104
258.39708,136,111.873251
278.71331,144,112.19175
364.793076,229,112.670744
329.205224,173,113.016179
268.408896,161,113.35619
348.572447,229,113.823511
268.50825,139,114.102307
260.522318,156,114.440789
232.083899,129,115.36152
212.439149,114,115.592512
359.880028,204,116.033987
269.74519,145,116.327895
308.867868,182,116.702926
305.521778,170,117.054499
248.61951,164,117.394031
327.526071,181,117.767171
403.799114,224,118.227003
225.047627,116,118.465146
423.254435,243,118.962031
468.441433,343,120.316729
254.970952,154,120.629891
230.039887,121,120.901363
314.931777,171,121.285509
343.394502,186,121.676569
126.853654,220,122.130319
401.779374,248,122.649848
312.993902,185,123.036851
338.499898,204,123.466044
323.335336,185,123.851204
327.581001,210,124.284551
258.410287,133,125.251544
282.454141,152,125.576389
257.242667,144,125.868902
322.031569,191,126.278467
486.226278,289,126.887174
274.12106,158,127.209104
345.757978,182,127.583834
243.161398,131,127.859925
363.651984,220,128.3408
393.808904,281,128.959723
229.866478,128,129.230713
274.221779,153,130.199475
236.60185,337,130.914999
342.104507,177,131.321486
307.586674,198,131.768442
391.966177,222,132.248724
289.745832,166,132.593534
429.123988,275,133.185661
355.839521,187,133.578251
350.124236,198,133.990657
331.706772,164,134.342957
284.655667,144,135.315873
371.72829,218,135.797285
351.539704,206,136.243165
165.34685,85,136.422097
278.283497,143,136.726084
414.224778,236,137.223277
330.321077,165,137.577546
281.521684,135,137.865524
283.598973,162,138.212764
400.507782,216,138.669601
310.898486,173,139.053494
360.863985,197,139.495698
255.116103,127,140.421576
284.678102,143,140.731661
260.450238,136,141.042002
291.927376,153,141.388606
355.098101,188,141.796088
297.678442,166,142.160956
353.653244,182,142.536173
310.937006,164,142.898376
429.840762,277,143.479424
300.897659,155,143.809673
340.063203,193,144.231254
269.149254,146,144.534925
344.128751,182,145.536134
269.168167,135,145.810941
486.597324,333,146.486048
379.901801,226,146.987165
290.951538,151,147.30928
299.038186,199,147.737026
343.592016,180,148.125535
321.739966,165,148.465284
419.052996,243,148.990753
405.902268,240,149.516948
314.616217,168,150.532561
238.242583,151,150.811048
266.692458,137,151.098033
424.509766,281,151.668514
364.629444,220,152.149415
307.298239,162,152.482471
520.197263,349,153.275417
348.618094,192,153.682162
400.503305,256,154.23033
242.481934,123,154.483548
314.691737,169,155.472274
341.247879,175,155.841281
323.66509,173,156.192712
313.291136,152,156.501477
262.050046,128,156.768546
259.765929,128,157.02312
355.116317,181,157.409513
338.186137,171,157.785173
304.143455,151,158.096181
259.003507,140,158.381557
386.888211,235,158.885863
249.558841,125,159.13533
236.090941,120,159.37324
322.305732,160,160.366258
274.746327,133,160.659784
285.415363,142,160.971727
376.537175,198,161.405407
390.600118,216,161.861328
323.702302,173,162.224666
302.411133,164,162.566877
386.629226,228,163.036413
253.981125,127,163.295923
1.714053,11,163.319546
333.865917,182,163.701521
344.814123,182,164.106352
391.040809,230,165.218377
369.927955,199,165.606254
294.70228,139,165.895222
283.131323,139,166.177437
328.960637,158,166.506486
421.549656,222,166.973283
297.615023,140,167.274224
316.145621,149,167.577261
352.629262,175,167.952857
302.858897,147,168.266957
323.978757,160,168.603294
373.683649,214,169.048609
330.540153,161,169.383517
343.420146,175,170.338292
291.538383,150,170.653439
345.604426,180,171.026197
402.432262,212,171.465343
328.231888,168,171.812801
324.094782,161,172.143325
320.522999,151,172.453091
327.485755,179,172.827954
309.577253,164,173.170176
313.086184,150,173.480471
390.164452,196,173.914903
378.475527,212,174.989607
310.061936,154,175.337933
337.250398,173,175.772835
339.666377,180,176.153631
341.201607,176,176.531782
349.416247,187,176.926767
427.527046,237,177.420893
390.732848,203,177.854727
299.199317,152,178.188945
299.141349,151,178.500906
277.073779,148,178.806782
289.548587,145,179.116446
370.1089,205,180.216156
454.640559,285,180.882787
314.118796,157,181.231944
332.67172,166,181.570009
369.32626,188,181.955553
298.363881,142,182.252348
284.668537,153,182.570244
294.387003,150,182.881349
289.721889,139,183.172963
293.45917,142,183.464366
351.158526,185,183.847877
326.76382,176,184.219047
303.214814,152,185.194372
378.561558,197,185.609186
357.239716,179,185.986514
331.158454,191,186.390191
304.429131,147,186.695318
288.890824,150,187.004435
385.462415,208,187.441799
317.179307,159,187.769404
341.014923,173,188.146437
292.476636,154,188.484567
317.947411,151,188.83144
364.995442,193,189.267818
312.176996,155,190.360983
365.04417,195,190.781519
363.512301,188,191.213641
417.464777,229,191.717916
307.524513,156,192.060961
295.340743,149,192.379754
355.534723,194,192.789779
323.888953,163,193.148047
343.037835,190,193.579579
318.147339,155,193.929101
312.030178,159,194.288572
465.624571,260,195.590505
353.835507,182,195.975657
363.50356,186,196.383482
307.893292,159,196.720069
339.588857,174,197.097687
385.153728,195,197.51027
329.406457,161,197.890556
392.869145,229,198.361767
313.204383,152,198.680304
342.139646,176,199.070679
307.978688,148,199.411699
360.112796,182,199.802484
385.507651,206,200.986746
516.303467,331,201.683915
311.811681,150,202.025967
314.892172,175,202.417435
406.960787,223,202.904216
332.792422,165,203.275366
394.437982,216,203.752089
292.49633,136,204.037883
343.597297,169,204.405682
344.195706,172,204.787138
216.543729,117,205.034262
380.663001,203,206.167271
347.843604,165,206.521967
356.852211,187,206.930887
286.309853,142,207.244921
355.008618,197,207.655798
302.579466,146,207.964411
398.576878,231,208.458177
299.294333,152,208.79617
242.035135,117,209.065574
292.617645,146,209.398027
359.91583,185,209.817977
339.446429,151,210.158658
324.977768,154,211.186044
300.959924,146,211.49666
442.724639,239,211.991248
473.872227,288,212.608968
344.243403,176,212.980699
265.062142,132,213.282876
341.623008,170,213.62236
347.128409,169,213.967991
353.868853,177,214.342456
411.662994,218,214.832584
355.798079,165,215.187592
284.803262,139,216.159808
320.080243,167,216.4845
451.315939,261,217.028764
354.694341,165,217.370527
321.987111,163,217.709803
421.959851,229,218.191803
303.829292,144,218.490896
305.939708,147,218.794533
358.353527,185,219.178273
361.233944,179,219.547061
374.782719,193,219.948122
357.914037,179,220.964888
466.280477,245,221.487252
397.867983,195,221.920929
296.761854,155,222.242995
349.470265,171,222.598892
306.046784,143,222.899347
365.509609,165,223.253966
303.955739,146,223.56429
345.817852,175,223.945265
366.198703,170,224.301507
399.737287,202,224.723927
296.637345,150,225.034287
383.483554,184,226.048316
364.764635,167,226.32727
359.933865,183,226.701562
304.964228,148,227.004843
356.562187,164,227.345611
325.580941,156,227.669376
400.20101,193,228.080642
392.477215,194,228.496281
360.98199,176,228.860988
283.035361,127,229.128158
320.256529,146,229.426524
366.475759,171,229.78133
259.774293,125,230.037539
401.231616,203,231.119073
359.496544,158,231.453576
363.257362,167,231.811285
301.742908,144,232.111123
367.009412,184,232.493647
321.85071,159,232.832772
351.132385,167,233.188148
308.07723,142,233.515826
422.255418,207,233.967132
337.084165,165,234.312457
276.402564,131,234.576599
313.295956,141,234.870571
426.208056,213,235.922863
367.495366,169,236.259638
341.249016,166,236.60624
250.624307,127,236.875778
442.818228,232,237.369933
364.905589,163,237.717345
284.078993,143,238.001494
380.655463,190,238.315621
386.873107,168,238.609929
363.57502,160,238.965883
359.482504,171,239.343676
265.406305,124,239.617615
274.149583,130,240.626656
382.009532,181,241.008976
352.264947,150,241.325094
248.142523,125,241.583818
403.079504,203,242.013666
371.722356,191,242.411972
299.197821,144,242.716547
356.145295,172,243.072305
254.73688,114,243.303777
305.987035,133,243.578163
388.20524,192,243.979596
371.961859,190,244.377965
344.805576,153,244.698158
398.656472,194,245.871179
403.57917,182,246.249834
351.357386,164,246.591835
394.659184,187,246.985917
308.411879,142,247.275278
356.644331,160,247.609528
388.189421,178,247.995228
373.435043,176,248.373091
227.90855,109,248.609329
331.349376,154,248.949683
476.251269,246,249.487108
381.203524,179,249.861931
368.965551,181,250.950376
380.476163,164,251.31894
339.651165,160,251.657894
266.478885,124,251.916985
310.348213,139,252.201986
427.553939,202,252.617008
264.901656,137,252.895557
326.957834,150,253.197587
349.463737,160,253.525525
293.838256,135,253.798895
290.690205,133,254.069608
304.619153,135,254.342791
332.636361,155,254.656615
383.809065,170,255.693117
425.83367,207,256.160047
219.974043,122,256.419993
376.190635,181,256.793243
432.405767,200,257.225724
376.020188,185,257.649307
463.143122,216,258.103745
343.057495,158,258.43239
398.639511,185,258.821717
328.716539,163,259.163382
312.774288,150,259.467628
359.511109,164,259.802168
346.563356,162,260.820504
297.466186,122,261.076629
299.288371,135,261.362752
242.461915,108,261.586753
392.102964,188,261.976659
428.528517,227,262.443918
277.996096,121,262.697991
444.272168,206,263.142172
318.930016,140,263.439634
355.820677,166,263.784684
325.849645,149,264.096816
276.845731,128,264.363312
292.944594,134,264.639302
259.752496,126,264.904758
407.026551,189,265.968738
418.576199,226,266.430436
403.47822,193,266.838672
371.400004,175,267.213779
438.102091,225,267.680111
340.751321,153,267.993553
333.759928,146,268.287941
344.742724,159,268.632973
319.616491,146,268.938515
371.188186,163,269.306523
335.070038,137,269.594396
375.794837,167,270.621429
329.450986,148,270.933241
369.776085,164,271.269319
302.262239,135,271.553289
424.884272,219,272.010559
395.615422,182,272.393798
411.630329,194,272.812736
350.866631,140,273.107836
304.190195,123,273.364153
345.051605,149,273.677265
372.102714,177,274.060323
386.029094,187,274.459042
373.71817,159,274.800588
434.571515,190,275.860608
464.458099,209,276.292231
401.448238,172,276.644652
308.228709,133,276.936396
230.528109,107,277.179371
382.917949,166,277.559232
406.820763,190,277.956318
342.902947,141,278.255255
414.708854,202,278.669348
371.330283,157,279.003822
382.994201,182,279.376295
318.58197,145,279.679792
268.055731,118,280.637138
328.531125,139,280.933114
418.494084,178,281.305826
274.826372,126,281.57337
303.905092,132,281.84707
374.027076,172,282.20738
281.698766,136,282.488423
350.887417,152,282.808627
379.224102,171,283.169748
364.897167,155,283.496711
365.66042,167,283.846153
406.690252,173,284.205108
339.47465,144,284.50491
318.095295,145,284.803906
460.702178,211,285.990528
360.913997,176,286.363603
429.906594,192,286.767903
372.290714,181,287.143676
427.021299,193,287.559765
419.812974,179,287.933383
348.872677,146,288.238
330.002911,143,288.534944
421.662709,174,288.890904
388.554877,173,289.245234
410.3133,186,289.626588
443.228914,194,290.761724
417.046291,206,291.202986
431.214299,227,291.678731
412.060328,187,292.059686
441.846348,191,292.459515
395.894837,188,292.853637
347.75323,151,293.170102
389.488244,182,293.546364
369.751977,170,293.8993
384.95757,191,294.29606
319.605437,150,294.603408
427.029792,214,295.740889
350.982013,138,296.081001
347.17669,144,296.388785
330.029997,139,296.672402
424.268373,196,297.091061
324.937832,138,297.389234
430.424813,173,297.75889
262.059665,127,298.026821
393.539067,160,298.360878
415.494112,171,298.716691
424.979909,180,299.097958
407.870969,179,299.476117
415.190899,196,299.884387
337.719866,142,300.831234
389.433202,176,301.18837
382.649066,170,301.564523
487.421554,199,301.989071
398.157651,177,302.36215
374.844077,160,302.698427
316.358101,133,302.97357
491.618478,246,303.497983
450.234596,203,303.939297
365.668665,148,304.262075
369.968617,143,304.55462
391.305779,188,304.959622
336.025139,138,305.840236
353.097797,147,306.158495
348.545543,147,306.461723
396.435175,179,306.83937
387.7769,153,307.160975
372.265433,155,307.478711
380.539448,185,307.876667
436.715898,175,308.243402
318.124634,147,308.546563
373.093286,163,308.916114
414.018732,177,309.287265
288.74046,131,309.564808
336.089405,150,309.878465
418.90257,196,310.983384
393.641,153,311.297705
287.892413,127,311.579414
300.211395,128,311.849341
410.700336,190,312.26656
406.18882,174,312.632627
306.004027,131,312.901153
386.809412,185,313.317814
162.040866,83,313.487221
479.563436,207,313.936932
354.571498,138,314.222179
349.093283,146,314.542633
419.846551,180,314.920396
373.215701,158,315.898313
308.89096,135,316.182293
285.129743,124,316.438285
436.841752,163,316.775651
410.49916,168,317.12462
311.088157,136,317.426742
402.546431,161,317.783236
260.034836,123,318.048897
322.464444,140,318.339961
318.583057,136,318.622105
382.4351,161,318.970297
466.415015,201,319.399423
286.007684,131,319.675856
538.110449,220,320.824948
411.57471,169,321.181685
385.993371,157,321.513057
381.382213,151,321.831873
369.406861,152,322.148019
390.002584,169,322.501808
418.603988,173,322.860834
353.225658,154,323.181953
392.326704,163,323.525532
389.497216,168,323.89457
288.965716,127,324.157895
337.397631,146,324.462178
368.523736,164,324.806184
424.754647,170,325.838345
392.938783,153,326.157113
331.624618,149,326.474594
386.724066,149,326.790288
275.485525,129,327.061026
437.864151,182,327.447654
409.630369,155,327.770879
391.706552,159,328.110343
328.822814,138,328.402637
266.100928,124,328.66439
394.26627,151,328.981274
470.403865,167,329.342336
287.165655,127,329.61753
358.167073,143,329.926002
315.475891,124,330.828637
367.433795,152,331.149209
419.553973,158,331.473104
419.323514,178,331.843194
394.424233,167,332.191617
366.718625,156,332.515689
473.392262,198,332.920629
441.881303,178,333.288859
389.897607,149,333.597763
458.895945,212,334.035796
309.940757,136,334.318705
332.77157,139,334.62096
295.617087,131,335.549926
281.076025,121,335.810884
417.257581,180,336.191092
442.707404,185,336.582468
368.524404,140,336.877789
401.116214,164,337.230862
504.826318,214,337.698004
552.980042,260,338.247132
386.440049,162,338.584437
394.748699,160,338.920784
345.792286,152,339.233339
268.570775,119,339.480419
386.173679,148,339.788267
429.123328,186,340.896111
340.060963,129,341.166215
381.339558,157,341.491518
376.944133,160,341.824226
434.844819,176,342.189173
375.738902,155,342.511881
388.035869,157,342.84974
386.386317,163,343.200064
181.778239,95,343.400853
432.567266,172,343.7878
333.050216,137,344.090281
423.805492,191,344.503414
468.61015,192,344.907508
486.458671,204,346.019739
404.63175,160,346.342851
362.719106,143,346.632858
382.366373,149,346.95404
310.572563,133,347.231433
406.925712,150,347.539156
392.864664,154,347.855467
418.304731,187,348.242079
485.505981,181,348.610801
337.028289,148,348.952744
388.019671,145,349.270851
483.669606,177,349.660713
381.71802,171,350.690104
442.420979,173,350.972327
478.230437,192,351.374601
393.625058,151,351.688942
369.954424,153,352.018061
393.245547,180,352.383909
437.588338,178,352.752834
465.625831,195,353.151513
372.787454,175,353.505346
309.2537,134,353.792516
419.892575,168,354.141795
490.164941,173,354.506758
354.430351,163,355.533593
518.370372,199,355.944901
386.596965,156,356.270014
523.976758,179,356.642895
420.05741,161,356.977657
439.015913,163,357.322301
499.895894,196,357.724992
418.885492,154,358.038999
492.259265,201,358.451196
387.333789,174,358.832463
538.231108,195,359.243168
457.579164,171,359.588586
423.871283,167,360.608658
455.353,187,361.004364
535.830397,195,361.409081
360.612163,155,361.726739
299.679007,133,362.001384
380.321396,143,362.317716
326.114995,146,362.621339
461.049336,183,363.006467
385.644723,146,363.317186
359.342052,141,363.63215
442.321181,175,364.003747
305.251569,133,364.275406
441.657166,171,364.637642
381.17856,145,365.522737
484.639284,175,365.897238
366.332557,136,366.181128
401.9549,160,366.511645
467.641436,181,366.888127
523.893827,194,367.283657
522.220076,220,367.76497
432.236024,164,368.114031
423.567425,163,368.45787
419.143729,156,368.789982
342.641996,159,369.121873
357.556823,137,369.406258
427.427747,154,370.429724
474.367695,167,370.781214
377.134402,149,371.098063
435.676812,154,371.427083
489.486508,167,371.77878
345.157654,131,372.056075
446.561054,161,372.395988
489.581136,176,372.762693
610.003787,229,373.245079
393.566737,148,373.54954
419.43833,162,373.885579
446.837317,167,374.233768
514.837106,185,374.620277
515.707011,196,375.792514
578.045688,220,376.255652
506.227261,174,376.618595
456.527851,194,377.029991
428.371311,166,377.378692
486.352949,178,377.761662
441.039586,183,378.156331
373.850432,147,378.468244
430.983559,164,378.814939
510.917956,178,379.188425
440.101381,196,379.604264
448.289998,156,380.660711
506.881603,193,381.077247
482.991183,178,381.452725
505.79199,179,381.835691
504.591723,181,382.224404
494.653644,191,382.615152
434.23191,164,382.965749
476.134411,171,383.323472
429.372932,162,383.666297
488.385536,185,384.056688
568.21411,223,384.524613
435.710446,171,385.597666
582.942406,226,386.093706
474.337806,160,386.437276
602.259274,208,386.869384
509.479153,198,387.28382
525.364614,191,387.687625
546.948952,189,388.08872
492.741558,189,388.506669
267.911878,117,388.753198
610.428218,199,389.195154
247.375572,113,389.439722
444.487584,159,389.772933
424.867246,166,390.824915
605.460879,225,391.291181
530.823694,181,391.661677
597.821442,202,392.082107
497.339874,175,392.446393
580.821738,189,392.845977
509.268017,173,393.194429
540.23894,195,393.595649
454.906407,168,393.934992
476.239266,172,394.29227
435.881748,161,394.625276
345.914855,141,395.600748
564.533041,192,395.995296
365.305958,149,396.304736
422.138563,147,396.605727
619.61171,220,397.06044
501.02752,180,397.435048
661.716366,249,397.959032
456.351782,180,398.335068
516.232608,195,398.737909
518.757606,185,399.135419
431.860346,160,399.458739
536.457653,201,400.577327
520.234495,178,400.94254
532.942889,201,401.354883
513.131696,182,401.72726
559.489564,190,402.112158
454.004364,169,402.456503
482.351882,177,402.831856
557.867425,206,403.253829
361.388874,143,403.547009
531.742611,186,403.925538
540.165214,183,404.304298
587.909597,202,405.441421
573.114894,195,405.84222
505.249055,187,406.232335
511.889023,177,406.608853
514.193637,185,406.988281
542.869795,185,407.362397
465.013801,185,407.761939
590.537413,201,408.172313
492.474662,173,408.528879
509.786989,187,408.911663
632.839402,218,409.36697
607.781154,237,410.528482
541.63319,193,410.900954
484.345747,179,411.266225
592.267576,201,411.674821
653.042002,216,412.109185
592.526681,202,412.52031
461.709693,180,412.891007
578.718099,215,413.332319
557.828298,191,413.719356
520.179552,182,414.100077
563.72989,199,415.228576
542.375644,194,415.64456
496.736153,176,416.001248
556.557488,195,416.416896
548.632727,186,416.795043
498.365746,191,417.189343
587.485852,214,417.629253
554.071681,195,418.063247
609.77052,196,418.491698
367.307192,150,418.817711
449.614909,168,419.159091
602.80086,203,420.248322
337.839183,132,420.513141
500.652359,173,420.877559
532.970464,202,421.30017
481.208065,188,421.678957
580.364189,193,422.089134
648.999948,230,422.580005
554.868813,191,423.000879
559.750631,221,423.47444
547.498571,204,423.903481
479.429553,171,424.261119
466.377554,167,425.30015
586.931579,198,425.72569
560.61664,175,426.087437
576.216039,193,426.489878
581.385862,203,426.914989
376.530582,147,427.229726
631.540109,209,427.692956
461.552858,159,428.02567
594.50571,220,428.490341
505.234133,174,428.856513
458.189721,160,429.196982
618.776762,202,430.278017
627.709659,216,430.736017
524.963313,193,431.135547
583.127251,190,431.524453
629.863363,216,431.985194
598.453418,211,432.43083
454.239704,171,432.798415
528.543247,187,433.188618
615.900217,200,433.595945
585.418511,199,434.006077
598.945097,206,434.430212
137.926541,72,435.254118
790.292462,281,435.857569
616.214467,205,436.297704
637.945974,214,436.747981
688.166026,226,437.234205
574.34298,210,437.686458
543.607871,187,438.083505
571.296686,192,438.50814
506.057463,184,438.898031
601.393832,208,439.322325
331.552168,128,440.247141
578.96537,210,440.703742
561.690651,191,441.119229
598.014044,204,441.587558
561.866195,194,442.027373
631.07919,205,442.44658
598.329036,200,442.864051
663.741854,212,443.319633
484.019398,170,443.710146
590.058101,209,444.164327
564.846279,191,444.562774
584.712862,207,445.585721
656.423018,229,446.081911
238.797665,113,446.333535
226.060414,109,446.5611
469.192335,166,446.929278
407.704722,145,447.240634
569.959003,216,447.688473
632.917238,207,448.110983
594.471115,194,448.506373
488.001073,174,448.861173
622.522469,208,449.287616
551.129624,190,450.333681
509.635413,168,450.683245
566.030069,222,451.154895
645.176554,220,451.621293
581.194763,199,452.043131
629.484635,212,452.482795
635.181816,207,452.906924
612.090401,201,453.319247
698.846164,229,453.794867
552.58239,191,454.224866
594.863664,202,455.324176
727.182119,239,455.818994
526.807018,197,456.234497
493.74325,177,456.600901
659.342629,218,457.061354
692.688718,224,457.52502
716.763603,254,458.045046
568.970366,193,458.438081
305.676524,126,458.707179
602.714015,201,459.132063
472.664808,174,460.158047
671.480507,217,460.619384
630.091046,228,461.103584
592.933964,205,461.574271
610.252519,199,462.014113
556.995059,196,462.436426
568.890372,205,462.899482
345.563948,156,463.234587
629.207778,211,463.678527
556.032399,210,464.127005
735.032854,238,465.36671
502.169078,168,465.713945
548.481045,199,466.129555
500.149595,169,466.475143
665.942342,230,466.947686
257.253647,111,467.180389
717.966125,239,467.682891
638.039167,213,468.116725
536.566684,198,468.522965
625.086715,210,468.956613
720.861525,253,470.135272
573.557881,187,470.488152
625.699064,215,470.925037
592.718896,202,471.33713
594.868693,199,471.756008
698.894477,216,472.208223
588.129229,205,472.637169
638.062902,223,473.101918
628.147672,210,473.541272
561.357101,199,473.959256
521.424555,198,475.088056
549.580437,191,475.459685
575.326358,185,475.831668
539.732312,184,476.208953
638.589335,215,476.660809
640.150261,210,477.125139
596.449117,203,477.557572
674.682248,215,478.017233
592.49305,209,478.455848
548.888033,192,478.852945
811.511172,259,480.053404
378.544003,138,480.325162
615.526996,226,480.806007
691.261746,235,481.294645
709.024659,223,481.75058
249.315216,119,481.995415
619.711282,212,482.437989
509.575462,191,482.857545
579.763964,198,483.276966
545.329748,192,483.66775
706.685358,245,484.171037
642.093453,212,485.19044
633.069264,219,485.664382
860.406376,260,486.191325
679.399403,228,486.650179
715.060864,252,487.165428
594.280227,211,487.620547
588.170321,212,488.091037
748.659153,245,488.657893
728.016686,232,489.151366
814.269515,256,490.254284
551.589287,218,490.709687
681.508852,220,491.173014
610.197506,201,491.635442
697.938757,223,492.109131
788.434541,287,492.699461
540.469575,184,493.07956
707.049366,256,493.613506
550.071286,194,494.018436
757.01891,237,495.199286
572.7102,198,495.60901
693.785277,234,496.09826
792.209347,259,496.640701
786.957847,267,497.204034
525.253973,184,497.591742
666.315593,248,498.113983
532.596636,189,498.497732
756.949267,234,498.971277
442.351568,149,499.956508
734.218104,224,500.451328
742.449882,253,500.974768
632.126467,197,501.38235
662.37501,220,501.840096
690.127958,219,502.290002
330.640706,134,502.564791
480.207494,181,502.938909
631.872869,218,503.390772
608.2153,204,503.811186
771.137135,251,505.003407
674.832372,220,505.460589
801.808672,249,505.973803
804.221723,259,506.509792
539.035658,197,506.923247
582.917891,218,507.373296
590.397289,214,507.817841
641.437046,226,508.280514
591.61752,202,508.692481
847.756796,265,509.92061
715.758124,241,510.42619
603.885437,199,510.851118
710.506046,247,511.403218
802.99887,263,511.94861
699.863485,223,512.40813
593.927775,212,512.85411
801.664101,264,513.409829
876.525264,282,514.687308
830.872172,255,515.216774
627.724414,205,515.649369
697.784473,238,516.146267
611.791406,228,516.613477
627.08055,208,517.048424
685.058009,244,517.554464
667.52236,215,517.998857
644.16543,220,518.478204
566.539682,187,519.542156
749.03495,238,520.066135
705.424359,225,520.528511
831.573619,257,521.061054
810.784759,255,521.624568
871.120546,282,522.209784
725.064818,240,522.727727
722.018107,232,523.202952
714.872409,221,523.666027
555.929102,202,524.757988
686.218763,214,525.221086
835.371746,259,525.749255
784.650404,255,526.311728
631.945195,217,526.768998
631.539939,216,527.225278
736.292809,251,527.75326
616.178442,205,528.175587
767.524505,254,528.731719
877.337584,267,529.975486
772.772365,242,530.476736
607.894306,222,530.938344
929.701519,274,531.5326
675.59273,217,531.990051
871.26333,278,532.569635
770.383762,290,533.190782
760.806913,259,533.711363
788.294661,250,534.773951
791.085926,248,535.293361
619.021999,203,535.762233
821.45952,262,536.325994
692.110412,216,536.800316
734.581572,223,537.281218
868.188382,267,537.834735
697.891446,219,538.283513
711.817725,227,539.437896
777.900588,244,539.940503
707.499076,217,540.401152
591.780962,184,540.815537
664.474961,248,541.361632
740.042339,245,541.869325
925.316183,286,542.503677
989.143609,294,543.124506
494.842957,178,543.515433
595.466495,196,544.623177
872.964643,273,545.191303
729.184242,270,545.750347
624.491883,188,546.136267
1113.062382,344,546.866955
865.28706,294,547.472934
642.737559,207,547.902704
787.431114,274,548.469053
670.395062,232,549.660519
1071.945237,329,550.337919
726.994908,251,550.854865
567.745946,172,551.214755
865.491118,265,551.78148
704.359278,218,552.245049
630.691433,224,552.709924
684.325226,213,553.174615
849.222653,269,553.766363
776.180729,241,554.959267
874.384669,275,555.563522
723.889362,240,556.071723
234.489611,108,556.296953
206.838826,101,556.504949
701.320408,233,557.026218
873.500716,283,557.626917
684.311177,233,558.115633
797.83399,257,558.661054
793.817032,240,559.831447
890.744881,287,560.425519
516.227659,172,560.778611
660.393211,213,561.219728
1006.35093,291,561.846771
690.682197,217,562.291931
587.871186,199,562.704677
1082.399854,321,563.370111
1137.029039,345,564.698781
605.286576,207,565.128277
838.753758,261,565.667547
763.177733,233,566.165404
662.884982,218,566.643611
261.65562,116,566.883988
689.553814,226,567.351137
829.276243,253,567.877457
551.957655,218,568.336194
772.634847,237,569.488561
787.801822,253,570.013177
914.817795,278,570.581524
861.527354,263,571.117474
732.672492,225,571.573968
937.54047,297,572.180238
1095.555414,334,572.860611
799.628228,259,573.39089
863.161278,278,574.662128
777.427791,257,575.193129
730.801104,217,575.665963
816.034784,256,576.205957
859.529893,269,576.774087
891.681274,269,577.325201
427.133163,144,577.617186
843.584361,266,578.182156
983.540362,305,579.515814
762.148962,240,580.014098
481.264352,173,580.37105
846.286231,258,580.903086
741.83924,233,581.387113
773.316971,241,581.878661
699.730194,211,582.313002
587.338136,210,582.741943
723.14202,221,583.190706
819.509837,244,584.383104
698.771009,218,584.841709
675.963013,218,585.290623
700.239828,235,585.787372
782.196834,247,586.300902
575.192785,190,586.699679
311.102173,124,586.964481
208.215089,96,587.173431
1150.460132,340,587.888663
651.621303,208,588.31748
812.891251,233,589.521723
752.29819,239,590.014277
839.726053,255,590.531701
941.327263,299,591.153717
891.098886,266,591.707897
637.762997,205,592.137452
672.196873,217,592.595001
601.866841,219,593.053096
917.182585,284,594.292294
763.787259,239,594.830579
1118.875535,342,595.57517
1137.070283,345,596.304563
1169.8114,351,597.021536
835.160517,253,597.560899
804.286247,245,598.091035
824.265755,266,599.330014
902.732121,279,599.930626
399.80708,142,600.230309
682.629648,213,600.691258
676.843974,230,601.190331
1155.629533,332,601.943026
716.666882,231,602.440078
1040.580466,315,603.084248
873.972375,260,604.314118
775.452245,233,604.797394
325.005596,122,605.048539
999.945594,289,605.66056
666.087499,207,606.10631
915.450285,253,606.628319
596.799373,191,607.040322
664.743099,214,607.488574
831.058315,247,608.003128
689.224294,213,608.441267
607.786084,226,609.596741
889.745296,271,610.157863
760.813043,243,610.662347
1084.263172,332,611.344686
644.299614,204,611.771874
731.138981,231,612.263911
1004.268221,296,612.883479
803.086548,242,613.393075
689.289327,219,614.518412
677.348438,231,615.027328
1413.263662,407,615.891894
630.668381,199,616.33027
850.485107,258,616.863423
842.919539,264,617.40295
705.333348,266,617.96186
612.055374,197,618.372979
753.376569,232,619.523239
1156.572008,353,620.252674
800.441574,245,620.757911
1200.831022,358,621.505549
952.468571,274,622.073319
748.448077,247,622.611626
754.835117,223,623.069839
821.567411,264,624.265341
616.114522,219,624.735627
613.253804,223,625.206111
695.268232,207,625.656713
891.264539,268,626.221939
845.657759,262,626.776814
490.065311,166,627.123342
787.978957,226,627.619123
966.372461,271,628.211716
908.960433,262,629.390009
1032.423134,329,630.113066
1058.99922,311,630.750419
951.630579,330,631.486473
1021.147373,303,632.137224
702.73172,222,632.59649
756.165647,237,633.086884
522.57135,191,634.115105
986.583711,285,634.701093
785.656957,244,635.226203
1267.858724,383,636.031498
1072.516407,316,636.696858
1225.147216,368,637.489611
780.095197,252,638.024604
764.298062,259,639.236794
684.670185,211,639.665939
598.539848,212,640.09841
976.50868,314,640.743308
559.079997,176,641.117739
614.953222,190,641.482614
1094.937352,335,642.162993
776.812619,243,642.660032
1055.011345,312,643.981782
759.488337,248,644.48968
492.295373,157,644.817295
584.423439,215,645.269191
823.679261,287,645.886151
749.116571,242,646.39212
773.513439,248,646.911488
540.5381,199,647.327347
641.007791,211,647.766897
880.845954,267,649.014676
510.630721,199,649.436432
850.404758,265,649.996404
1512.818465,435,650.920888
602.644488,228,651.401336
798.342448,277,651.991755
783.832637,246,652.522194
1032.21483,298,653.17272
776.261892,238,654.378905
971.355165,304,655.00154
839.835423,254,655.522071
903.930838,260,656.064085
899.768971,261,656.609883
782.726739,236,657.107001
1035.695154,292,657.743632
824.772177,284,659.015162
615.226841,223,659.473
514.872378,192,659.864752
628.676931,222,660.319659
724.647002,239,660.807127
825.618261,261,661.355844
1271.412111,425,662.251081
800.312627,250,662.770323
736.306858,258,663.991213
880.54544,281,664.565095
1356.659401,378,665.340379
756.28732,245,665.845832
694.360587,208,666.310201
917.219526,275,666.882651
643.166658,213,667.328134
811.89222,242,667.829078
1005.504205,301,669.174671
910.200516,290,669.789785
924.277965,273,670.345322
821.10052,277,670.933248
793.7585,257,671.481054
722.127951,247,671.993541
523.430089,193,672.398453
662.627799,236,672.909968
1155.234199,334,674.264852
980.527717,302,674.902857
952.054125,280,675.499057
925.884179,273,676.071482
891.094936,268,676.631329
1127.430886,333,677.321882
774.069175,224,677.779033
529.580492,203,678.895215
1164.942417,411,679.72113
533.628668,210,680.148756
884.670933,271,680.708654
1006.362585,294,681.341705
841.510937,260,681.893139
942.233756,322,682.569451
1174.509268,323,683.913709
1511.124737,439,684.855647
902.203156,280,685.45946
888.064832,265,686.029644
1794.517857,522,687.12808
833.403558,272,687.686947
731.452449,219,688.855853
838.698738,273,689.503086
1120.454269,322,690.169098
587.960726,179,690.529827
778.343474,221,690.999791
818.089067,248,691.513783
1329.63378,383,692.315643
902.187903,296,692.936467
711.026296,212,693.996943
573.817447,213,694.444254
541.715313,204,694.859573
1065.94249,311,695.503653
767.078394,247,696.020832
1215.433163,360,696.773201
910.959572,263,697.330694
838.500011,256,697.859595
557.776658,173,698.95646
952.091363,269,699.523362
1071.327366,328,700.206906
908.921112,271,700.760853
727.472747,228,701.230767
873.610303,272,701.782578
635.308273,211,702.225947
979.303972,294,702.833326
728.128678,229,703.995251
805.622386,246,704.517342
1011.887379,293,705.142566
1441.63631,416,706.010942
584.697523,206,706.446711
1000.074598,305,707.09613
905.744396,258,707.639721
1021.516192,284,708.924803
901.930801,264,709.471796
1325.337917,393,710.286862
685.834063,214,710.740634
843.921387,265,711.307815
857.792199,249,711.810252
1062.871721,303,712.413301
981.428412,311,713.770598
707.326311,219,714.218621
795.796289,232,714.682385
922.444221,269,715.231543
883.429997,252,715.739421
1122.146624,325,716.3728
812.535934,233,716.848945
718.791573,219,717.306718
153.64393,74,717.455701
629.600106,195,718.567727
1086.070749,343,719.278744
771.663377,243,719.785997
836.049691,277,720.363416
780.065089,242,720.86926
972.62984,271,721.447633
741.6846,234,721.940311
864.608114,276,722.513029
894.860201,257,723.771873
839.53025,237,724.265176
988.989324,294,724.870384
892.236632,295,725.487943
990.378947,273,726.05854
1431.96981,413,726.913693
948.985197,278,727.484417
1120.95671,327,728.879385
1187.215132,338,729.575632
965.449577,288,730.163371
958.337408,278,730.748868
853.263514,247,731.278313
956.074026,296,731.900138
684.005179,225,732.368854
909.172144,285,733.645811
1167.315675,326,734.34584
1303.887589,396,735.154262
1115.011439,347,735.89048
1072.076871,297,736.521908
738.386077,236,737.01168
723.418489,221,737.46292
963.107935,273,738.754697
1024.146297,301,739.391915
1084.504774,318,740.056038
1331.132981,384,740.875005
1305.282336,372,741.688123
894.299158,259,742.261739
857.221285,257,743.494033
735.918924,244,744.016857
1015.767512,300,744.643414
659.43615,198,745.058475
607.36605,208,745.482619
1226.048653,342,746.158429
878.719909,282,746.752538
1474.22476,406,747.592095
814.241654,250,748.787038
274.468222,113,749.019552
1191.924845,335,749.719456
961.150004,275,750.304718
834.948434,251,750.824168
743.207355,223,751.306394
743.455612,223,751.772617
930.954402,275,752.347181
976.054426,278,753.619697
1003.79409,292,754.220584
593.958823,209,754.65964
969.616627,309,755.305894
879.469867,280,755.905594
1748.098376,504,756.962193
1287.962352,370,758.425069
736.076562,222,758.883254
828.968688,252,759.411386
783.560743,269,759.976303
787.313195,229,760.459886
831.898694,250,761.001043
1186.660966,337,761.742224
681.909573,211,762.17477
976.277734,296,763.481515
978.698315,278,764.080341
670.185081,235,764.604941
643.297837,210,765.073805
1083.942074,307,765.716098
957.138266,261,766.296148
670.088913,238,766.785177
876.22886,252,767.324873
817.179001,239,768.565515
963.372096,278,769.15917
1096.154052,317,769.824874
816.849676,242,770.327615
639.200086,189,770.733815
706.832355,211,771.169292
1302.696942,382,771.966415
1185.238514,340,772.668925
785.252189,240,773.867792
1027.981163,319,774.541431
1157.239624,325,775.21391
865.804352,266,775.762961
725.033148,219,776.215234
926.50929,294,776.829872
1311.434659,355,777.555639
1044.242764,284,778.855217
536.585044,170,779.209411
295.902773,116,779.448662
1403.909824,423,780.320997
1015.133431,299,780.95735
784.845777,234,781.450109
1144.661237,384,782.254397
751.282142,217,783.420053
860.642211,258,783.95735
1243.727957,376,784.74288
1017.116065,289,785.34134
877.139211,292,785.972921
867.725932,249,786.483599
1277.618904,361,787.246517
785.729149,232,788.394018
991.119524,293,789.015413
687.554972,205,789.442449
1235.075036,369,790.222242
927.595521,288,790.850526
826.501241,245,791.362074
1204.748786,337,792.084543
1574.713727,450,793.684892
1078.338416,308,794.32741
696.157139,237,794.820192
1605.792338,458,795.747459
965.046169,277,796.320573
968.857772,279,796.890532
878.348495,239,797.381284
644.721919,218,798.511343
648.247066,214,798.947001
646.420701,215,799.409868
602.920983,187,799.791321
1058.135642,314,800.449066
1540.737311,410,801.320419
1656.856533,481,802.332711
887.543772,268,803.565306
906.519694,299,804.169721
1798.473543,546,805.297026
1178.41998,337,805.994851
674.433066,230,806.483575
645.367983,229,806.959799
703.516118,227,807.422131
1090.360799,311,808.741225
841.564959,251,809.284657
909.150615,266,809.844785
793.817096,232,810.325291
1358.601508,398,811.142874
1033.567886,303,811.777913
1067.582205,309,813.137005
672.987659,204,813.570294
1128.183886,308,814.194286
930.439912,267,814.73297
812.435582,230,815.206426
934.954583,269,815.734076
1178.994314,339,816.460902
1322.5016,377,817.257433
1026.676526,304,818.573667
1025.296229,289,819.17933
558.820956,208,819.596708
789.575125,258,820.124018
1918.57297,552,821.263616
908.884251,315,821.915965
917.197552,259,823.149046
1102.212264,315,823.79872
667.537359,241,824.286326
1428.238471,391,825.074907
877.82937,266,825.613896
765.741258,222,826.065289
858.297777,254,826.584205
1149.529169,325,827.940951
1064.964913,308,828.576474
1518.137226,429,829.502322
1323.882911,351,830.244567
946.116568,271,830.819963
1271.180044,409,831.686849
1985.256435,546,833.529412
664.494211,200,833.939397
824.267122,228,834.429949
1666.845396,468,835.419691
1023.069865,323,836.091785
1966.468931,517,837.809025
1128.16176,308,838.453855
1088.151405,301,839.095817
2107.042471,628,840.415454
801.24307,243,840.934862
1353.635367,393,841.760739
1249.39157,336,843.146455
1405.597644,375,843.919289
1497.149025,427,844.815374
970.867165,310,845.470301
613.082049,183,845.867689
595.625902,179,846.246438
2570.664864,676,848.342242
649.582079,198,848.752702
973.601776,273,849.316545
823.322297,241,849.821816
1369.001469,385,850.627745
993.16552,319,851.284384
691.601234,213,851.733239
1006.356368,314,853.051116
915.848778,315,853.706128
1317.839705,433,854.618377
544.389525,165,854.956894
1259.175674,374,855.73007
762.34143,251,856.261533
662.084404,189,856.653692
989.663186,314,857.939644
935.20347,274,858.501214
954.131187,272,859.083865
895.868598,247,859.59455
1057.59304,299,860.210283
537.483495,169,860.559273
851.713608,291,861.163689
1358.977364,423,862.71913
887.098562,305,863.35461
609.629789,217,863.804729
1364.894146,380,864.605652
835.063442,240,865.108617
1171.775856,333,865.822035
806.92136,291,866.428818
1443.424032,391,867.913109
989.606416,328,868.602154
952.626717,276,869.1769
469.00065,153,869.494867
764.49996,223,869.977788
919.553145,260,870.527545
1052.96689,285,871.122572
930.081025,261,871.66929
888.303523,255,872.863938
1587.274771,425,873.745411
785.563038,233,874.217229
2182.460523,624,875.499192
1040.761391,299,876.121927
1038.031691,294,877.382577
1929.013379,578,878.609131
823.58046,235,879.091283
795.359057,232,879.574592
759.874712,215,880.022409
642.148953,187,880.419849
761.621206,227,880.89837
949.177114,258,881.437465
529.754991,201,882.523772
2463.621357,709,884.046268
541.664941,206,884.498102
673.928923,198,884.90577
607.459327,185,885.295728
975.499,265,885.843095
1616.748814,436,887.415592
824.006744,291,888.046747
610.408138,201,888.479212
439.884137,149,888.796605
577.995599,188,889.20978
1447.188916,427,890.110143
779.450994,221,890.580422
1038.227938,315,891.245184
760.143869,275,892.497709
706.019956,208,892.939998
891.96495,244,893.463084
1246.890348,368,894.233975
1404.24219,427,895.184475
1312.217494,373,895.960926
450.285621,145,896.253262
822.994902,231,897.360914
1267.293774,347,898.095965
1109.033551,305,898.718155
1019.317638,324,899.382246
813.754303,222,899.846544
1447.004151,445,900.777306
1471.178384,433,902.319981
975.946185,292,902.932288
1053.104943,293,903.545758
912.543426,255,904.067193
1152.143992,380,904.847051
745.364225,217,905.294586
1779.764927,522,906.365181
2865.812829,810,908.712409
1004.14284,291,909.316728
1070.315271,333,910.003792
1387.30199,399,910.849618
1039.450948,284,912.072467
1503.213133,449,913.053961
1223.209249,379,913.845844
798.048784,221,914.300829
833.455471,235,914.787368
900.257855,271,915.352567
1308.894161,353,916.085725
525.62654,163,917.097279
1060.665033,298,917.705694
565.710801,174,918.097167
574.353608,173,918.464633
1751.312798,497,919.53129
1642.091353,466,920.536371
612.489399,224,921.008427
1450.922412,384,922.495854
583.950638,179,922.866358
1394.803526,406,923.696593
770.842175,225,924.161256
975.908292,325,924.823183
1823.474386,523,925.913657
1016.764827,337,927.274071
1160.722525,319,927.925186
953.421795,261,928.45854
915.090323,275,929.02531
1268.513797,350,929.777473
2226.964212,620,931.0605
1429.489874,435,932.651631
866.059309,248,933.164269
1902.852823,525,934.243268
568.270441,175,934.628306
706.068257,206,935.056396
849.219827,262,935.606
1223.495412,381,937.071782
783.700858,232,937.559741
1504.77066,442,938.461669
950.243219,272,939.027519
1457.037854,417,939.953292
987.309653,299,940.607847
1576.97753,430,942.185677
1132.907564,337,942.929433
651.237927,196,943.371852
1064.24318,297,943.988313
1536.366388,467,944.952225
1158.661731,303,945.602502
1096.490387,352,946.981302
1562.388753,469,947.936038
1493.817133,395,948.755979
704.009361,214,949.195878
924.664502,276,949.793605
1330.349175,371,950.558533
2491.049283,676,952.587238
1188.611604,318,953.264854
1461.340125,391,954.075239
1038.031592,300,954.695425
920.272665,276,955.267282
1426.813192,405,956.718874
1999.38535,602,957.978297
1197.419408,320,958.633106
817.914206,235,959.128937
1236.969608,384,959.921117
1166.812975,318,960.580113
703.114263,249,961.798676
980.537269,270,962.358382
1107.18535,322,963.026359
1152.233994,344,963.743437
1332.141976,363,964.507065
818.74392,261,965.057718
2343.212289,630,967.061847
1245.472749,335,967.767997
919.358813,251,968.291402
1675.554992,478,969.286814
1483.166805,395,970.124877
1116.871946,293,970.731404
1175.576318,340,972.083459
1263.749016,357,972.823198
877.934624,244,973.324952
762.498433,216,973.779556
1053.231819,299,974.419242
903.85355,257,974.96685
933.265373,272,975.530749
1090.552457,305,976.828993
1208.101331,327,977.50506
1519.538338,405,978.364212
1274.188842,374,979.138834
1206.360987,327,979.815246
888.886885,248,980.327084
1245.780558,353,981.730719
2247.678313,598,982.961332
1036.703134,293,983.572511
601.826006,186,983.951034
1464.82347,402,984.805161
820.04381,228,985.298835
811.34785,231,986.515954
661.203905,202,986.950346
760.128964,218,987.380662
1096.307802,284,987.845826
1087.682193,296,988.472941
1453.346702,383,989.290722
1162.918397,329,989.975663
1053.391107,317,991.300559
1099.215363,297,991.917093
1026.884424,327,992.599531
834.34294,232,993.078558
824.458776,224,993.555295
1640.021974,434,994.468673
963.542057,269,995.043756
843.891893,237,996.156634
1073.454759,298,996.759452
1452.835633,385,997.606331
981.762101,277,998.195328
763.853753,214,998.633948
942.899485,256,999.171209
1219.881458,327,999.839987
926.687805,261,1001.012439
663.496633,198,1001.41571
1254.526957,342,1002.12056
539.034989,168,1002.465599
862.250878,235,1002.93957
1337.461328,358,1003.683114
794.458244,232,1004.168597
1165.65236,309,1004.819978
1171.460692,348,1006.140912
330.318285,125,1006.410754
791.388368,254,1006.934597
1807.654057,474,1007.947196
1635.781082,449,1008.921859
1276.460754,334,1009.632919
1249.122195,339,1010.952153
1226.138584,321,1011.636563
1826.800454,489,1012.673092
902.712874,285,1013.254573
763.192367,221,1013.732266
1019.166082,271,1014.297335
1756.740181,473,1015.952395
1086.532836,309,1016.607781
1607.560127,445,1017.556929
800.456286,233,1018.04624
1713.725333,457,1019.007535
1227.485513,346,1019.738189
773.008938,274,1021.023626
1164.424093,307,1021.653208
1855.452743,519,1022.750469
1466.173418,387,1023.540277
1401.547878,364,1024.329419
614.311251,210,1024.776687
1337.011562,397,1026.289165
1236.741237,330,1026.983896
886.017621,250,1027.494045
1179.431931,320,1028.196249
1024.905702,300,1028.806146
1298.05933,389,1029.610064
1173.153347,343,1030.98926
1395.423718,385,1031.799706
1199.526385,376,1032.591718
1212.048306,340,1033.289092
1680.689729,439,1034.196724
1161.129914,318,1034.855939
1460.513778,398,1036.391615
1093.164607,324,1037.065022
897.082367,319,1037.730835
1313.935247,343,1038.426341
1093.208833,303,1039.051111
944.880297,256,1039.596187
1493.863277,423,1041.175809
911.008027,249,1041.699012
1055.2903,321,1042.351836
894.517638,269,1042.924435
968.469754,278,1043.524287
1102.752472,315,1044.207289
1446.940674,387,1045.769345
1226.045946,335,1046.474668
942.096165,312,1047.129375
1389.214743,399,1047.981256
1470.052773,403,1048.854793
911.596781,260,1049.413594
1801.997943,483,1051.068335
1104.085659,317,1051.768375
982.763589,315,1052.445185
1583.483818,436,1053.368495
1451.139032,402,1054.202476
1087.798472,333,1054.881268
1590.345163,442,1056.471111
1017.103526,274,1057.043773
1186.121295,316,1057.701555
1356.683449,362,1058.442895
1213.015398,320,1059.135693
1068.325396,326,1059.831003
1303.454827,367,1061.311063
938.492477,251,1061.809556
1384.100362,356,1062.549277
947.703949,284,1063.133808
2394.827781,630,1064.468082
1664.880121,448,1066.027281
1942.398614,509,1067.077893
875.346826,292,1067.681189
1442.242698,427,1068.562424
1731.200788,463,1069.539088
1184.383179,339,1070.804313
979.290448,272,1071.270771
1099.127758,300,1071.841807
1449.956958,401,1072.672937
1885.801743,494,1073.701891
1467.77407,421,1075.24998
858.327719,241,1075.747413
1403.466775,383,1076.561492
1113.044071,331,1077.247592
1085.81608,303,1077.893883
778.903093,226,1078.407049
924.009717,257,1078.961557
1455.537671,395,1080.440436
897.764153,249,1080.949116
630.060693,187,1081.333381
907.136049,254,1081.871388
1244.950797,343,1082.580722
1554.747577,417,1083.435463
523.011127,192,1083.835419
932.81176,249,1084.346156
950.589159,266,1085.570309
1302.969977,354,1086.294364
565.955969,177,1086.654186
1005.94408,270,1087.235958
570.557987,169,1087.600145
1047.257506,292,1088.224095
1145.547636,320,1088.86162
641.947764,187,1089.252136
1251.880767,357,1090.736742
809.191423,233,1091.229415
1430.554349,407,1092.074878
964.079979,268,1092.654888
1782.28746,494,1093.679371
962.500889,296,1094.312947
647.816599,186,1095.339865
940.891716,261,1095.91362
1144.142346,296,1096.528897
1041.204261,294,1097.175158
789.631271,243,1097.675964
1024.287653,285,1098.277868
1397.30675,379,1099.064889
1721.65003,459,1100.670777
1399.113484,413,1101.559541
1354.506606,373,1102.347422
725.448861,206,1102.794207
1262.573517,336,1103.506893
895.775853,252,1104.014507
1200.971982,345,1105.402172
1133.548411,317,1106.063109
1724.694222,498,1107.079226
1399.782946,366,1107.841012
840.686061,241,1108.329526
548.42968,170,1108.680993
1487.069489,380,1110.143723
835.83663,241,1110.631586
1073.134763,302,1111.236775
855.780325,234,1111.708842
1476.188599,393,1112.536918
1093.980939,298,1113.153024
1006.442052,269,1113.693332
1076.234077,291,1114.951346
1348.229138,361,1115.696365
1205.206485,328,1116.376795
1142.886963,310,1116.957283
1393.782133,369,1117.533042
1513.859664,417,1118.331437
996.703976,288,1119.598747
1101.727112,306,1120.217409
1860.811563,526,1121.28515
769.578133,222,1121.699028
1135.617551,313,1122.338979
1285.392496,338,1123.050136
993.460767,280,1124.301592
1221.332064,331,1124.983179
1139.543133,308,1125.62097
1438.913634,392,1126.416121
1210.683287,351,1127.135758
1299.606339,350,1127.855666
991.323548,292,1129.099841
927.323526,251,1129.614658
849.421274,241,1130.104728
1220.118295,332,1130.828909
1375.839558,379,1131.627127
880.680229,247,1132.140026
1471.47404,390,1132.962446
1418.996285,377,1134.403449
680.73941,205,1134.86051
818.836158,231,1135.336488
1672.717799,454,1136.273669
1147.213786,307,1136.920367
717.742289,206,1137.355476
1119.653261,307,1138.021128
1424.215249,408,1139.528907
924.194205,252,1140.084677
1393.276952,371,1140.862453
1072.074636,289,1141.460978
1910.159418,531,1142.583272
903.208913,249,1143.117725
1022.776298,293,1144.408364
1139.629932,329,1145.095885
1021.475273,287,1145.683441
1001.54047,295,1146.342633
1420.70051,403,1147.227486
1099.314215,307,1147.882707
1266.260152,342,1149.261156
1625.135366,438,1150.209643
791.306904,237,1150.704646
720.051326,216,1151.159929
1334.492229,353,1151.92725
545.617861,172,1152.296896
1385.054957,383,1153.087733
1712.561914,474,1154.787266
704.478415,201,1155.211401
627.449545,185,1155.59728
1433.293317,372,1156.364968
1463.094954,412,1157.267179
1931.305909,513,1158.381441
689.075099,205,1159.451874
660.729584,228,1159.933628
589.92313,177,1160.322232
765.02462,223,1160.808535
876.097169,239,1161.324618
1016.526218,295,1161.963891
1318.590003,352,1162.692945
1765.815403,449,1164.235126
1493.144806,414,1165.120469
1279.967817,377,1165.941129
1694.853124,442,1166.856016
2495.123223,645,1168.205837
974.874403,259,1169.408999
1436.993581,368,1170.188407
1168.781014,323,1170.876852
1491.24544,406,1171.704965
1210.243709,357,1172.433475
1013.978298,277,1172.997274
745.24738,215,1174.109876
1658.197489,428,1174.984438
1405.981197,382,1175.828302
1424.977819,360,1176.597552
1372.724393,386,1177.385529
1283.833715,349,1178.135246
1132.091104,316,1179.448699
1040.146118,271,1180.000349
973.248659,288,1180.624353
1366.286659,365,1181.381429
1070.996335,312,1182.044731
1538.254726,396,1182.877706
1502.108284,420,1184.409666
1732.089685,458,1185.369499
886.792588,238,1185.846485
1429.30631,381,1186.629024
1696.81951,462,1187.594432
1166.728833,315,1188.957017
743.359072,222,1189.420883
2158.63985,578,1190.590298
783.951476,241,1191.084316
769.106013,221,1191.541511
1436.089139,411,1192.383162
1773.057234,469,1194.068785
1920.90851,510,1195.140018
518.767773,158,1195.471992
1562.52308,424,1196.368242
1402.939903,378,1197.162022
1116.816374,293,1197.773733
1359.507072,366,1199.32866
701.848314,210,1199.776343
2107.028698,539,1200.892357
1068.978809,303,1201.517697
783.909104,250,1202.037685
2255.601826,586,1203.929593
1359.878305,356,1204.673702
2094.552488,563,1205.843118
1706.01649,463,1206.812245
481.72021,173,1207.189963
1177.546252,314,1207.844798
993.781354,290,1209.110485
1093.217178,283,1209.686342
1085.684043,294,1210.291905
1277.348981,329,1210.980086
1103.192135,322,1211.651668
1502.561014,388,1212.451715
1515.819354,399,1214.063146
1624.823261,452,1215.017588
2567.232674,679,1216.446804
1130.22118,307,1217.074647
678.912407,206,1217.502831
844.862962,244,1218.706757
1838.062713,494,1219.775272
1421.353578,416,1220.675014
1193.59422,334,1221.35882
1905.336137,511,1222.458184
1454.678265,374,1223.927626
1198.358043,316,1224.585994
2007.761104,540,1225.679352
2575.365342,649,1226.938036
1305.073862,355,1227.708376
1418.595727,369,1229.163778
1357.289773,346,1229.877137
1201.808849,330,1230.554131
1408.709156,362,1231.309669
1573.670623,425,1232.187686
1007.777738,270,1232.747458
1198.89987,326,1234.095602
1528.29306,393,1234.900113
1279.524406,331,1235.572912
1050.015262,285,1236.152766
1823.808127,502,1237.171374
1348.205694,368,1238.589028
967.317674,263,1239.124944
773.703152,228,1239.587218
1006.271698,284,1240.1667
2157.656647,565,1241.339206
1145.012038,319,1241.99508
1834.891167,470,1243.684716
1167.890468,314,1244.328092
1083.227809,304,1244.950206
1360.870955,368,1245.722903
937.377813,251,1246.251443
1153.007546,304,1246.90537
1358.212435,381,1248.357345
1270.056428,346,1249.085508
824.549137,235,1249.59505
974.541395,266,1250.15538
484.733948,184,1250.539497
1228.405319,322,1251.195822
1061.624703,290,1251.788499
977.462401,281,1252.361016
2002.599667,523,1254.131518
891.163982,253,1254.655526
1183.066023,327,1255.325595
1086.813098,286,1255.912837
895.448429,246,1256.443875
1110.234707,306,1257.101448
779.392482,221,1258.290222
1182.513803,309,1258.929432
907.03716,269,1259.473889
1705.683158,438,1260.369488
597.800017,185,1260.749295
1237.869104,324,1261.402236
623.419713,189,1261.789027
1743.0113,447,1263.419162
1387.301772,370,1264.186117
1270.584284,339,1264.892977
1046.589227,306,1265.550135
881.154,267,1266.126628
591.137173,177,1266.491146
723.636751,202,1266.912082
1086.1436,292,1268.14952
1021.283016,280,1268.728689
1455.791224,380,1269.555725
819.84287,224,1270.019756
1292.239227,348,1270.77836
492.788552,155,1271.119841
124.690065,69,1271.262589
1980.025323,497,1272.298383
727.063107,213,1273.402852
1281.202904,354,1274.122172
748.429751,219,1274.577006
1235.669405,326,1275.258016
560.375146,166,1275.598726
888.261812,241,1276.115149
1819.33511,457,1277.117136
914.329659,252,1278.291532
1437.48993,361,1279.042449
1213.427383,328,1279.710746
1188.985959,323,1280.380266
1225.285794,330,1281.093248
903.369201,250,1281.615388
936.242905,259,1282.154915
924.014966,254,1283.323586
648.249159,218,1283.77783
1038.687737,283,1284.373822
554.462087,176,1284.743048
1331.195127,358,1285.488827
909.648701,259,1286.059853
1186.440383,321,1286.733619
820.946323,240,1287.889066
1063.141071,286,1288.486477
930.079362,257,1289.016009
1094.325807,289,1289.624819
754.331482,214,1290.084704
699.245592,208,1290.555856
1241.966715,361,1291.324643
1432.688679,386,1292.143664
1085.018735,309,1293.380524
839.832539,231,1293.883522
1424.642716,384,1294.670419
1269.996856,341,1295.382514
854.945343,246,1295.89299
1180.931385,312,1296.535707
1637.337323,432,1298.11174
595.743568,181,1298.481731
3304.810595,856,1300.27575
889.601572,243,1300.783988
1359.016633,376,1301.546226
1436.676167,421,1303.117164
1048.905571,311,1303.766638
1433.030199,387,1304.573231
649.69895,221,1305.031045
1299.545887,346,1305.76628
697.475669,196,1306.19785
3009.136369,765,1308.449917
1321.799947,359,1309.212452
1234.988042,329,1309.903462
1149.755928,311,1310.541501
1396.482632,374,1311.323619
1445.489249,376,1312.808832
2098.483087,546,1313.996848
1499.670332,399,1314.833253
1749.738562,436,1315.752138
1242.273281,326,1316.425403
1096.18472,290,1317.697386
1400.465396,398,1318.532391
841.713207,260,1319.087515
1419.195273,385,1319.894269
1768.98654,453,1320.878251
693.509742,201,1321.305498
1570.87349,407,1322.714912
2083.630823,537,1323.798654
1577.295297,419,1324.682451
1454.504144,394,1325.508452
1197.156457,318,1326.172639
2465.448056,626,1328.21251
1198.918425,348,1328.958059
1618.558464,435,1329.898948
1374.720098,380,1330.684224
1540.332556,383,1331.474332
1348.00814,346,1332.942311
1439.483762,380,1333.754006
1586.701592,412,1334.634607
1820.553009,459,1335.606645
2015.039345,524,1336.718833
1532.266161,407,1338.274935
1073.918296,283,1338.876637
1763.963862,467,1339.876327
1339.819579,383,1340.683956
2243.42574,567,1341.888281
941.757411,253,1343.028862
923.400961,258,1343.561237
1145.51018,292,1344.17451
1144.340742,326,1344.869924
1074.289055,278,1345.446182
1485.49469,374,1346.245625
953.731255,270,1346.822207
2527.687725,640,1348.89186
1298.958186,327,1349.565654
1035.942343,265,1350.117936
1040.48907,273,1350.692993
1078.376307,282,1351.279463
1639.392665,407,1352.805898
1803.474677,444,1353.727565
1515.99805,398,1354.564084
1355.849316,349,1355.284069
1134.756118,302,1355.912108
845.468479,237,1356.423245
1239.717891,333,1357.855833
1489.841877,392,1358.677845
1475.836115,378,1359.472201
931.673246,248,1359.989348
1704.027686,475,1360.9893
1241.085439,324,1361.65337
1675.124459,452,1363.327535
1011.721733,273,1363.891818
761.648993,211,1364.333346
1952.700255,481,1365.386109
1455.899723,363,1366.145176
1562.696448,448,1367.794847
1035.337415,296,1368.409949
1760.933571,454,1369.368009
2420.912334,627,1370.696387
874.105349,240,1371.194083
752.214871,216,1371.644104
1947.814366,508,1373.416953
1918.807002,479,1374.41059
1398.803132,393,1375.215955
1256.766704,321,1375.879552
838.110549,226,1376.34312
1712.720095,433,1377.911622
1378.818654,362,1378.656234
1245.759099,331,1379.348292
1046.704884,274,1379.895122
1054.011227,285,1380.483335
1645.132295,413,1381.332857
2652.01863,646,1383.347416
1461.245443,399,1384.162177
740.081376,230,1384.639147
130.401628,67,1384.777188
589.856114,178,1385.151722
1858.717506,483,1386.137085
2496.475505,633,1388.136174
1999.564728,511,1389.175001
1301.266246,334,1389.855653
1672.334496,432,1390.698188
991.025424,276,1391.2889
1235.996738,313,1392.628865
2097.735521,534,1393.732981
1705.639073,437,1394.653686
120.818046,67,1394.798605
1316.712498,355,1395.562672
2171.987196,533,1397.362299
711.033806,211,1397.812521
1240.637219,326,1398.479059
899.841205,235,1398.961721
2323.472777,563,1400.196081
1704.769196,416,1400.992391
2401.501571,592,1402.939249
765.454678,221,1403.397435
836.565545,235,1403.905559
2205.468968,536,1405.015948
1214.25401,314,1405.686257
1012.595274,264,1406.233948
1243.228537,322,1407.605848
1213.978643,316,1408.271501
1465.85184,369,1409.031801
1582.461063,396,1409.885646
692.36351,212,1410.334248
2247.520708,551,1412.166793
1062.511379,297,1412.800847
1138.581709,286,1413.413615
2717.723988,649,1414.786977
1835.421135,445,1415.70452
1488.008181,379,1417.156765
1238.025694,316,1417.804605
1846.118278,500,1418.889321
1472.353412,379,1419.673093
727.821312,227,1420.15022
1761.285544,462,1421.115658
2895.411626,700,1423.2683
1409.513712,370,1424.057833
1918.638299,472,1425.052111
2194.86322,531,1426.150098
1687.99517,441,1427.7476
1514.467434,408,1428.593943
1734.477081,437,1429.508229
1852.076084,491,1430.533868
732.884993,210,1430.966195
1775.909765,445,1432.609749
2132.684695,551,1433.764602
2660.32225,669,1435.170625
1100.273671,306,1435.808826
1204.464222,323,1437.187256
780.365944,244,1437.704625
1210.509568,342,1438.425326
1733.479718,467,1439.400629
1712.347639,451,1440.380137
1909.667636,487,1442.086838
753.051149,212,1442.5314
1952.066208,513,1443.625825
1706.868007,439,1444.534809
1821.536051,445,1445.484195
744.522154,238,1445.982651
1871.278158,451,1447.63358
2584.659848,609,1448.895407
2211.130298,569,1450.067557
1347.293254,372,1450.857304
2587.268372,626,1452.824944
2421.391575,607,1454.111274
1024.295744,294,1454.715566
1439.237656,375,1455.508692
1639.243847,417,1457.107112
1861.451135,480,1458.101286
1421.392857,384,1458.899858
2105.641382,517,1460.011266
853.496356,259,1460.590554
1675.270454,410,1462.146568
1428.212169,381,1462.952449
1022.770304,306,1463.594483
1643.283172,420,1464.461387
1187.174595,312,1465.108616
600.826603,207,1465.545179
2225.11777,544,1467.35716
1467.154941,383,1468.174505
3761.996898,890,1470.026636
1349.362615,359,1470.770351
1726.108972,458,1472.43218
2692.283461,681,1473.843248
1761.814224,458,1474.798425
1406.748274,378,1475.605584
1617.757768,406,1477.123351
1800.129357,463,1478.088614
2210.590018,545,1479.24644
1191.772071,332,1479.930635
1250.006563,322,1480.579839
1036.013768,298,1481.901544
338.02493,126,1482.156636
2272.516379,571,1483.377697
806.920543,248,1483.892178
1514.762753,391,1484.713164
1603.594497,405,1485.57391
2344.055275,566,1487.47761
2846.831879,685,1488.898761
1788.477812,447,1489.82822
590.786121,205,1490.25264
4159.790891,1000,1493.062262
1387.869631,363,1493.809818
3097.560511,734,1495.333915
1260.679249,343,1496.048727
1106.697931,307,1497.304216
1874.197719,467,1498.286623
2381.044259,586,1499.466192
1866.738146,470,1500.469461
4070.735736,1000,1503.179516
951.961867,279,1503.789284
1601.93123,412,1504.646984
1492.178682,388,1505.456287
2453.802889,591,1507.341297
3094.185501,754,1508.882226
1142.357419,314,1509.515049
1623.106752,414,1510.357538
1280.449153,359,1511.749903
1139.931902,322,1512.416991
2047.006158,509,1513.507885
2557.083554,630,1514.839638
1319.608428,360,1515.580793
1832.722069,442,1517.170614
2365.088323,604,1518.404487
2610.549161,632,1519.723618
4050.978022,1000,1522.460187
2048.520119,528,1523.610426
4145.006187,1000,1526.405872
3129.917791,795,1528.06128
2143.618693,533,1529.151614
2424.013142,614,1530.430737
588.634141,208,1531.547088
4132.314734,1000,1533.628453
1475.681502,363,1534.406858
2788.33024,664,1536.397967
758.293799,211,1536.862935
2564.227555,626,1538.173268
1643.4448,434,1539.123188
1638.488942,422,1540.017667
3016.159449,719,1542.223132
3973.279517,1000,1544.338121
2174.014012,537,1545.497132
1292.25238,338,1546.938982
2632.191299,659,1548.302877
1320.287039,351,1549.063134
1231.714566,337,1549.790349
1492.288856,394,1550.636754
2423.692748,588,1552.513777
1120.558714,308,1553.133329
2812.413605,684,1554.542744
2091.319192,528,1556.310791
1142.27729,293,1557.027407
2287.66522,571,1558.21215
1023.881447,293,1558.817778
1261.075278,336,1559.526384
1927.555648,500,1560.573953
1180.122562,303,1561.88869
4102.31005,964,1563.888443
1828.8674,450,1564.85437
961.45133,254,1565.399266
2441.477064,602,1567.369316
1932.372766,500,1568.421234
2970.425266,704,1569.91332
1650.445713,432,1571.479941
2218.383454,533,1572.597488
4045.670327,938,1574.567138
1958.064426,518,1576.323439
1297.854726,349,1577.089613
3359.892008,810,1578.807086
2256.52626,577,1579.988366
2292.899915,577,1581.862809
2264.88865,548,1583.047202
969.558044,279,1583.620742
3455.221259,789,1585.281354
4011.744459,967,1587.976353
1433.089166,364,1588.752299
3073.698205,728,1590.28716
1621.22657,403,1591.738572
1804.336821,448,1592.689824
4257.941343,1000,1594.808847
4297.816579,1000,1597.587389
2864.964308,674,1599.008301
3836.205101,904,1601.522936
2817.05817,654,1602.886494
4290.068678,997,1604.974833
3742.097305,890,1607.566273
3723.599442,877,1609.388326
3057.203808,725,1611.602614
4228.291991,1000,1613.677229
4331.695445,1000,1616.398202
4237.194648,1000,1618.609961
2891.372734,696,1620.104915
1696.379276,436,1621.657156
1720.700257,431,1622.565086
2348.549291,571,1623.787069
2470.260486,580,1625.011409
2491.837272,596,1626.895613
2746.631974,641,1628.225874
1819.327048,480,1629.209749
1021.470094,281,1629.796734
4257.569823,990,1632.56645
4212.965066,975,1634.617412
1542.178393,371,1636.07368
3161.611923,749,1637.640474
4103.923561,1000,1639.766792
2665.535277,649,1641.731631
4238.101196,1000,1643.813065
835.244797,264,1644.370985
4143.662896,1000,1647.185482
3982.307751,1000,1649.345853
3937.699312,1000,1652.102212
4118.428615,1000,1654.20938
2316.484181,577,1656.157758
2027.303963,489,1657.157217
4104.896262,1000,1659.255855
4070.05918,1000,1662.078459
2180.987546,517,1663.144922
3991.133717,1000,1665.891036
3872.54489,1000,1667.944232
4055.804604,1000,1669.967879
4173.472095,1000,1672.776333
3962.182881,1000,1674.869794
4149.385045,1000,1677.683052
4098.275237,1000,1679.666575
2154.499669,553,1681.552541
3948.600298,1000,1683.648514
4128.24771,1000,1686.440298
4187.44851,1000,1688.535917
4099.640599,1000,1691.31591
4041.053763,1000,1693.396419
4229.23837,1000,1696.181532
4114.23797,1000,1698.210974
2645.766035,695,1699.576624
4093.750673,1000,1702.349017
953.875392,265,1702.891571
4142.357537,1000,1705.667541
4185.272544,1000,1707.802903
2481.071652,609,1709.088924
2101.29156,520,1710.862785
1394.668731,368,1711.637495
4257.371926,1000,1713.736674
4223.710039,1000,1716.644586
4352.010269,1000,1718.734925
4179.919516,1000,1721.494945
4300.327428,1000,1723.506609
4170.788832,1000,1726.19449
4340.21063,1000,1728.365427
4082.091899,1000,1731.237031
2642.764863,609,1732.501827
1279.258289,315,1733.185916
4034.632734,1000,1735.900501
879.15221,234,1736.38546
1419.060393,346,1737.099582
4077.054492,1000,1739.20755
4182.222713,1000,1741.970613
1754.305108,421,1742.834971
4193.207317,1000,1745.563411
3467.516822,810,1747.223733
1061.44056,275,1747.809574
4310.440425,1000,1750.48847
4278.295447,1000,1752.560074
1542.665232,381,1753.380667
4204.255037,1000,1756.067893
952.357978,265,1756.638586
1907.390027,483,1757.631395
3952.863332,1000,1760.416924
4122.697122,1000,1762.472458
4318.89507,1000,1765.140524
4167.207153,1000,1767.263144
4288.214464,1000,1770.054991
3986.313658,1000,1772.226444
1156.112926,294,1772.840712
4221.505382,1000,1775.638293
4269.605447,1000,1777.721588
1167.570593,291,1778.323643
1563.51178,368,1779.755924
1184.121783,288,1780.350015
4237.748616,1000,1782.422403
1305.391262,334,1783.130318
4221.263708,1000,1785.925041
1027.09943,264,1786.474447
4130.740797,1000,1788.577452
1460.947869,355,1789.938031
2522.89231,587,1791.150817
4246.592367,1000,1793.241338
4402.129131,1000,1795.992876
4212.583065,1000,1798.038793
1196.411364,301,1798.666417
4241.069686,1000,1801.461647
4299.843543,1000,1803.557815
4345.911673,1000,1806.434071
360.41845,136,1806.710762
4352.49736,1000,1809.440733
888.082032,241,1809.855363
1137.513517,302,1810.478793
1810.191239,444,1811.409132
1584.092182,387,1812.222279
4344.471165,1000,1814.98992
4330.577235,1000,1817.095635
1912.941185,458,1818.05864
896.646325,246,1818.564383
1303.69311,322,1819.953179
3960.651753,903,1821.829519
4402.301212,1000,1824.571408
4270.552114,1000,1826.65719
4342.348087,1000,1829.433866
4335.421723,1000,1831.53104
4276.848574,1000,1834.271846
1262.56632,312,1834.930709
2276.671617,527,1836.031429
1694.894445,408,1836.854485
864.43622,241,1837.388011
4345.805835,1000,1840.114495
3581.489441,857,1841.892711
4406.842721,1000,1844.620409
4288.552951,1000,1846.713667
1200.4692,309,1847.36668
1740.006882,401,1848.19323
4462.001362,1000,1851.011471
2109.789084,513,1852.077509
1316.42808,344,1852.854254
3257.80463,730,1855.065697
688.588848,198,1855.476638
1504.78276,376,1856.245117
906.602378,247,1856.764709
1118.608838,283,1857.360234
909.834524,242,1857.864881
4283.556811,1000,1860.621348
1642.391265,427,1861.507492
4307.669865,1000,1864.341773
4193.210024,1000,1866.474066
4387.488092,1000,1869.132476
4138.433799,1000,1871.299288
4143.858021,1000,1874.025865
2539.248805,588,1875.264008
3460.250021,791,1876.87642
4225.481408,1000,1879.596334
4220.627121,1000,1881.688103
4275.439618,1000,1884.476002
4198.725886,1000,1886.598227
4272.050051,1000,1889.317734
1148.93087,299,1889.938651
1294.122053,328,1890.617119
1957.620795,464,1891.594943
316.977451,123,1891.851849
4264.059452,1000,1894.649252
4403.237759,1000,1896.751393
4230.304118,1000,1899.494644
3688.523042,833,1901.259266
4242.244391,1000,1903.999589
4237.273623,1000,1906.071491
4355.259095,1000,1908.843838
4269.455205,1000,1910.959985
4305.251335,1000,1913.677584
1065.230148,269,1914.228427
1340.367735,390,1915.024935
4077.06607,955,1917.0007
2634.158078,639,1919.036348
683.373883,200,1919.450349
1376.764425,354,1920.206254
4267.438204,1000,1922.328641
417.187234,141,1922.616461
4297.808864,1000,1925.324722
987.149566,278,1925.901251
4272.995214,1000,1928.679303
4082.695805,1000,1930.785159
4210.864871,1000,1933.531564
4227.691777,1000,1935.658989
4234.47114,1000,1938.411461
1467.933211,393,1939.228576
4322.788253,1000,1941.346158
1894.824324,454,1942.308191
4283.950193,1000,1945.06272
4072.130517,1000,1947.129101
4316.131504,1000,1949.86129
1721.934368,422,1950.755167
4302.334958,1000,1953.618407
1337.459775,354,1954.370317
4158.197249,1000,1956.491073
2983.651624,730,1958.768669
902.868696,241,1959.282419
4417.787887,1000,1961.347065
1607.731296,413,1962.211682
1682.443832,413,1963.786594
2117.86777,470,1964.77661
1919.153074,486,1965.810531
2524.234686,561,1966.991175
1170.597741,299,1968.34306
4241.215231,1000,1970.427773
4276.585462,1000,1973.230478
4374.907624,1000,1975.278806
1713.827055,411,1976.11411
2656.913678,610,1978.029155
2235.252103,536,1979.149086
1534.44481,406,1979.976703
4281.130432,1000,1982.107136
4227.566485,1000,1984.815588
3931.980142,904,1986.744835
4388.681915,1000,1989.527141
4291.484849,1000,1991.592583
4329.167651,1000,1994.400515
4178.031211,1000,1996.51032
4297.597551,1000,1999.253156
4255.216744,1000,2001.374451
4259.433911,1000,2004.109759
4225.180553,1000,2006.200547
4190.859732,1000,2008.934464
2575.315075,607,2010.245411
1032.506081,273,2010.811142
4409.941084,1000,2013.646553
1511.42726,380,2014.45414
4494.314452,1000,2016.586829
4247.071493,1000,2019.392207
745.063541,210,2019.847881
4462.34931,1000,2021.985357
4273.355927,1000,2024.71392
4267.116844,1000,2026.827447
3188.437245,755,2029.103733
1568.208,400,2029.94476
359.870069,140,2030.24746
4276.017991,1000,2032.972137
4199.886825,1000,2035.060688
1197.070835,298,2035.677505
2779.255246,642,2037.022674
1936.347443,465,2038.628234
4495.413667,1000,2040.707583
4337.08196,1000,2043.410802
4385.377978,1000,2045.517979
4388.885163,1000,2048.296686
2133.165818,505,2049.366708
4391.346744,1000,2051.597502
2151.059732,513,2053.313844
4430.34236,1000,2055.410887
4293.410883,1000,2058.118547
4200.442087,1000,2060.21492
4123.785407,930,2062.816897
2667.325324,644,2064.153697
4539.300643,1000,2066.310165
4406.728027,1000,2069.060783
2206.537743,533,2070.112982
1569.054886,371,2070.868983
828.632916,234,2071.346929
1224.76336,319,2072.705656
1443.310263,367,2073.462675
1396.717921,348,2074.206475
3349.425322,723,2075.695125
1095.226238,282,2076.289175
3180.206123,734,2078.690389
4451.320805,1000,2080.821121
4544.826476,1000,2083.570971
2770.629336,654,2084.951077
4398.635868,1000,2087.757598
4494.53456,1000,2089.844995
3997.11092,916,2091.752208
1264.891414,338,2093.046391
4337.014516,969,2095.058955
3591.823089,850,2097.49511
1701.768595,419,2098.370246
1715.468913,398,2099.196468
3158.105365,738,2100.706346
1407.310083,343,2101.426962
4341.918661,1000,2104.174307
4271.673026,1000,2106.261164
4535.259046,1000,2109.008782
4340.910952,1000,2111.167516
4481.608578,966,2113.904902
4293.297174,1000,2115.979307
722.398281,210,2116.428384
3865.134039,855,2118.882106
4443.341368,1000,2120.812721
977.692581,288,2122.09462
1571.897679,381,2122.87515
1878.553753,448,2123.796456
1609.121381,408,2124.673585
1812.999292,429,2125.552025
461.221001,160,2125.885787
4125.223633,1000,2128.67362
4565.118769,1000,2130.78825
2176.979194,507,2132.577456
906.529213,245,2133.0895
4344.325255,1000,2135.194341
3310.120619,794,2137.607895
3158.075067,714,2139.090396
1581.124529,416,2139.990981
3059.639546,685,2142.085366
4328.942647,1000,2144.168486
1590.420916,404,2145.022269
4604.575726,1000,2147.831166
4338.829773,1000,2149.943187
1228.168633,300,2150.578035
1666.782957,393,2152.077907
478.445304,173,2152.442089
4308.285245,1000,2154.455693
4393.638783,1000,2157.291594
2442.664421,560,2158.45783
647.699604,211,2158.890754
1173.4099,295,2159.493309
4539.545296,1000,2162.173358
4427.163277,1000,2164.239913
4554.690685,995,2167.022459
2463.253453,561,2168.20095
2432.179242,565,2169.387829
2574.021504,598,2170.608981
4377.829408,1000,2173.311958
4440.42364,1000,2175.41731
502.761626,163,2175.756536
3687.027872,798,2178.085391
4434.303206,1000,2180.164017
1418.555387,372,2181.698632
4509.209688,1000,2183.812889
4514.275359,1000,2186.601114
1332.03638,344,2187.332138
2561.698498,615,2188.61818
2260.573648,531,2189.729108
1872.807072,445,2190.648946
478.862446,159,2191.634248
4501.06784,1000,2193.721522
4103.799568,926,2195.6814
925.570507,263,2196.992764
1257.514421,349,2197.718735
3110.895038,712,2199.196269
2540.695435,576,2200.384929
4484.503102,1000,2203.113172
1650.600214,398,2203.928705
1813.02565,457,2204.931531
4261.646639,1000,2207.715822
4528.714876,1000,2209.813964
689.970319,231,2210.294731
4360.229968,1000,2213.021184
2822.401876,643,2214.368038
315.489376,124,2214.623451
1624.053853,407,2215.494579
3048.311338,686,2217.601147
4121.421187,930,2219.525052
1637.105482,405,2220.358944
4240.865055,1000,2223.105103
2580.305719,601,2224.367655
4456.666317,1000,2227.140609
4579.970792,1000,2229.224737
4217.556263,1000,2231.957423
4419.049868,1000,2234.023623
4432.791587,1000,2236.723616
2273.307764,526,2237.827246
4301.902774,946,2239.800794
2525.897974,606,2241.741701
1620.557752,390,2242.546803
4374.942896,1000,2244.61375
2681.555252,605,2246.579529
1594.728216,398,2247.402199
4426.542607,1000,2249.55134
4377.332158,1000,2252.34022
4012.822238,900,2254.2536
1491.922907,355,2254.988018
1267.061639,337,2256.295868
672.378915,194,2256.702135
2387.724001,551,2257.877413
3682.509688,824,2259.598166
2468.937762,574,2261.453177
2876.794997,630,2262.791346
4250.091951,1000,2264.896561
4551.840264,1000,2267.62907
4543.239845,1000,2269.744483
4408.698763,1000,2272.591857
346.774587,133,2272.869388
2267.115415,518,2273.927907
2277.102063,540,2275.026743
4352.625376,970,2277.711186
4575.575657,1000,2279.790427
4529.530999,1000,2282.533579
3553.399721,793,2284.122247
3068.820012,690,2286.227031
3969.268307,865,2288.049613
2387.177275,568,2289.21322
1271.141158,335,2290.617208
4598.067651,1000,2292.675234
4286.518108,929,2294.572396
4501.404004,1000,2297.422024
2675.828974,612,2298.731158
3501.054266,776,2301.051643
4633.000395,1000,2303.178615
4686.293642,1000,2305.910821
1770.307103,438,2306.824415
1505.644972,374,2307.614572
1705.246519,412,2308.466564
1250.051469,322,2309.128591
1531.353821,376,2310.583078
3825.503353,841,2312.35608
4621.667783,1000,2314.43275
1500.739197,359,2315.85463
1241.095473,314,2316.507517
2027.72415,460,2317.48841
4686.138043,1000,2319.606274
2658.952749,600,2321.526222
863.506858,236,2322.03483
1220.148159,309,2322.697325
1092.94656,281,2323.294745
4584.98292,1000,2326.081028
4491.231524,1000,2328.16439
1151.109031,295,2328.789971
811.248652,223,2329.249997
1850.210642,468,2330.920939
2145.07231,503,2331.95766
2963.721586,658,2333.360983
2465.117255,546,2334.497836
1530.939965,380,2335.947408
3640.192011,785,2337.616063
2605.611615,579,2338.82412
4474.051937,968,2341.508694
4626.190543,1000,2343.578037
2365.263927,527,2345.367774
4448.339304,969,2347.439453
1931.804699,480,2348.469837
4104.799959,899,2351.006154
3475.377854,787,2352.652854
1804.442941,441,2353.59005
1706.684917,411,2355.120705
4315.115566,936,2357.127715
1803.143575,423,2358.026128
3649.022312,794,2360.39406
4746.984115,1000,2362.511678
3624.827632,778,2364.146395
1750.500417,414,2365.643337
1114.561683,301,2366.287223
1094.333499,290,2366.894389
759.263989,221,2367.363262
3832.968335,858,2369.171672
4613.510548,1000,2371.943795
2450.152496,537,2373.055793
2490.0973,592,2374.268407
1727.950127,429,2375.822089
2836.258316,616,2377.066785
4576.653918,1000,2379.107531
3122.021419,676,2381.204239
2256.042031,520,2382.268392
1877.898344,431,2383.140283
3482.893113,748,2385.383018
1192.810994,308,2386.031725
4717.708762,1000,2388.175398
2696.8273,592,2390.143037
2644.505415,592,2391.426333
1855.702011,430,2392.339725
4569.713716,968,2395.025303
3215.847857,712,2396.492095
1169.035712,302,2397.131939
1717.69716,405,2397.990064
4268.817418,925,2400.583411
4543.292707,1000,2402.644415
1907.069804,437,2403.55162
3340.697696,747,2405.818514
2399.08822,586,2407.094901
3345.449878,729,2408.587997
1938.064368,481,2410.203315
4509.612096,977,2412.235009
4507.829807,1000,2414.98496
1325.229351,350,2415.709851
896.702253,254,2416.241344
2117.414636,473,2417.221657
2340.941064,539,2418.332371
1749.858677,412,2419.853763
2880.242555,653,2421.226051
673.608556,212,2421.685893
4385.236295,943,2423.653756
