# {"t_start": 1619433659.992505, "env_id": "Walker2d-v2"} 
r,l,t
5.331545,39,1.149013
1.020768,15,1.181195
3.757088,14,1.213093
-5.817861,12,1.241894
2.146655,19,1.288924
3.867978,15,1.325968
3.302532,13,1.357355
-7.260597,19,1.400352
-4.978668,25,1.453676
-8.212071,29,1.514684
-0.324507,17,1.553364
0.897549,16,1.588969
-1.714358,16,1.62446
3.027117,26,1.681277
1.183839,13,1.708958
-4.707249,16,1.743896
0.807042,18,1.781167
-1.659808,9,1.80029
1.868166,16,1.833777
-1.916343,10,1.855101
-2.18797,14,1.885368
-4.508192,12,1.91243
11.741229,20,1.954059
-3.979693,14,1.983396
-5.72402,11,2.007425
-1.069558,19,2.049308
-0.558471,14,2.079664
-8.768644,19,2.120952
-2.650347,7,2.136198
-2.198427,13,2.165377
-4.533319,19,2.206899
-3.025017,10,2.228796
-1.861207,16,2.263462
4.084449,17,2.301514
4.919093,22,2.34682
2.104065,15,2.380763
5.735637,16,2.416704
-6.703918,10,2.439858
-4.990012,27,2.499488
-2.9899,27,2.556261
-2.253932,12,2.581864
-0.270837,20,2.624948
-3.10273,10,2.646351
-1.343144,34,2.718483
7.490027,22,2.766312
-6.675247,24,2.816926
-6.123333,17,2.853398
10.381445,25,2.9065
-6.137647,16,2.940939
-4.044438,9,2.96041
2.476829,12,2.985595
3.76559,13,3.013042
0.816593,11,3.036438
-3.632447,12,3.062812
1.067891,26,3.117819
0.930796,13,3.145334
-2.577091,15,3.177024
-7.68795,22,3.223268
-6.637941,21,3.267484
-4.295469,14,3.579114
-7.661716,16,3.619315
-15.116921,23,3.669332
-5.864362,16,3.704034
-1.190759,13,3.732494
0.626027,22,3.780256
-12.576334,15,3.812961
-3.279004,19,3.853683
-4.289342,31,3.920505
11.618798,55,4.037529
2.473268,27,4.093048
0.588661,35,4.164447
4.842434,25,4.217314
9.472328,28,4.275695
1.692646,27,4.331565
-2.718394,21,4.375463
-4.123718,8,4.392521
9.252125,23,4.440275
-2.057549,10,4.461538
-2.972026,11,4.486748
-5.797355,10,4.509406
5.620403,17,4.546822
-3.080638,15,4.57925
-0.923985,24,4.630715
9.027978,29,4.690757
-0.282303,16,4.724599
4.606994,22,4.770901
-1.160121,14,4.800699
-2.593299,22,4.846886
-1.067699,51,4.959443
-0.712387,11,4.985905
-0.697024,14,5.015846
4.609454,19,5.055531
-3.943616,17,5.095855
-3.302503,16,5.134795
15.33404,25,5.194118
8.203261,31,5.267444
7.391904,28,5.329109
-4.395188,22,5.376638
10.400153,30,5.443495
-4.909581,18,5.484118
-2.69976,25,5.540376
-1.537009,11,5.565711
1.240964,11,5.590511
-5.388453,14,5.623539
3.804143,14,5.653941
13.715322,36,5.735066
-1.327706,12,5.761797
-2.430491,13,5.790422
5.221445,15,5.968232
0.315027,14,6.000729
10.34892,19,6.045702
0.959038,15,6.079479
4.678626,24,6.127586
0.278446,9,6.146757
20.109709,39,6.229182
-2.966163,17,6.269629
0.089322,15,6.30601
-4.866795,43,6.399826
-1.734295,11,6.423132
14.358991,26,6.478804
26.452737,45,6.57412
7.6605,21,6.622665
2.646643,18,6.662096
-1.858476,12,6.688477
6.941543,39,6.779166
1.400069,13,6.808667
-4.277512,10,6.829754
-1.58112,22,6.874918
-1.887641,8,6.891918
4.274478,21,6.937514
-8.054319,47,7.039038
-2.666158,25,7.093469
2.304852,18,7.133806
3.58578,13,7.163471
-2.812867,13,7.191415
6.317693,31,7.26065
7.796087,29,7.322791
21.512623,37,7.4036
-2.045329,17,7.443576
2.67888,31,7.509998
22.013897,46,7.612633
9.283969,33,7.683351
3.459499,29,7.744335
3.506075,24,7.795441
10.217975,35,7.867311
5.341959,21,7.914775
0.000364,14,7.945247
18.304388,42,8.03862
-2.110462,12,8.067115
-1.202489,11,8.093264
-0.921288,9,8.114708
-6.762402,16,8.15195
-4.222663,14,8.182276
-2.537125,19,8.376446
5.239467,24,8.434644
-5.123997,11,8.461132
3.449191,18,8.503697
11.722173,24,8.559154
-3.835989,7,8.57661
-2.114858,16,8.610849
4.166836,27,8.667731
2.441569,19,8.711211
16.589356,50,8.817995
10.571218,42,8.903535
-6.046031,24,8.955278
3.249613,15,8.988129
2.782371,19,9.029413
-3.294189,24,9.079942
8.645089,25,9.132822
-9.16035,13,9.157051
12.623151,33,9.227837
1.227312,17,9.265032
2.446379,27,9.322304
-5.272803,11,9.346464
0.662129,10,9.367836
9.429284,39,9.450475
21.11349,38,9.532653
11.2271,28,9.591096
28.823093,36,9.6671
57.161007,67,9.806471
-5.775522,35,9.879467
4.995611,26,9.937459
4.503676,15,9.968853
-6.86484,23,10.017089
-6.110594,13,10.046046
9.270861,29,10.108699
2.706929,21,10.153934
1.409937,28,10.214508
10.256954,31,10.287443
-2.281652,18,10.330057
5.306835,22,10.383099
-0.291206,11,10.410122
0.652807,19,10.451195
6.010398,31,10.520064
11.409683,20,10.564221
0.271525,17,10.756852
8.419528,25,10.811809
2.766448,13,10.839843
11.2073,24,10.891352
-0.596868,14,10.921147
4.336872,23,10.9699
0.484805,13,10.99778
-0.444173,10,11.019283
16.973484,34,11.090515
3.029177,56,11.207406
6.518422,20,11.249316
6.347027,19,11.289275
0.738973,20,11.331564
-0.653621,11,11.355503
-3.897186,16,11.390503
0.957001,12,11.416379
9.749413,23,11.465681
1.146555,28,11.525871
9.105172,20,11.568338
1.529754,18,11.606659
17.665032,49,11.709512
9.79544,28,11.770343
-3.378902,15,11.803469
1.393281,15,11.836312
2.325037,15,11.868935
14.177617,43,11.962836
-3.040787,15,11.995504
-1.105624,10,12.017764
6.804762,27,12.077924
25.898374,59,12.205654
6.710615,19,12.246715
5.470028,16,12.281404
-3.871101,17,12.318125
1.812072,25,12.37279
-3.864691,15,12.40473
-6.466245,22,12.452292
13.160985,55,12.567989
0.192327,10,12.591197
2.085702,17,12.627986
3.63223,15,12.660172
17.208193,33,12.730952
-0.012579,15,12.764325
0.008752,17,12.800832
16.627706,42,12.890073
14.246613,42,13.132684
117.375568,99,13.343748
10.132737,24,13.392734
36.988469,42,13.484156
0.202283,10,13.505981
-1.073489,19,13.547234
11.503777,43,13.638459
6.572303,25,13.691907
7.851443,26,13.747756
12.668128,33,13.819065
0.477992,17,13.856537
4.566409,15,13.8888
31.064928,37,13.967214
36.517025,70,14.116055
5.361971,24,14.169697
5.247442,30,14.234319
7.564424,19,14.276431
21.000729,46,14.374452
8.043705,31,14.44026
19.584745,54,14.558139
8.772027,59,14.681419
35.909333,60,14.808934
1.06216,16,14.842819
2.764381,12,14.868392
-1.191655,16,14.902482
-0.010132,16,14.936519
111.540495,119,15.194288
6.836962,33,15.267731
40.763389,64,15.564361
2.471074,27,15.624916
11.587704,50,15.734839
51.342706,55,15.855806
12.058642,29,15.917479
0.617083,28,15.975726
-19.461804,99,16.1884
8.826493,23,16.240172
7.732302,19,16.28081
6.433606,27,16.338193
17.425248,34,16.413104
45.574371,50,16.521043
24.836808,38,16.60325
3.440666,17,16.63995
12.681684,27,16.699108
15.057907,36,16.778042
50.648211,71,16.931949
7.569873,30,16.996905
13.766302,56,17.118318
14.901662,35,17.193881
7.464978,25,17.24898
8.744547,28,17.311403
24.178958,57,17.436649
4.606346,16,17.472753
14.840417,45,17.570049
6.825415,42,17.659632
3.851918,20,17.838529
2.05257,31,17.903485
16.287809,25,17.95576
6.271909,28,18.015005
9.376211,22,18.059866
7.121825,19,18.103554
7.361707,28,18.16729
2.980813,13,18.198202
1.861446,12,18.225838
88.220263,108,18.455717
40.185148,72,18.606459
-1.884892,13,18.633888
-5.45641,9,18.652982
50.687141,86,18.828581
1.955135,16,18.863485
49.206663,90,19.049463
-4.245349,10,19.071009
20.126588,33,19.138766
11.581018,56,19.252353
14.633976,49,19.36169
5.867148,22,19.408675
23.95861,89,19.60119
-0.138812,16,19.63943
40.855158,58,19.771723
12.825946,90,19.958578
30.911691,80,20.26875
1.036266,64,20.410525
10.260003,22,20.457824
-3.240068,21,20.503009
61.104809,98,20.716467
56.070567,88,20.910754
19.844982,49,21.01473
30.469011,69,21.165291
4.289504,14,21.197037
12.69283,41,21.282056
56.325788,139,21.589612
8.874189,29,21.654078
15.228429,44,21.749112
24.106426,41,21.83437
4.509038,32,21.905746
21.751838,40,21.991256
16.273859,47,22.086978
3.598924,14,22.114295
-2.267849,23,22.163117
11.732718,35,22.235146
41.686276,73,22.530047
22.209444,38,22.611475
35.310256,48,22.71591
10.41664,34,22.785624
17.480298,41,22.873332
12.007171,59,22.998821
29.592926,65,23.136519
-2.649975,12,23.162642
12.1357,25,23.213573
15.180853,34,23.285101
12.340735,25,23.338196
8.804826,20,23.381687
17.311568,55,23.497995
-1.915124,12,23.524128
27.727596,51,23.63742
30.189083,66,23.778972
27.104554,41,23.86334
24.146284,47,23.9602
37.126454,62,24.086428
25.916883,56,24.200598
20.411747,41,24.284154
5.282231,31,24.352879
39.802303,52,24.460179
27.737166,52,24.567657
5.407534,33,24.63607
22.36607,49,24.900114
48.984492,83,25.080196
17.951127,44,25.179288
43.286445,85,25.361052
18.182309,34,25.44092
44.00519,52,25.561926
14.723432,45,25.662467
45.125846,70,25.813335
49.803355,69,25.960126
11.21049,26,26.016788
49.756214,118,26.265903
5.878484,19,26.307001
35.779401,41,26.39534
22.69867,35,26.467206
4.492811,16,26.500774
21.795315,43,26.591123
35.660438,66,26.730632
3.51202,18,26.770065
21.816884,47,26.869873
3.568089,14,26.900413
20.475109,54,27.153534
22.798272,45,27.254357
192.084888,112,27.498355
19.34254,167,27.856149
110.48397,174,28.228209
56.49026,72,28.382075
25.324045,74,28.5443
32.840657,61,28.677922
21.52871,42,28.770152
60.53557,109,29.004255
38.832568,79,29.176274
4.216284,15,29.208227
82.188131,172,29.723927
179.587299,107,29.950245
36.036133,59,30.075054
89.908076,101,30.294934
37.450348,87,30.481928
32.841488,79,30.656004
14.105185,48,30.760377
210.528815,124,31.025725
71.076699,118,31.283997
11.928259,54,31.402164
54.387005,121,31.662473
23.720104,62,31.939257
66.827876,161,32.286865
23.807768,143,32.599102
18.138522,95,32.801633
31.035163,108,33.031657
12.342086,42,33.121076
65.848672,123,33.380884
200.531435,222,33.85158
49.743231,102,34.217358
139.788006,79,34.385779
20.38249,36,34.462619
99.001703,146,34.774411
44.512603,60,34.903381
136.876969,159,35.244202
315.294664,205,35.679606
4.442817,15,35.713522
67.597937,165,36.067948
175.842451,151,36.537254
270.733071,205,36.977708
48.030599,91,37.170577
95.874694,110,37.40948
-3.555385,14,37.437468
5.8381,50,37.5408
41.222705,144,37.845132
36.035439,97,38.052641
148.176593,92,38.250167
30.677335,57,38.372239
307.58567,243,39.049525
300.926213,179,39.430484
-1.650582,107,39.658073
57.526073,150,39.977156
36.246667,79,40.14214
373.777495,285,40.752754
180.605773,95,40.962623
118.641791,140,41.422349
134.303831,151,41.752007
266.804913,135,42.045125
367.400238,266,42.643458
297.226438,295,43.284139
399.316102,248,43.964918
160.792786,87,44.154169
12.937665,32,44.222419
314.762172,212,44.67801
244.885168,126,44.947665
225.975749,139,45.244853
398.913123,284,46.011145
279.168316,168,46.380863
255.298963,180,46.767604
224.716193,162,47.117857
53.528311,111,47.36479
236.690171,164,47.714741
21.630574,102,47.937692
287.252294,211,48.561797
531.411771,428,49.46758
226.591045,128,49.739909
18.855908,122,50.002329
83.228463,139,50.303722
261.476955,144,50.775373
44.974262,157,51.107749
94.989182,206,51.558481
261.256494,177,51.934666
395.856507,454,52.908372
347.402143,229,53.580357
71.537039,175,53.961949
500.976348,370,54.772329
271.150185,182,55.159691
201.770442,103,55.503728
14.526592,103,55.726757
255.307605,139,56.026519
110.007308,146,56.344853
86.70398,120,56.601392
349.019797,243,57.129
187.611226,370,58.060545
409.973015,287,58.661985
217.853024,135,58.94626
234.999497,128,59.215221
37.494531,227,59.686092
162.766156,85,59.87053
190.291296,99,60.237991
216.093693,131,60.506101
237.383491,154,60.844322
291.601306,138,61.147063
200.513743,105,61.362189
218.493693,147,61.668161
239.121933,132,61.940946
116.847308,144,62.243405
231.749709,133,62.6772
513.675989,383,63.500346
256.039629,152,63.840507
256.957691,145,64.179196
37.992982,104,64.416845
275.414731,163,64.922683
201.714183,359,65.737405
187.743485,118,66.006111
269.047308,155,66.334204
95.526005,157,66.668025
303.654121,174,67.049052
424.538105,328,67.887571
212.320791,121,68.13874
185.474592,97,68.34657
330.465462,197,68.764142
87.004812,156,69.093069
331.060277,187,69.660195
358.864586,248,70.176283
258.242965,149,70.487161
75.61274,184,70.878358
357.272696,206,71.318109
323.257576,195,71.905471
34.159799,47,72.015707
253.127923,131,72.298523
324.108365,221,72.765604
63.577067,135,73.047951
217.500276,308,73.71048
108.601824,204,74.319042
116.462821,209,74.759896
246.127851,126,75.025022
187.022775,103,75.242179
194.152617,99,75.452264
73.347639,139,75.748284
239.700387,136,76.041586
196.003867,106,76.265167
368.373739,260,76.968682
207.511909,128,77.245862
245.725521,131,77.528051
238.124573,136,77.812022
321.17355,220,78.271437
305.489344,191,78.674727
263.912656,153,79.173127
180.676133,421,80.095964
139.084891,220,80.580614
61.018348,129,80.864284
344.896829,235,81.512291
319.234606,213,81.966589
266.617382,140,82.265156
303.426993,191,82.67461
351.276014,185,83.067378
40.538131,138,83.364279
361.94155,203,83.955489
299.254914,164,84.306715
289.04014,200,84.731698
275.827059,167,85.087672
52.67007,120,85.338579
208.821456,108,85.566649
41.576891,159,86.070184
206.785305,105,86.309702
376.228639,245,86.85672
377.82923,165,87.221563
282.370081,169,87.588375
214.498852,106,87.815907
278.584837,160,88.163339
266.982836,139,88.615543
149.073472,254,89.159796
323.421813,196,89.581256
772.775652,848,91.55108
260.690651,233,92.050869
211.692306,116,92.308536
281.159392,199,92.737395
333.174722,202,93.319398
214.301062,115,93.562362
274.947015,182,93.953496
221.165032,125,94.221921
254.908646,147,94.531499
183.338757,93,94.730672
294.800421,180,95.1139
202.878068,118,95.518027
313.214183,210,95.961024
156.620438,119,96.212929
304.987469,199,96.637441
238.345351,133,96.920349
495.349537,304,97.557434
286.822984,164,98.052646
373.424394,578,99.278047
10.102108,198,99.69691
231.068506,125,100.11144
250.526803,130,100.398736
98.211566,191,100.806096
269.663943,177,101.198132
307.043929,169,101.604657
219.758231,133,101.903839
303.3551,184,102.312075
38.905518,106,102.690319
215.734403,117,102.939873
217.95819,128,103.219113
185.189178,96,103.41933
370.811993,262,103.961071
260.583709,150,104.281383
259.639067,158,104.616166
389.205742,295,105.406146
26.522478,65,105.546613
478.896513,341,106.270787
372.727049,227,106.755672
497.465843,384,107.730478
166.495886,318,108.407334
283.525723,157,108.741076
266.353437,142,109.042619
351.629237,200,109.620005
33.186237,179,110.000941
294.294905,173,110.368669
231.722455,132,110.64959
261.316945,157,110.979638
332.009212,206,111.413743
322.295769,206,112.029833
292.75864,189,112.424665
336.849491,239,112.935333
452.024564,316,113.606217
404.403473,271,114.320084
639.290507,576,115.536017
225.525108,125,115.803685
299.480475,162,116.147094
261.285106,160,116.652779
181.50597,91,116.844125
249.028158,141,117.142486
377.768742,238,117.644202
204.705754,144,117.951585
158.506705,91,118.142079
195.003863,97,118.348546
498.588752,355,119.281799
368.853671,240,119.809087
337.618545,213,120.270908
365.78625,270,120.864777
301.173945,160,121.397546
225.456305,139,121.699944
203.128652,117,121.948495
311.335013,194,122.363437
208.463137,123,122.619322
288.715541,230,123.101155
267.22624,173,123.635592
248.680709,150,123.954884
183.107519,95,124.157364
229.296678,124,124.422268
282.144428,156,124.760363
243.405624,143,125.064694
258.281727,140,125.361777
70.339215,193,125.790753
225.328896,113,126.184218
325.04094,184,126.574438
262.534592,146,126.892136
325.412758,204,127.327587
261.34728,141,127.626226
214.121998,109,127.862215
193.538301,124,128.128734
199.554119,104,128.507508
360.446183,267,129.092601
225.540886,132,129.381436
288.938667,157,129.720952
246.919798,146,130.029717
415.797266,301,130.835018
348.135973,233,131.325289
312.647231,178,131.702397
320.120703,202,132.132299
362.714893,244,132.643888
286.239787,185,133.211061
413.083806,287,133.836087
251.981416,130,134.107534
313.2622,198,134.525736
272.956636,160,134.879358
201.767287,108,135.10687
57.188665,97,135.470641
275.335476,144,135.773234
230.078806,120,136.025501
543.05024,434,136.947562
250.800609,139,137.242792
229.447138,127,137.532958
291.06253,168,138.092246
282.886936,158,138.425128
255.845658,149,138.745363
266.99937,165,139.103728
322.129486,218,139.569366
259.650197,148,139.890632
300.97386,186,140.432575
435.280177,278,141.019197
283.809283,157,141.348526
249.526477,153,141.674441
99.297788,217,142.136378
332.128751,261,142.85846
217.72454,122,143.117284
329.43617,208,143.557231
302.255476,194,143.987425
336.807053,199,144.428324
285.741185,157,144.928236
235.597183,128,145.213756
254.623233,138,145.527765
232.803053,122,145.805399
218.663006,121,146.0653
246.505355,149,146.378877
342.986342,222,146.854465
217.310369,109,147.262779
330.538373,195,147.688948
311.706751,175,148.082029
278.247892,168,148.45491
312.041945,183,148.842016
139.987507,204,149.273638
353.544008,250,150.007856
248.119594,138,150.317298
309.318748,176,150.693896
324.940453,214,151.141672
318.783476,191,151.558099
105.843887,180,152.087205
268.270928,164,152.439356
215.488984,108,152.683901
368.811092,266,153.246119
265.030333,168,153.591492
211.275311,120,153.846107
510.185338,377,154.837179
266.613331,148,155.146834
233.542976,120,155.392204
230.7436,125,155.658601
461.630467,338,156.372479
252.689573,133,156.805327
246.407044,167,157.155884
192.052291,95,157.354357
372.086345,227,157.82787
225.736289,112,158.061769
287.490935,161,158.401042
374.061692,232,159.048538
266.443359,146,159.361407
25.551326,38,159.443785
315.745188,222,159.923627
328.186248,192,160.344966
266.976416,143,160.653916
193.17146,115,160.901781
340.847084,201,161.494204
224.724209,122,161.752333
318.144675,192,162.158568
364.547162,229,162.649122
639.446558,541,163.939464
214.156881,332,164.633157
271.203346,155,164.955242
76.235783,176,165.33014
292.250063,163,165.675781
265.428306,157,166.159484
439.048854,271,166.727472
613.694268,493,167.776343
331.895691,193,168.336246
176.120721,92,168.525282
285.817348,156,168.847346
299.149509,171,169.204012
223.661595,118,169.449889
298.870511,181,169.840024
249.184516,142,170.144255
240.668446,173,170.666958
418.010567,295,171.286145
216.362478,128,171.554332
278.467106,154,171.876852
248.761812,144,172.178893
124.316572,236,172.688346
239.254853,132,173.141524
401.813859,259,173.697659
369.715022,240,174.206964
397.65301,232,174.697293
318.928287,185,175.096415
308.867605,178,175.630135
289.326919,167,175.98379
155.71973,84,176.161201
259.374702,149,176.478166
258.624221,141,176.77927
363.346358,231,177.269774
284.092495,166,177.777395
325.28767,224,178.255685
400.495603,307,178.91258
288.266566,156,179.245998
512.866408,325,180.095066
298.384909,154,180.425873
267.69893,123,180.697562
422.855731,262,181.257811
314.78682,188,181.666108
269.569174,141,181.967239
322.662628,200,182.543072
289.327092,152,182.867856
361.790745,199,183.30297
260.044775,154,183.63581
619.041225,522,184.873183
331.803877,201,185.296649
306.811123,169,185.671965
321.923881,191,186.081428
322.707118,198,186.50297
293.275564,163,186.967428
294.904217,162,187.273569
287.810452,146,187.591806
417.409615,297,188.22574
334.861161,211,188.694187
281.802069,148,189.008384
288.458507,155,189.501407
282.167967,160,189.845803
250.277403,140,190.153756
264.908986,151,190.479118
302.907093,175,190.862164
300.811914,157,191.204062
301.990154,171,191.72983
454.493191,325,192.427307
368.841925,228,192.919485
335.12761,195,193.338075
380.632171,262,194.058851
274.952016,147,194.389432
258.765185,145,194.701404
233.580228,118,194.951072
355.660533,234,195.452131
236.134677,126,195.724037
413.916494,259,196.427934
242.78544,135,196.710259
267.971777,138,197.001374
348.895737,210,197.444513
85.76989,96,197.648478
590.908642,526,198.922594
303.730111,168,199.271811
200.572986,106,199.494957
203.703418,114,199.730964
334.084385,191,200.129373
274.673096,152,200.44052
485.85379,348,201.306775
243.137441,135,201.58702
341.677486,186,201.975189
341.529841,211,202.408008
131.986383,236,202.899467
266.174637,149,203.348019
373.655822,250,203.879439
269.537916,166,204.228264
284.965512,154,204.558229
342.261521,232,205.054312
340.662866,233,205.689487
258.092866,128,205.957253
180.232931,238,206.456968
240.106712,126,206.725667
497.955547,375,207.514087
261.802642,143,207.982917
88.190476,121,208.254859
387.058636,247,208.798317
86.992667,161,209.150896
301.955171,169,209.514155
279.032129,162,209.863986
318.178859,184,210.405794
235.684679,129,210.679792
443.629134,299,211.313818
356.803317,223,211.799314
322.855211,229,212.280559
259.629209,134,212.7173
259.440517,141,213.024198
127.289302,168,213.387636
326.355134,181,213.778763
321.770298,198,214.206525
234.555022,139,214.506547
292.583842,155,215.011137
213.355957,119,215.261422
241.363423,123,215.523295
268.324734,154,215.869091
271.730313,163,216.213531
103.789234,187,216.629439
268.337584,158,216.967906
264.464583,147,217.430361
259.195334,139,217.728171
383.388601,268,218.312109
309.493122,172,218.692782
331.322986,192,219.102732
247.942796,129,219.37465
247.011482,132,219.805655
298.560047,175,220.176198
290.451478,166,220.539355
228.241292,126,220.810842
267.378172,150,221.136274
471.273894,311,221.807062
286.791196,158,222.288965
260.786691,148,222.602603
274.854319,149,222.936394
293.922043,148,223.252488
351.692481,197,223.670823
5.403679,14,223.700863
337.482749,195,224.131577
378.888508,229,224.782728
240.88063,142,225.082571
261.656807,121,225.343526
267.999268,142,225.648852
293.028612,164,226.005428
307.18493,191,226.427906
328.436169,186,226.984507
363.259651,209,227.435357
308.381257,183,227.821638
317.723022,188,228.255983
249.849861,148,228.566057
376.8493,226,229.23726
219.598849,116,229.492623
265.873893,136,229.795178
617.62037,388,230.680994
309.379402,168,231.034377
108.347446,152,231.349852
238.281282,120,231.759589
340.111525,183,232.154988
259.965977,126,232.420769
315.376802,193,232.827046
236.67957,132,233.119725
269.641856,158,233.453185
288.657475,147,233.91943
267.468823,149,234.240175
462.04275,276,234.821077
306.38409,160,235.156678
379.56792,210,235.608663
209.635348,125,235.882022
262.152408,137,236.32163
259.602303,140,236.632358
347.464419,213,237.090294
284.045052,147,237.402603
260.105704,151,237.731298
445.28387,300,238.365927
297.54429,159,238.863666
409.554672,280,239.508062
348.793306,186,239.915978
279.01278,154,240.266212
2.367577,13,240.298587
381.218934,454,241.452364
325.403516,174,241.828023
250.413448,127,242.114098
268.19018,160,242.454886
375.540209,206,242.901813
243.769862,130,243.178406
286.622956,139,243.631141
329.170228,187,244.030653
197.237806,113,244.263612
279.129727,158,244.590443
352.217454,192,244.993891
358.897799,190,245.394688
299.848932,173,245.910065
321.460108,167,246.263214
379.083827,243,246.810981
391.189475,248,247.344377
316.2643,165,247.700123
442.9341,244,248.322136
257.883532,123,248.581331
274.858017,149,248.89431
266.840803,147,249.20793
235.622968,121,249.46088
276.785003,130,249.733627
406.763497,225,250.219977
310.050854,167,250.716796
272.72298,141,251.022578
263.299212,155,251.380271
337.681833,178,251.768583
320.124235,168,252.134201
321.233369,213,252.568609
295.311859,152,253.033938
348.171836,189,253.436538
158.10689,237,253.938148
289.567633,156,254.269815
379.457321,217,254.735669
417.692193,248,255.393266
297.357898,167,255.763674
6.208057,16,255.800305
307.642435,156,256.13467
372.302347,211,256.604741
313.337887,155,256.946525
307.814851,174,257.468029
315.517728,185,257.866043
311.593395,188,258.278941
261.286754,144,258.585335
406.43966,233,259.087779
256.852129,140,259.396003
286.253091,163,259.911206
259.668362,142,260.216992
318.768513,148,260.534928
313.364448,158,260.875924
294.672222,148,261.191331
262.102703,133,261.484821
362.009035,213,261.93258
306.86843,167,262.438857
325.085263,203,262.878716
115.799762,234,263.369803
310.784244,173,263.735396
333.875083,184,264.133251
358.522272,188,264.680955
434.273153,275,265.254336
371.324077,192,265.660064
322.213543,174,266.023177
459.023185,280,266.612252
251.955734,128,267.034343
300.385666,164,267.380201
298.578117,167,267.731087
294.474672,159,268.06827
327.503167,178,268.439533
274.969839,154,268.768316
336.031298,203,269.344584
418.05799,219,269.807108
535.063696,350,270.536825
314.215044,173,270.896877
289.776687,172,271.404967
380.169379,175,271.777105
264.292644,125,272.038782
196.826915,110,272.266789
338.47215,163,272.611697
338.378485,180,272.991329
385.740622,195,273.396812
304.223956,163,273.897877
301.816491,141,274.198165
364.754485,200,274.64165
339.847558,167,275.014587
335.667748,208,275.482464
107.75478,158,275.832203
327.767692,171,276.350607
408.079496,194,276.77637
340.143782,177,277.164047
411.700686,221,277.642114
362.764624,190,278.045219
407.699043,222,278.673347
485.454029,295,279.304641
259.836935,132,279.585762
303.573124,151,279.903904
341.243348,191,280.320345
294.453688,153,280.795553
386.334278,208,281.237348
325.753645,168,281.592588
360.218001,213,282.03914
296.664978,156,282.369241
282.023689,141,282.676293
274.796461,162,283.154546
500.325003,327,283.840064
339.73372,164,284.191241
278.450045,146,284.501349
356.433336,187,284.891261
339.612035,169,285.248104
386.669367,183,285.793079
255.569039,124,286.053557
275.636265,152,286.390131
406.144658,257,286.960164
362.839615,207,287.396417
261.186245,140,287.850541
286.132236,139,288.149912
292.994051,182,288.548394
257.93329,134,288.842578
417.355362,238,289.34727
318.47098,167,289.712671
164.671051,119,289.97144
71.342529,181,290.514124
20.909206,36,290.593769
262.836218,130,290.867675
528.319983,304,291.506938
302.969811,177,291.884033
267.483307,134,292.170823
337.901948,167,292.695752
328.276933,159,293.030147
346.970181,170,293.391994
249.124851,122,293.652223
274.729082,129,293.923829
286.07033,141,294.225285
299.076629,142,294.526967
377.588981,200,295.103778
342.172581,171,295.466118
324.041718,173,295.836353
315.073335,181,296.215379
369.440369,200,296.630612
287.617209,137,296.917053
273.735046,136,297.362883
350.857413,178,297.74507
375.811698,161,298.092787
296.025696,132,298.377385
347.061441,152,298.713001
290.796347,126,298.990862
360.759504,181,299.535058
311.739225,179,299.91318
384.633993,188,300.30978
329.774462,170,300.674886
425.176965,238,301.192896
325.032666,151,301.514951
369.216254,181,302.042909
299.811359,142,302.33729
344.70245,156,302.705161
339.048056,155,303.032613
376.648072,196,303.448522
362.328943,176,303.816142
331.939832,159,304.297561
311.737923,164,304.644439
319.490368,159,304.986989
285.713648,147,305.295023
323.301804,161,305.636745
351.865808,177,306.01905
358.126021,169,306.543206
359.156164,180,306.942028
381.062162,189,307.361775
479.541602,282,307.967591
253.705005,128,308.237489
337.613538,183,308.629355
327.362402,159,309.123624
42.885103,56,309.242831
359.826366,178,309.623721
372.16624,166,309.975879
293.189317,139,310.269465
341.438245,173,310.632722
277.631548,145,310.940234
220.137299,109,311.32068
359.816934,202,311.758657
365.009627,193,312.190419
373.109302,185,312.58704
306.25376,154,312.914585
297.42731,146,313.252729
364.2134,185,313.786728
392.165568,175,314.162812
391.864498,203,314.587274
323.7958,154,314.937937
290.105168,150,315.262781
308.85829,153,315.592803
423.812962,246,316.273679
258.990064,133,316.550605
378.144231,191,316.99187
416.023762,204,317.431591
391.082121,237,317.972238
381.404798,180,318.504021
331.412059,158,318.83223
394.452557,195,319.236989
414.055939,218,319.690345
326.768564,177,320.061839
295.20375,147,320.393752
197.722614,107,320.784293
327.642512,155,321.117109
396.934108,205,321.558601
276.264897,136,321.848965
345.676747,194,322.297546
350.852815,168,322.69509
458.881372,230,323.344721
383.152388,186,323.742331
366.062311,182,324.140378
490.68215,265,324.702302
356.32012,198,325.139765
318.639387,163,325.644637
385.79009,200,326.080958
357.545448,204,326.516268
336.006867,169,326.87507
388.541712,206,327.331164
306.008205,153,327.658145
400.700631,179,328.174805
46.636737,53,328.289053
310.934967,155,328.621484
339.364536,154,328.947063
375.563513,174,329.320218
59.78498,87,329.508243
376.892056,178,329.887971
348.265745,183,330.4376
405.799429,228,330.930404
343.536496,164,331.280007
303.055419,152,331.603226
333.275643,161,331.946053
281.404352,136,332.234967
351.889138,176,332.774942
290.388384,147,333.118937
367.269566,190,333.541067
355.038595,178,333.930368
330.646903,154,334.273888
283.397588,156,334.602601
405.528959,201,335.140405
430.169704,208,335.582495
249.799543,115,335.821591
427.896882,184,336.222645
384.730737,183,336.611653
313.672786,157,336.941381
342.755395,170,337.432868
400.01182,207,337.866048
442.599987,210,338.329633
328.473518,165,338.704206
353.756298,195,339.131128
262.255856,139,339.581854
370.429988,189,339.988111
236.814504,137,340.27981
379.35594,165,340.637014
424.321453,211,341.104294
316.954213,180,341.480236
372.423801,197,342.052529
393.393358,200,342.480342
413.737672,193,342.894396
347.055565,174,343.26681
321.325333,171,343.613456
359.174942,166,343.959443
396.673446,190,344.536461
348.890083,157,344.862561
604.578301,359,345.615649
2.589217,14,345.646333
392.826465,207,346.084967
376.217489,187,346.643648
345.716945,173,347.005621
362.343967,194,347.412673
311.461996,171,347.778273
469.569805,209,348.210725
137.176409,234,348.707592
321.717022,166,349.196904
360.446248,180,349.583184
273.619965,125,349.851739
340.641871,184,350.264664
360.415518,169,350.609168
340.608113,164,350.953299
404.036214,180,351.463157
366.054705,185,351.841188
366.414654,162,352.212207
385.222743,206,352.684164
375.155369,177,353.058765
486.373226,254,353.744293
314.193852,147,354.068176
329.694798,155,354.396143
303.308376,149,354.723856
386.398631,178,355.109429
434.644546,207,355.543233
303.390074,139,355.973115
384.389274,184,356.370734
350.072912,177,356.75155
319.005991,166,357.101505
358.000594,158,357.449464
315.433106,157,357.801291
317.74977,145,358.274012
513.603613,308,358.927894
383.001979,170,359.289006
408.499774,173,359.670073
22.630757,34,359.746304
416.437386,187,360.141992
352.262009,166,360.640406
352.977706,190,361.038029
493.989676,272,361.602982
328.737888,156,361.933092
416.009511,199,362.347879
374.750563,167,362.71821
368.923829,179,363.207108
494.928979,262,363.769752
396.786116,174,364.152381
390.191902,217,364.646444
166.53201,107,364.87928
438.314592,210,365.471226
338.059966,151,365.800418
367.283883,168,366.172277
363.409293,183,366.574619
77.829672,69,366.732043
418.173654,241,367.240514
303.311567,171,367.750273
270.862683,146,368.068633
361.085443,170,368.433867
336.72697,162,368.777482
453.672791,230,369.274933
458.892402,226,369.753261
316.624608,154,370.220199
415.249713,172,370.6094
377.84794,184,371.008068
371.691657,179,371.388427
322.035936,147,371.707083
355.706908,163,372.04745
320.973083,144,372.502079
344.116027,138,372.82094
294.329389,163,373.171057
420.712587,195,373.607786
360.036015,194,374.021811
305.707197,146,374.328999
409.077449,204,374.902301
332.72087,146,375.209887
472.745901,258,375.766523
388.502907,183,376.151489
411.924119,189,376.553493
446.161718,223,377.194109
369.642099,179,377.572884
320.324942,159,377.90333
331.611648,148,378.224183
245.075674,116,378.478995
342.445854,186,378.889642
446.269693,223,379.495652
318.639484,166,379.866335
290.104351,135,380.147536
297.495243,144,380.476235
381.019237,173,380.878396
407.232396,194,381.275534
336.873829,174,381.800158
310.031658,148,382.135028
345.802702,176,382.518487
395.240214,174,382.89024
341.059744,192,383.290909
367.084659,189,383.702055
374.212313,197,384.263186
357.865328,182,384.650098
478.593787,245,385.201918
449.867869,201,385.656082
372.536378,158,385.987666
349.398973,170,386.487722
290.959686,136,386.779317
352.506462,165,387.138835
391.571457,189,387.537892
299.308985,148,387.849259
363.668678,161,388.187217
331.831651,162,388.529233
344.767978,167,389.03536
495.59357,214,389.489591
392.01122,193,389.899704
401.122451,197,390.315598
304.341588,138,390.608771
189.102811,92,390.8032
418.943714,171,391.31862
392.892841,194,391.734837
429.569436,193,392.144212
309.113943,143,392.449338
374.296844,170,392.814809
443.968951,201,393.236937
379.69447,173,393.758151
418.353056,199,394.184331
461.588682,214,394.637862
346.971295,182,395.023941
334.624166,163,395.374459
384.62125,178,395.915076
339.796074,162,396.261389
353.752065,170,396.624994
392.516834,184,397.015788
379.875108,197,397.438561
426.484145,201,397.871078
374.108224,177,398.408278
352.221301,152,398.735177
389.824423,179,399.131205
365.1233,173,399.500049
360.822681,173,399.870865
366.373043,177,400.248388
274.751954,139,400.693633
371.146537,184,401.084446
345.300119,174,401.458659
361.538171,163,401.804034
369.672464,187,402.202174
376.687738,169,402.568375
363.832596,164,403.077547
310.329287,177,403.448948
325.773013,170,403.819828
433.916238,190,404.239722
346.75022,169,404.60646
407.093042,193,405.022864
314.079464,158,405.515569
385.509244,179,405.900195
345.675456,171,406.262156
337.835665,166,406.614281
448.074468,189,407.017445
361.671598,162,407.368217
537.635408,277,408.115467
333.472075,153,408.437618
306.29142,150,408.756852
332.62183,152,409.078447
389.660328,173,409.44846
338.16688,150,409.919176
409.044676,185,410.314821
352.597096,155,410.646429
390.710328,192,411.075432
338.79041,160,411.422459
432.848439,221,411.893921
410.266278,181,412.423254
366.280477,171,412.791082
245.299764,136,413.079987
373.561544,191,413.48488
301.333794,156,413.814338
451.99664,248,414.343108
384.20021,184,414.880892
27.158314,49,414.985134
393.974293,184,415.374337
376.968447,169,415.730716
354.244721,174,416.093544
388.665915,171,416.453329
249.454731,159,416.943255
343.952327,161,417.285909
234.313364,118,417.535093
389.334098,180,417.910245
302.535959,151,418.224123
44.736115,51,418.332911
433.511224,202,418.762191
411.379555,195,419.333028
468.36051,220,419.801315
344.903881,168,420.162511
567.073115,243,420.670772
325.091214,151,420.989234
282.527453,127,421.259921
447.393952,201,421.835227
384.286113,186,422.231948
453.923958,212,422.695456
422.172987,191,423.102906
342.825681,150,423.415973
378.020857,178,423.949339
489.251412,197,424.363821
365.62349,153,424.690623
376.648716,167,425.048959
389.3393,190,425.448014
363.814949,170,425.813098
335.872652,158,426.296335
478.648425,207,426.734763
443.686763,185,427.120233
447.044425,217,427.574134
312.897811,141,427.874493
409.405581,210,428.320395
412.387148,173,428.860452
469.457962,211,429.330011
378.992363,185,429.724927
344.037667,173,430.094487
378.191641,170,430.457882
362.586066,162,430.952768
410.623933,195,431.376348
314.082614,129,431.661804
414.479838,195,432.08619
389.461162,167,432.439695
383.568129,181,432.846341
387.695054,194,433.421936
388.124051,172,433.784548
382.524846,180,434.186504
404.361655,176,434.580071
399.747556,204,435.025798
385.744085,182,435.428622
421.485267,197,436.00289
291.087095,133,436.283489
409.6665,203,436.720391
368.489954,180,437.10301
342.735881,153,437.429035
398.248608,184,437.824156
286.343629,141,438.268334
353.089974,153,438.591499
426.625291,201,439.018452
349.281789,161,439.369411
334.359958,169,439.73844
397.404082,179,440.113081
436.120013,174,440.607338
339.009364,158,440.943739
445.022249,205,441.378376
373.854076,179,441.76078
380.836662,179,442.140889
344.316578,153,442.605111
483.292075,196,443.018816
384.291945,189,443.416084
435.509057,197,443.834215
492.961416,224,444.296897
333.962228,154,444.624652
358.012233,151,445.127694
292.414655,136,445.422441
442.996265,233,445.922995
509.909159,229,446.402475
379.618362,176,446.779334
390.968617,175,447.32303
369.100469,157,447.653701
350.917617,150,447.970392
393.249611,203,448.396052
379.627209,180,448.774373
419.46925,186,449.16662
347.874549,168,449.674013
439.911101,203,450.095924
369.363216,153,450.414506
423.649988,184,450.798595
365.6215,171,451.166176
393.462835,185,451.555745
375.725375,161,452.058437
444.477072,199,452.471658
405.36311,186,452.865242
313.594621,150,453.186295
411.214372,192,453.592813
362.788495,179,453.978694
371.998244,176,454.518558
354.113663,155,454.85472
423.932968,237,455.363593
494.57094,231,455.861781
330.505952,149,456.183435
349.494467,156,456.671623
335.97771,140,456.977821
374.051513,170,457.340177
500.462184,202,457.767264
359.427946,158,458.097952
364.841194,167,458.448219
434.266149,192,459.012203
413.882567,202,459.446038
479.909658,210,459.905923
385.03323,173,460.314263
498.957137,205,460.756145
339.210497,162,461.109446
384.376045,166,461.615192
491.076523,216,462.094041
427.090734,177,462.476179
379.236626,158,462.819177
309.788573,152,463.178264
431.00653,189,463.585407
577.888571,232,464.23286
380.150963,166,464.578362
434.350245,234,465.089089
308.882361,145,465.405627
618.117147,285,466.146172
396.377602,178,466.523366
478.136269,207,466.989719
422.071251,198,467.414222
244.989248,110,467.650131
336.148106,150,467.984758
391.935645,173,468.484268
406.921193,173,468.859161
428.239176,174,469.234123
410.100704,183,469.626082
466.674718,202,470.100395
294.789887,140,470.398522
453.004058,183,470.939712
437.54341,170,471.310746
346.926497,158,471.6624
457.950163,193,472.079504
372.658551,153,472.408951
401.623512,158,472.751521
350.017293,161,473.252359
424.19732,186,473.653486
556.880522,223,474.138039
490.031027,217,474.609491
461.855335,200,475.043472
451.331505,192,475.61551
361.887989,155,475.942796
379.120663,153,476.297286
332.573138,144,476.624012
491.5748,196,477.0557
392.714095,183,477.45224
422.607028,180,477.999288
411.502255,174,478.392354
568.366432,217,478.860636
444.113138,179,479.238298
472.252402,216,479.69678
503.105238,197,480.121781
395.514241,169,480.646675
555.161751,231,481.145635
516.408627,210,481.594557
538.572693,224,482.072773
380.438148,183,482.467788
414.70999,174,482.99767
404.162312,182,483.384808
388.28306,175,483.749671
543.008097,226,484.227809
813.33793,313,485.009141
542.510602,251,485.497018
494.9559,200,485.922773
555.076441,217,486.392756
771.653582,281,486.997505
340.289464,159,487.51752
431.000889,184,487.9334
482.498407,200,488.349665
384.288265,170,488.747613
433.947188,192,489.163361
418.910118,192,489.707698
342.851593,153,490.030208
323.089777,136,490.330651
462.30447,192,490.741474
402.182585,181,491.136747
418.368583,172,491.496324
591.607004,219,492.127469
450.41733,183,492.528119
374.769213,159,492.868985
416.120907,174,493.234937
411.460141,181,493.612002
508.128904,217,494.067913
395.511062,175,494.569017
685.442967,296,495.194302
609.076576,229,495.68072
607.64487,226,496.155864
416.139636,172,496.523635
452.14928,186,497.097382
550.586411,221,497.587801
465.152735,205,498.022835
673.757819,277,498.608027
459.075467,180,499.160262
706.754061,276,499.769118
222.22274,137,500.057657
400.988642,167,500.410358
515.161694,205,500.838881
570.085247,227,501.481209
543.429185,242,501.992189
384.724286,173,502.356157
445.251767,176,502.729306
450.434313,209,503.173615
471.299588,197,503.731545
455.882808,186,504.122311
536.024708,239,504.64786
420.245816,174,505.011199
385.209269,171,505.365344
479.305777,179,505.735587
468.313564,198,506.314596
380.409654,161,506.676155
576.361312,251,507.224142
470.621653,203,507.670913
391.103654,168,508.035749
404.198554,170,508.566149
408.990659,170,508.924076
476.553892,197,509.341573
405.109758,194,509.752685
461.174777,198,510.200998
401.55635,182,510.597674
449.956544,201,511.188076
428.537527,184,511.57931
531.292784,211,512.03957
459.215854,174,512.409989
465.623003,174,512.790043
449.982314,188,513.35668
470.113267,190,513.762619
469.662323,184,514.148254
491.105645,223,514.658596
443.918045,171,515.021446
454.763542,206,515.642863
620.991501,236,516.159809
349.353415,147,516.475807
688.294948,285,517.101903
561.525763,224,517.594049
650.816508,257,518.278189
491.459307,199,518.723472
406.521631,177,519.105097
515.784585,207,519.544085
471.923466,207,519.98425
560.589783,235,520.644761
570.221997,231,521.165313
504.753793,197,521.593516
596.962604,213,522.058887
785.525829,297,522.884729
614.836251,224,523.387724
670.341175,239,523.91372
494.212553,208,524.383124
769.622953,276,524.984733
414.919703,177,525.520482
397.984107,179,525.916569
442.993681,190,526.327675
593.747423,244,526.857932
537.5833,207,527.303895
280.163958,137,527.772126
536.497764,198,528.207905
546.257149,234,528.720822
507.815661,186,529.117519
425.84016,185,529.521409
381.699274,167,530.026253
725.182393,270,530.594157
477.376803,187,530.993687
586.769313,265,531.552312
269.998589,134,531.83945
383.211833,161,532.327092
550.643565,220,532.795559
590.973926,236,533.297332
470.840432,187,533.697711
396.313655,185,534.09726
566.958009,227,534.737799
675.304882,283,535.336625
584.241551,230,535.830627
380.488864,164,536.214315
464.781207,187,536.630825
429.84847,172,537.162266
499.836397,226,537.664336
542.611747,198,538.089526
662.001132,246,538.616855
442.60259,178,538.997882
774.887594,295,539.777256
404.90674,165,540.127221
537.713618,208,540.570621
383.238188,157,540.909521
559.200746,234,541.429948
400.758732,166,541.927532
689.896481,270,542.509533
497.750859,183,542.91844
425.065273,189,543.318376
486.552209,199,543.766531
641.151045,244,544.427749
648.239139,233,544.941657
694.382999,251,545.489368
388.324357,177,545.875136
933.684313,335,546.744647
781.235542,266,547.313323
350.307511,162,547.668164
392.002832,168,548.035551
355.400613,155,548.358737
547.752536,219,548.971189
325.693343,193,549.395609
756.774779,278,549.978218
559.429833,217,550.444126
686.26539,244,550.963283
352.555412,148,551.425225
548.175176,206,551.868002
775.978162,279,552.465511
676.179685,247,553.011565
562.213475,207,553.595972
504.103229,201,554.035593
436.269412,181,554.431295
877.117937,295,555.064159
903.272703,318,555.925434
853.338344,325,556.752197
357.256101,145,557.097703
437.112667,167,557.453794
613.384667,208,557.897127
389.904611,178,558.396086
473.620765,182,558.743906
625.36065,222,559.243901
691.273988,258,559.78918
554.489692,214,560.244554
519.513294,231,560.891688
670.761357,246,561.437697
526.203011,217,561.909244
308.929507,170,562.267295
432.920641,177,562.634923
651.946581,247,563.321048
389.854552,183,563.713182
626.676628,248,564.238873
474.108427,198,564.653118
459.781819,183,565.043447
331.21541,192,565.598617
629.376118,246,566.130847
443.315272,180,566.53542
496.580651,189,566.938207
504.598738,190,567.352423
681.534066,227,567.991163
489.802275,186,568.406743
376.483465,152,568.728397
448.716895,177,569.099754
755.147356,330,569.820414
710.089922,248,570.49509
560.561323,217,570.984996
562.93146,197,571.401215
452.673822,200,571.83248
732.378011,265,572.564431
326.951119,144,572.878858
562.710284,221,573.378051
546.497295,220,573.8687
1068.531039,395,574.895157
668.090149,236,575.417009
423.385167,171,575.801779
447.712505,157,576.13864
348.409444,142,576.440254
505.519852,211,576.88993
795.057765,291,577.660605
651.376162,231,578.147936
624.983172,222,578.620548
482.381881,179,579.00271
396.672388,175,579.377368
553.736049,263,580.087558
428.104142,192,580.493254
617.022888,275,581.089098
815.152599,288,581.691022
472.663777,193,582.236183
597.656717,214,582.687911
400.431734,161,583.029894
610.321691,243,583.545294
589.31631,225,584.028079
746.851093,281,584.764453
775.901427,284,585.369429
427.619167,181,585.760554
408.235675,169,586.123976
393.749837,163,586.618292
875.688271,335,587.316742
1117.404449,434,588.23693
497.786578,263,588.921821
545.549253,198,589.351532
871.722301,291,589.981912
890.488162,285,590.614604
815.056304,291,591.410904
707.517319,302,592.051347
665.556824,262,592.59984
1091.365039,373,593.561788
462.027271,179,593.954533
1260.0325,442,594.911297
556.97565,209,595.365966
840.620058,283,596.136088
535.021679,207,596.607788
835.187494,313,597.269844
948.365455,375,598.065293
932.745885,331,598.907702
844.440783,294,599.533391
601.27724,225,600.016394
649.112732,279,600.749369
666.889429,237,601.255737
572.894496,237,601.752611
542.705259,209,602.193457
927.576982,307,603.013506
788.971653,292,603.638957
503.592046,189,604.035928
1054.141404,325,604.722335
375.800763,155,605.056231
551.117569,225,605.682178
805.272167,302,606.314731
468.570005,209,606.759742
913.778195,285,607.36322
548.344221,222,607.960998
517.978171,201,608.385841
763.482654,275,608.959935
471.51932,181,609.339892
495.766988,193,609.908673
626.406734,222,610.378809
865.186165,330,611.07883
927.0908,339,611.79812
470.74014,187,612.357459
1020.615983,316,613.052214
484.186072,234,613.544355
1029.750219,355,614.289498
429.924153,181,614.818159
366.661866,158,615.154577
306.444971,173,615.515161
970.871761,329,616.198734
1018.77504,359,617.097992
465.346447,193,617.496974
721.228217,291,618.09629
1096.23017,410,618.960817
264.042794,147,619.411761
958.979997,341,620.119747
1349.521745,488,621.150643
343.294205,153,621.611625
1027.597762,352,622.347101
602.367053,217,622.790317
674.559752,253,623.319061
745.765122,277,624.053866
827.681266,321,624.719047
453.591285,203,625.141752
952.136512,327,625.977283
431.958054,169,626.336791
925.040269,346,627.076749
875.303142,309,627.71235
764.181662,283,628.446034
578.007524,264,628.987363
343.342769,136,629.273543
550.402225,221,629.739661
893.556878,303,630.37915
496.018383,188,630.92391
948.624545,311,631.567327
822.84418,269,632.135881
545.152298,224,632.60929
1323.064748,482,633.761636
1050.465922,387,634.568925
1033.871838,382,635.546382
485.358212,196,635.997375
1067.773041,394,636.881626
837.317786,305,637.682553
993.885374,345,638.416667
929.135904,348,639.141193
503.08594,220,639.612933
582.123482,211,640.207708
527.073949,192,640.616168
657.281161,245,641.129644
760.390074,293,641.747242
1066.028343,364,642.707583
675.248744,250,643.253621
964.556181,377,644.079099
792.551934,326,644.953204
533.354607,201,645.384225
765.721329,259,645.951948
646.95134,235,646.451661
764.558501,278,647.216655
465.499606,193,647.635887
1061.167124,358,648.407012
423.940637,166,648.770343
595.897556,222,649.398424
884.576484,335,650.133241
503.284426,231,650.623152
881.392998,319,651.292012
381.375104,154,651.754413
911.601709,303,652.38422
1089.520839,364,653.149534
922.393651,306,653.770916
981.423121,321,654.615333
822.936482,293,655.265142
843.604072,321,655.96244
969.163793,314,656.837008
571.863918,214,657.306112
819.323766,323,657.993562
910.275541,333,658.876104
688.757971,289,659.503425
691.276642,277,660.09366
360.449689,163,660.438551
479.791694,200,660.863808
624.640137,231,661.520915
1264.477632,409,662.389039
1182.307693,400,663.23597
1242.93701,506,664.45683
664.085433,262,665.031132
965.896346,345,665.935612
1199.812495,470,666.940368
1420.141933,508,668.168248
995.653825,379,668.974134
881.229482,328,669.661974
847.799411,331,670.45402
524.943344,218,670.896898
1468.540203,560,672.100149
413.558295,169,672.454369
749.064755,280,673.211124
426.595802,169,673.571974
640.720158,254,674.118985
836.287355,316,674.820412
313.260263,146,675.267963
692.84573,267,675.830831
575.809218,211,676.279314
592.943349,216,676.743153
762.344333,248,677.404327
834.212575,321,678.104262
321.895994,143,678.429597
822.6213,322,679.145573
720.075278,263,679.843413
403.501888,167,680.220486
2007.475957,732,681.773765
609.716228,233,682.405332
528.683794,195,682.815083
739.956815,267,683.370741
894.715264,332,684.088183
1402.655632,489,685.273199
508.269772,219,685.756152
1084.329776,418,686.801964
450.42121,178,687.200851
894.792596,303,687.892563
452.306554,185,688.289089
800.192206,303,688.93463
1018.764528,398,689.956171
1931.249514,710,691.590331
556.50731,205,692.024311
1005.719013,347,692.74506
727.969646,286,693.359488
800.256252,333,694.257672
1104.188583,365,695.050676
407.570167,158,695.388397
337.238672,135,695.675183
978.027036,373,696.639827
925.261279,320,697.330808
1341.40067,548,698.665173
807.687399,299,699.330562
434.390781,177,699.706165
965.734578,325,700.391772
330.807144,173,700.76618
891.667158,289,701.486933
343.341116,151,701.795563
774.067497,280,702.393933
658.853331,264,702.930871
1177.60802,408,703.965055
571.79473,223,704.441093
955.399882,301,705.078348
679.700022,257,705.770549
1202.605378,441,706.705869
1162.217645,416,707.583967
952.800887,328,708.42909
826.28219,338,709.184352
1115.12859,416,710.213808
534.307601,214,710.676291
1265.401345,390,711.516964
1141.925022,362,712.280608
598.694876,229,712.914656
535.41544,215,713.384023
1217.262299,447,714.345172
1127.239424,422,715.393126
931.051845,320,716.069527
474.35738,195,716.476761
1104.330358,363,717.383474
410.14136,177,717.760442
1392.424853,444,718.787325
684.972533,275,719.402925
816.944147,280,720.124346
708.491844,295,720.750135
1172.586335,394,721.585328
745.371791,245,722.250409
597.163525,226,722.737935
454.010614,177,723.1401
1181.839053,396,723.997423
2891.317359,924,726.137508
1327.183522,465,727.31863
1054.565625,375,728.131339
824.826025,292,728.751006
411.056136,196,729.331562
869.652791,300,729.978869
1112.008159,362,730.758853
383.978961,154,731.083654
1252.709324,373,732.049042
941.287376,309,732.724755
1082.790941,410,733.606926
766.437394,275,734.347145
672.405333,246,734.885228
1072.816764,342,735.614473
906.144649,284,736.395318
565.120243,238,736.90676
327.901611,137,737.202467
804.076589,290,737.821101
444.442148,174,738.200312
872.663408,271,738.902122
745.020197,285,739.491117
1233.04498,435,740.386817
1461.171572,465,741.514138
1017.158108,348,742.244519
689.300801,268,742.803078
342.916295,146,743.260861
495.023764,186,743.647617
823.996998,291,744.250845
440.091389,166,744.595707
1260.88012,458,745.710278
1222.279524,473,746.699027
586.73294,229,747.181056
1530.588277,546,748.492512
419.871896,158,748.827874
1486.93424,513,750.049501
1176.954419,380,750.870562
526.367184,200,751.286333
1074.861482,361,752.055202
480.015794,172,752.575871
758.053744,269,753.160566
474.39919,179,753.542655
456.952619,185,753.951008
772.825891,281,754.70998
729.836149,282,755.317768
872.735714,279,755.910113
1034.77966,357,756.650615
869.10607,334,757.528522
971.974463,382,758.340807
957.859747,299,758.97414
957.418295,343,759.862692
682.930696,294,760.495149
508.334268,191,760.894204
1397.251912,510,762.129992
1437.891078,486,763.161597
749.955622,276,763.757529
899.798314,304,764.551846
1345.84249,457,765.482924
1497.209758,503,766.699431
471.931056,190,767.104228
810.708203,260,767.65784
652.997094,241,768.19579
633.023571,233,768.871817
1089.532727,378,769.687196
984.307706,342,770.411829
709.15462,262,771.116153
3133.998449,973,773.332793
350.058365,155,773.660141
1312.909187,422,774.570907
1795.822453,572,775.926074
814.84806,283,776.51994
479.798319,178,776.889148
796.175348,288,777.484
424.05477,165,777.989058
329.836226,146,778.310892
2983.935461,878,780.397102
2577.700693,871,782.234984
1778.545511,607,783.714396
1078.59597,361,784.504814
844.103269,299,785.241505
1184.231178,437,786.169209
697.795798,235,786.669791
1933.715104,592,788.080254
1082.759489,371,788.881817
978.949993,296,789.661262
591.146656,229,790.148813
399.154743,158,790.498665
985.036193,342,791.221067
589.112686,206,791.69118
724.500922,245,792.354546
1164.213631,393,793.197898
959.31032,320,793.88789
638.945818,229,794.54905
554.389556,198,794.981342
1684.021761,507,796.064505
2165.199601,685,797.677881
637.844186,211,798.128743
667.244652,262,798.689129
1346.080319,467,799.834939
753.019789,292,800.455752
1188.36937,420,801.460464
604.267787,233,801.975624
1878.501414,589,803.226069
1251.844824,396,804.222355
187.982771,266,804.795182
1324.814671,434,805.758018
351.814884,152,806.239952
543.486952,188,806.661896
870.964684,289,807.28091
744.499491,247,807.830034
815.422957,288,808.605346
778.300009,260,809.190758
481.702456,182,809.573379
686.460247,276,810.158677
1447.424247,493,811.358894
1105.057276,336,812.087178
725.138825,273,812.669708
1772.770633,598,814.068964
438.870088,168,814.427968
1543.93231,563,815.7695
527.780356,198,816.197222
515.062734,195,816.627341
530.38751,220,817.108003
938.541579,364,818.075138
1341.738407,491,819.137579
104.909501,213,819.606233
829.461143,310,820.453261
1697.409698,507,821.555481
406.846971,159,821.899229
576.309963,234,822.40111
1349.099284,437,823.491051
844.950961,300,824.162468
1213.881644,412,825.191415
3310.297284,1000,827.457625
850.37757,285,828.074103
964.231728,354,828.828152
673.411142,264,829.414064
2614.819311,829,831.38081
551.695074,217,831.847515
1582.332332,519,833.097055
659.717295,252,833.659065
2008.589732,607,835.116464
1913.380732,538,836.257233
827.869539,288,837.021437
421.484593,159,837.360628
477.897463,184,837.756711
890.337652,305,838.422412
815.085054,307,839.233319
381.116982,168,839.585594
719.696477,262,840.143932
863.668744,289,840.767704
1701.456537,476,841.971424
1164.93788,347,842.756778
1111.109523,382,843.599687
834.869795,286,844.305042
596.171764,226,844.799344
2345.733797,811,846.716262
1001.961065,318,847.460057
496.31857,183,847.848515
1662.041096,586,849.292899
1644.941673,524,850.437481
606.506309,240,851.088992
401.114808,169,851.465079
1786.831121,598,852.77721
801.156519,281,853.521795
616.718828,241,854.034145
1487.609646,493,855.075261
1006.033058,352,855.904057
1810.416136,561,857.107084
771.934793,276,857.69412
739.197484,261,858.396892
390.32918,161,858.748537
573.04862,244,859.279568
1300.546786,475,860.424659
913.681235,282,861.051201
597.626558,205,861.490935
969.98733,293,862.107684
1300.751422,422,863.150456
422.408772,162,863.504611
1793.92878,559,864.703886
949.805589,314,865.544339
1450.270109,459,866.553697
838.472065,290,867.17031
377.87124,152,867.640523
1195.740761,381,868.456601
1439.151716,450,869.393366
1148.420487,373,870.337658
895.671487,340,871.067951
1503.389191,463,872.200335
1635.207068,572,873.406478
1759.664595,571,874.788482
1088.186029,371,875.58495
1130.555029,402,876.422036
1023.506272,300,877.199222
652.493093,241,877.69635
1373.326214,410,878.563398
366.609868,147,879.009482
602.012536,216,879.460889
794.080115,283,880.105515
961.701809,343,880.860983
1424.314105,480,882.035527
878.000463,292,882.695356
1129.407583,403,883.537825
2181.996377,686,885.166408
1643.526617,548,886.522424
661.573439,257,887.06988
3065.269897,1000,889.374366
3045.094698,1000,891.66105
1034.701794,353,892.413972
839.958686,300,893.204495
1950.090004,570,894.413963
2292.665198,731,896.124161
1847.894752,610,897.443943
1109.989407,392,898.425084
1651.870441,546,899.624772
1200.542487,389,900.602822
2049.029837,677,902.030994
1034.842177,369,902.947528
2674.769798,838,904.851579
737.906937,258,905.399648
1581.911683,531,906.533841
2910.110046,909,908.659936
2445.381897,814,910.527265
2274.881156,688,912.131265
625.641654,226,912.628297
1004.080886,347,913.397017
852.31759,289,914.002978
627.477044,245,914.676337
3252.732401,1000,917.002359
3305.865429,1000,919.350893
1319.708453,448,920.360133
1046.391534,338,921.109969
2339.437496,728,922.830419
3123.988267,1000,925.220454
2122.209343,622,926.689192
1114.346827,399,927.542005
1475.213786,505,928.804184
1777.060178,560,929.988141
2738.87875,801,931.831923
1352.742355,455,932.813935
1788.045914,539,934.12749
1046.925709,379,934.934974
1137.121436,363,935.850915
425.003913,182,936.246641
1141.384032,397,937.096944
2240.589073,703,938.766999
1256.344982,404,939.625196
1692.428141,539,940.973456
1006.308325,332,941.690979
774.419798,280,942.304376
1561.460581,473,943.447869
1528.906621,509,944.537917
1166.615843,377,945.515797
1890.588439,604,946.794686
559.307321,224,947.402475
3116.020089,922,949.448398
536.312482,196,950.008369
605.804846,198,950.436851
933.099959,320,951.111383
488.216608,189,951.510483
1624.025545,514,952.720753
1059.774138,368,953.506696
1389.24975,447,954.593163
863.746182,289,955.191456
3477.410861,1000,957.506414
3118.255054,914,959.600174
976.646503,347,960.364805
1613.186136,552,961.726709
1469.210299,518,962.837986
697.78421,238,963.379355
1259.204347,401,964.387809
729.063238,275,964.964014
2661.517139,783,966.756175
1579.13602,471,967.726834
2002.782931,644,969.274366
700.904465,251,969.814123
1033.403174,361,970.719433
2170.93114,706,972.231694
1119.538303,374,973.202567
1105.79396,391,974.032551
971.250458,354,974.816478
912.673233,327,975.673528
547.514202,214,976.129848
814.377455,292,976.754766
1078.738776,358,977.512126
2761.262941,852,979.470636
2645.812867,807,981.303247
1272.338131,422,982.195724
1337.329804,430,983.275717
3151.236815,1000,985.590023
747.908697,265,986.191607
817.859048,259,986.73688
2041.751716,623,988.256463
1754.001159,535,989.549374
2654.544243,853,991.371145
407.844201,160,991.867915
1590.196999,519,992.942751
1632.306516,510,994.163289
1767.971202,610,995.456721
3147.146978,1000,997.734006
319.291745,140,998.050261
3130.280321,1000,1000.316771
902.474968,313,1001.107976
466.682765,185,1001.4914
1079.129338,364,1002.273411
619.830047,233,1002.773071
3333.855401,1000,1005.133817
2179.79325,641,1006.687042
1801.489417,539,1007.837015
567.765927,221,1008.456192
597.889067,236,1008.958114
1006.466733,369,1009.77996
602.242483,220,1010.250531
1880.917226,608,1011.701598
382.798631,162,1012.078727
1836.289676,565,1013.435938
933.377816,302,1014.104471
997.295116,327,1014.794688
2122.110396,684,1016.393584
576.059547,219,1016.851117
328.210465,143,1017.146678
542.754661,230,1017.748574
1676.254403,547,1018.901339
3085.025836,897,1020.976402
2784.49627,826,1022.865374
1678.458656,538,1023.99313
671.421283,242,1024.644277
1003.796239,344,1025.356593
900.401282,306,1025.997929
1513.071651,482,1027.167648
3437.808937,1000,1029.417115
653.075926,250,1029.9386
776.085882,262,1030.494935
1392.330951,430,1031.507254
668.223798,258,1032.045638
1531.20388,472,1033.013371
2006.718052,650,1034.530585
805.572316,272,1035.104529
921.008192,301,1035.730861
1240.287958,394,1036.712569
283.518851,134,1036.995708
982.180545,351,1037.740676
1448.647493,477,1038.879979
483.240783,177,1039.246092
445.732123,192,1039.647188
450.092359,178,1040.025711
3182.506224,1000,1042.289253
2913.040577,892,1044.340481
1488.465307,501,1045.560666
1095.486939,354,1046.300176
1892.61587,621,1047.727779
367.135392,157,1048.065086
383.755107,163,1048.418398
1100.413962,382,1049.247385
1627.551403,542,1050.530751
1236.117771,379,1051.344107
883.048404,319,1052.190335
1064.06647,395,1053.056005
2149.58807,660,1054.65424
3379.98663,1000,1056.943466
570.439224,223,1057.424578
2034.965627,604,1058.697578
1300.355946,398,1059.689475
2164.748593,701,1061.167307
1189.261031,408,1062.187621
327.459892,141,1062.502427
991.611495,309,1063.149049
1077.214883,357,1064.049889
606.438809,229,1064.548518
1025.340656,356,1065.318959
1660.553284,491,1066.546199
1789.396237,551,1067.70262
1123.337588,384,1068.668029
300.960532,129,1068.942046
1054.337856,373,1069.732188
1562.881912,522,1070.983754
1544.522967,462,1071.995501
1640.113911,526,1073.31439
1829.757506,570,1074.518062
1242.58419,411,1075.390459
868.899371,278,1076.12133
1238.870399,428,1077.026265
1508.86259,483,1078.185091
3033.331672,900,1080.26523
1397.993683,450,1081.239921
2003.529381,646,1082.757966
3382.632094,1000,1085.05293
967.446922,304,1085.710522
1357.797247,444,1086.674073
1236.647081,424,1087.707094
805.197179,292,1088.352605
964.702071,354,1089.107566
1306.891245,424,1090.150373
2350.873372,747,1091.775235
969.930297,312,1092.590105
889.431004,297,1093.226478
3229.111034,1000,1095.515462
3119.547675,1000,1097.825663
362.369171,167,1098.194358
1572.435597,502,1099.432869
1623.938211,506,1100.527214
3042.711734,1000,1102.881145
419.742137,161,1103.235058
1777.811464,594,1104.68361
1654.742136,555,1105.883367
563.54881,213,1106.49117
1547.942212,500,1107.551497
918.988424,329,1108.254193
697.584767,247,1108.952688
2920.971384,883,1110.997279
2040.462838,592,1112.247906
407.553461,167,1112.613473
1687.087937,523,1113.920382
3296.487795,1000,1116.212335
866.213057,313,1116.888655
343.695394,140,1117.179922
517.333984,185,1117.572305
1838.271126,567,1118.976191
548.98143,221,1119.447803
2789.005936,932,1121.609886
771.215181,249,1122.130896
3143.667174,1000,1124.422539
2418.263933,739,1126.145964
1725.270591,549,1127.481551
1622.305192,533,1128.658996
2713.032035,841,1130.599285
3333.206778,1000,1132.908473
408.374139,163,1133.241588
544.799341,205,1133.678128
2100.961611,624,1135.153227
2497.133731,738,1136.875535
1376.809668,468,1137.871806
256.707672,117,1138.133984
908.647029,299,1138.797199
3333.588981,1000,1141.057585
2087.259976,620,1142.519012
2067.360104,662,1144.071213
1392.633107,424,1144.966194
1205.823994,383,1145.817585
767.108596,257,1146.52561
574.847815,241,1147.074887
3341.541233,1000,1149.370132
3185.632513,1000,1151.677832
3242.098207,1000,1153.964606
883.287799,313,1154.643205
968.849323,323,1155.331275
320.329881,133,1155.767209
1111.965222,367,1156.544939
2262.89191,703,1158.207402
2079.714856,573,1159.444098
217.504321,341,1160.322713
3145.778683,1000,1162.557756
3469.432016,1000,1164.825725
2828.436824,873,1166.707407
1114.55774,380,1167.641785
2772.877112,822,1169.537583
3027.323749,871,1171.395839
2160.267744,660,1172.933114
505.364942,208,1173.375387
1668.814038,529,1174.633765
375.034839,196,1175.057249
2090.735089,609,1176.53237
211.102661,102,1176.748338
500.331444,183,1177.13875
3333.737013,1000,1179.414646
1192.447528,389,1180.246225
2833.427564,853,1182.228343
3246.397544,1000,1184.507805
1076.949762,357,1185.254995
3490.98643,1000,1187.578409
1191.964956,389,1188.576313
2003.241541,633,1189.929633
990.55011,330,1190.77887
2566.106455,724,1192.322903
2625.647658,807,1194.233137
3479.229522,1000,1196.504945
729.464326,262,1197.050438
385.131279,149,1197.517071
690.769035,223,1197.930817
251.227577,112,1198.127193
974.79443,314,1198.818771
3407.486444,1000,1201.093483
1253.408797,421,1202.111197
2038.182822,553,1203.287157
1331.776551,426,1204.177027
2149.219426,681,1205.748251
1832.406619,566,1207.06905
3453.319786,1000,1209.369977
566.93525,204,1209.801811
577.889861,225,1210.288941
615.603529,210,1210.744853
1864.88606,607,1212.221249
756.985266,272,1212.799245
2124.208562,624,1214.28185
1259.697477,398,1215.111959
1565.535834,503,1216.356891
1137.894984,378,1217.158971
546.707609,215,1217.622368
1222.029834,356,1218.527518
591.237941,226,1219.017374
568.565949,213,1219.468335
1407.374399,455,1220.438594
3636.677782,1000,1222.717613
2793.109513,847,1224.661725
3072.10957,1000,1226.938004
347.781593,148,1227.251687
1802.477249,595,1228.630455
527.529001,224,1229.114283
3404.969165,1000,1231.355049
3508.036148,1000,1233.628703
3127.415981,1000,1235.929213
1319.177239,432,1236.99179
1750.814084,523,1238.093953
2059.947659,653,1239.606622
434.20489,166,1239.963864
1787.798509,568,1241.208092
495.283462,226,1241.818393
3176.581199,1000,1244.129358
2487.250021,736,1245.697791
2619.173676,819,1247.574214
432.768704,171,1247.947139
2193.402126,674,1249.571491
952.784404,319,1250.260986
3052.902086,878,1252.311808
2307.400488,675,1253.883404
3434.696743,1000,1256.181975
3321.609595,1000,1258.458713
1489.920386,463,1259.437253
1682.842534,539,1260.715998
233.204067,111,1260.954451
3372.541187,1000,1263.229732
1786.276495,585,1264.478059
1396.718732,471,1265.66202
3269.469303,1000,1267.953731
1123.689905,340,1268.670286
923.838421,304,1269.310641
1063.179581,400,1270.320154
1112.005747,337,1271.028785
1984.277813,590,1272.495683
445.857602,168,1272.88711
3320.707381,1000,1275.156272
3408.235461,1000,1277.409827
2613.711133,772,1279.18558
1830.240177,640,1280.532938
257.458898,134,1280.810359
2861.002286,820,1282.813358
2930.083709,856,1284.860663
3215.975418,1000,1287.156374
2366.926364,731,1288.909634
2971.795809,854,1290.89065
1808.249783,584,1292.153171
2941.479909,834,1294.109353
893.165903,285,1294.71633
3453.461391,1000,1296.999538
328.253395,138,1297.296858
3384.379456,1000,1299.604654
1085.796722,359,1300.538208
1478.020142,446,1301.495222
1569.540705,478,1302.639698
700.83153,230,1303.137263
2738.286479,832,1305.156285
3306.492655,1000,1307.464527
3468.626592,1000,1309.656676
514.759806,198,1310.23263
1375.552539,390,1311.044218
3349.538937,1000,1313.233166
3382.188054,1000,1315.487625
1726.820359,551,1316.786929
3436.372521,1000,1319.073765
2347.454573,684,1320.519576
926.180432,288,1321.127582
549.4219,194,1321.697398
1641.060357,517,1322.783633
3471.175351,1000,1325.024868
1487.24233,454,1326.086618
1458.348658,450,1327.052433
3556.478056,1000,1329.305989
872.886044,311,1329.953488
1802.2189,544,1331.26297
922.750932,319,1331.95365
3380.509205,910,1334.06716
1813.483563,584,1335.536183
536.799932,193,1335.973086
943.156016,299,1336.626316
694.698435,255,1337.168266
1295.806602,407,1338.187509
250.693602,109,1338.418123
1661.906872,495,1339.472566
3321.650496,1000,1341.765531
957.880088,302,1342.584462
806.84687,261,1343.147942
1184.015748,355,1343.913211
452.810045,173,1344.278012
1267.176282,390,1345.255852
599.380988,209,1345.694159
1542.930821,480,1346.707831
1240.197123,391,1347.752175
1350.316924,451,1348.767228
2578.584631,741,1350.497396
2931.501015,840,1352.439096
3412.280778,1000,1354.598921
598.827592,215,1355.057841
1561.82779,433,1355.972087
3236.85491,1000,1358.22438
3338.797719,908,1360.311606
872.054516,309,1361.139248
253.220084,117,1361.383949
371.870572,160,1361.723216
1604.04239,470,1362.765269
359.18898,154,1363.089994
881.168227,302,1363.896445
1037.673061,341,1364.624911
1796.820516,545,1365.942111
649.542379,235,1366.44475
726.556431,243,1366.985106
1117.921521,364,1367.786378
794.896995,270,1368.520449
2178.796886,596,1369.826346
370.525826,143,1370.143502
2893.259621,881,1372.128471
996.451521,348,1373.013074
526.356543,185,1373.448996
3308.623381,1000,1375.768193
2884.568148,850,1377.767801
3684.687694,1000,1380.020363
582.79771,194,1380.427329
1716.750452,513,1381.523687
1074.918048,363,1382.457678
2926.692326,828,1384.258157
1633.128922,506,1385.461191
1734.929921,603,1386.97342
366.104644,149,1387.293831
1249.354068,389,1388.139122
471.871116,177,1388.507754
1115.811447,336,1389.380666
2559.483083,721,1390.950336
2882.825615,815,1392.829179
571.032322,214,1393.275283
862.471483,266,1394.004816
3392.30664,936,1396.042252
1116.659402,324,1396.873936
1375.437117,431,1397.782158
1197.015078,367,1398.700241
2019.10058,564,1399.910271
3413.667614,1000,1402.211735
3291.586822,1000,1404.527454
3675.854427,1000,1406.832297
536.883195,192,1407.260835
2979.933952,825,1409.195852
547.821755,192,1409.604331
2046.748548,584,1411.023684
1482.935474,434,1411.936572
1067.466863,312,1412.606244
1419.423201,438,1413.728609
3085.288578,871,1415.756091
1234.465761,402,1416.636113
3093.462048,898,1418.707959
354.802432,153,1419.042156
1255.666429,368,1419.966629
3466.466776,1000,1422.267553
3470.607755,947,1424.317174
1834.253331,535,1425.611419
1391.328357,430,1426.524145
892.359616,293,1427.306686
2343.261406,745,1428.893897
1483.032234,449,1429.977247
3619.785523,1000,1432.241323
2348.250713,634,1433.601542
1551.360114,453,1434.775079
1831.770128,500,1435.845288
2058.654461,570,1437.217352
1831.627948,560,1438.455951
1098.927043,354,1439.371004
830.101636,265,1439.940846
1898.178878,568,1441.315931
1247.788197,361,1442.090213
2321.927865,649,1443.619997
1202.95389,373,1444.41809
2868.08768,844,1446.402547
1584.165537,483,1447.430959
1002.031411,318,1448.268705
3458.739118,931,1450.267155
607.40741,191,1450.839414
1414.69905,402,1451.714868
3142.148443,823,1453.6352
1176.903932,334,1454.3472
1976.675088,593,1455.778686
2757.098975,753,1457.525454
1099.4215,321,1458.210098
951.733461,311,1458.872319
2547.767387,724,1460.550203
526.730312,194,1460.964731
415.335959,156,1461.294213
1357.805717,392,1462.292262
637.267022,216,1462.748701
1979.664629,583,1463.993778
3563.537449,1000,1466.289094
3565.587486,980,1468.56216
2238.242211,634,1470.084885
419.194825,162,1470.427334
3146.924151,893,1472.466112
3520.538588,1000,1474.758746
1504.80666,465,1475.731879
1285.525764,384,1476.682041
1004.249055,363,1477.437739
1427.096283,402,1478.281979
3684.98816,1000,1480.573238
875.860537,302,1481.383705
2403.812989,677,1482.849724
2073.060068,597,1484.279361
2178.727853,601,1485.665862
926.304347,282,1486.261296
3579.892455,1000,1488.550589
2556.316681,742,1490.256837
1751.31821,539,1491.387056
343.391032,135,1491.680392
1171.729396,372,1492.624436
3344.954781,1000,1494.893063
1258.832292,359,1495.652221
1484.943171,434,1496.570886
2744.473285,842,1498.505457
917.737952,304,1499.159529
812.760996,279,1499.920019
1555.193002,460,1500.914644
1218.350201,357,1501.839526
2975.321697,840,1503.630397
1577.646713,467,1504.761679
632.331015,233,1505.2904
409.371888,153,1505.613533
366.503233,160,1505.952167
56.835723,103,1506.176304
3582.585751,1000,1508.438051
761.34091,242,1509.072455
2059.24229,600,1510.392291
1701.870889,521,1511.692854
2527.343622,709,1513.206636
323.319096,145,1513.70046
2026.417573,554,1514.873463
1152.905808,331,1515.578585
1295.030249,356,1516.503516
491.822152,176,1516.880049
2184.49679,650,1518.412354
781.276918,268,1519.003294
2353.594017,646,1520.372147
467.166191,171,1520.878977
1041.10403,321,1521.558875
467.794307,170,1521.941449
919.495877,326,1522.649829
2473.17764,711,1524.366572
895.608488,294,1525.023432
791.965572,268,1525.743994
1084.516444,339,1526.454561
3111.398106,872,1528.463948
385.903425,144,1528.779723
2120.377194,601,1530.233057
352.556511,155,1530.577503
1329.099641,394,1531.409052
1689.721076,481,1532.610376
936.123547,357,1533.382708
1684.249544,510,1534.44369
2100.953143,631,1535.901472
1814.054144,544,1537.229647
3032.22586,819,1538.947892
270.034904,128,1539.354351
3024.738787,813,1541.087455
1624.822629,473,1542.236068
899.920989,304,1542.922999
2812.976148,757,1544.754953
739.090702,244,1545.272007
436.428963,156,1545.612514
763.517067,233,1546.131351
3319.146823,879,1548.179427
2563.202907,674,1549.791615
1686.995618,495,1550.832695
1104.142878,332,1551.700274
1189.760745,379,1552.512223
763.596777,242,1553.025887
366.560815,154,1553.51795
1193.666426,362,1554.2738
1093.094071,367,1555.051166
1129.067004,343,1555.923413
1490.5335,462,1556.877647
780.732311,244,1557.383971
1596.797002,470,1558.529413
662.439492,216,1558.975353
1489.628969,426,1559.864348
471.551067,170,1560.377857
668.991472,235,1560.873415
3460.459207,1000,1563.150728
577.671255,204,1563.583516
794.290475,258,1564.115628
2450.423859,702,1565.742979
369.218807,157,1566.074476
1640.762051,465,1567.072422
1885.700319,572,1568.430791
2157.498527,571,1569.783705
2060.715704,594,1571.031099
792.008088,263,1571.602686
3631.124643,1000,1573.901427
913.087381,285,1574.645666
1200.699152,366,1575.433348
2961.382835,823,1577.341144
54.628037,89,1577.530056
885.344576,290,1578.157653
1770.242004,594,1579.576982
3722.304735,1000,1581.90424
2375.337602,662,1583.380555
424.571819,156,1583.856678
1950.580421,539,1585.014772
1063.735494,329,1585.730093
1016.484131,325,1586.581212
2822.161532,781,1588.218495
594.298838,196,1588.792059
739.53901,246,1589.307458
1005.079134,298,1589.951224
957.229155,292,1590.566877
821.671512,255,1591.251094
2088.694565,615,1592.528348
607.288504,205,1593.106178
1212.518042,345,1593.851678
1261.261117,382,1594.664974
433.635419,166,1595.02756
2170.726749,564,1596.379589
3783.619972,1000,1598.638561
937.768238,285,1599.265695
1394.939638,367,1600.176594
2540.194933,659,1601.566286
1563.363924,422,1602.629417
389.539831,160,1602.96866
654.532383,204,1603.401765
653.321989,207,1603.835426
1333.577227,391,1604.793825
648.355359,208,1605.235644
2907.896018,737,1606.858133
326.714633,128,1607.282059
644.166233,212,1607.731781
458.617148,168,1608.087839
910.419566,293,1608.717964
477.304299,170,1609.079083
1030.163058,330,1609.978274
339.171137,139,1610.296204
837.836984,280,1610.900265
569.232757,217,1611.357154
2071.206865,559,1612.696354
1147.091695,349,1613.446668
2822.035695,767,1615.241542
1872.786948,531,1616.537923
2585.181451,697,1618.04181
690.824532,229,1618.563568
1742.153302,494,1619.6703
2453.32427,652,1621.173992
8.033125,60,1621.301623
2047.492122,554,1622.480944
1998.541385,571,1623.889123
787.536915,265,1624.454837
3610.893295,902,1626.494731
1013.416357,325,1627.200161
2809.289029,779,1629.028994
3586.947186,1000,1631.32975
1955.867966,543,1632.518329
1008.107473,299,1633.299201
637.420924,209,1633.76763
1138.357851,327,1634.498028
2222.594115,587,1635.93241
1259.426788,394,1636.774853
3706.32131,1000,1639.019896
1098.182569,322,1639.859887
2324.492893,616,1641.207566
3334.137376,872,1643.279783
1482.043704,411,1644.146793
1210.972382,361,1645.047058
2772.542838,745,1646.640423
1197.230033,347,1647.548355
1140.668837,342,1648.314115
976.530263,287,1648.938022
2170.852471,585,1650.333369
1324.658902,390,1651.207542
448.2773,171,1651.724925
3774.661435,1000,1653.928428
1935.419203,548,1655.229187
1590.46185,450,1656.199956
2791.757983,684,1657.849584
3253.844451,836,1659.786502
4053.339734,973,1662.022647
3425.107684,891,1664.109345
1493.54934,413,1664.986923
3991.16067,1000,1667.288396
483.478493,187,1667.692637
1497.323886,422,1668.759613
539.817104,196,1669.16934
3278.646183,846,1671.134079
4008.640429,1000,1673.409959
2145.521823,571,1674.603179
666.545283,229,1675.249545
1110.744586,332,1675.921645
1181.558127,344,1676.648507
3454.097338,884,1678.675047
1125.239115,341,1679.412985
919.421173,297,1680.198303
1981.953839,523,1681.314348
3556.197426,886,1683.410613
835.639979,254,1683.965394
452.703311,162,1684.327661
1058.270891,338,1685.224911
2323.028558,613,1686.532816
2203.069137,555,1687.888004
2518.899855,652,1689.479439
2303.173234,584,1690.743889
1498.039507,451,1691.85056
685.706961,229,1692.328196
1040.772592,354,1693.090807
1416.567122,394,1694.092116
481.555324,197,1694.509024
2154.872314,599,1695.776102
1253.823133,353,1696.682729
1859.821596,481,1697.717302
1266.761563,376,1698.523706
2199.734402,575,1699.904627
1676.127719,452,1700.859743
453.283972,180,1701.3878
953.602026,304,1702.049912
1506.006863,409,1702.941758
3912.413525,1000,1705.270728
2479.855619,626,1706.774541
1905.724511,508,1707.90394
3869.311109,951,1710.135893
1909.897011,526,1711.405556
2055.351092,545,1712.620659
1004.777404,317,1713.489666
2749.205818,742,1715.116857
859.499708,274,1715.861894
2245.07489,601,1717.170166
663.349688,235,1717.821881
396.279086,150,1718.13806
2143.775261,549,1719.340841
3154.605158,839,1721.316558
2970.929353,714,1722.982816
3689.493489,1000,1725.318178
554.577858,208,1725.761394
615.332572,228,1726.259769
2366.59021,641,1727.81119
2079.051206,555,1728.998638
2562.544816,697,1730.665719
2951.111295,788,1732.490712
2465.448953,709,1734.021753
590.770664,208,1734.613848
2688.896737,690,1736.089201
825.69669,268,1736.797434
478.997583,190,1737.202071
1956.542208,517,1738.343548
3235.265856,784,1740.199186
3902.38795,977,1742.436533
1524.432057,454,1743.405262
3168.645187,847,1745.345227
3939.653275,1000,1747.695262
794.514517,237,1748.196974
437.327078,181,1748.736788
2523.555888,647,1750.143989
3935.408151,1000,1752.440706
1300.642243,363,1753.340342
578.604351,191,1753.747053
1175.718305,347,1754.473571
3691.835006,915,1756.589323
2024.745519,538,1757.920793
4099.59088,1000,1760.217393
709.933836,231,1760.729909
823.922387,271,1761.330392
618.351215,210,1761.789044
1867.714077,524,1763.075403
2984.357005,832,1765.036272
2594.266741,703,1766.509748
3698.770695,1000,1768.830516
3355.409532,888,1770.856544
342.340931,146,1771.162225
3921.63997,1000,1773.411699
2731.880294,700,1775.025514
2348.489732,622,1776.343893
354.846369,136,1776.777058
2548.28838,699,1778.248506
1179.486059,341,1779.121184
543.024524,189,1779.526073
489.388619,174,1779.896215
3125.089474,793,1781.710711
3985.895408,1000,1783.986131
2424.883666,659,1785.409581
3472.579384,892,1787.480126
405.668266,161,1787.824715
1167.198854,356,1788.741611
3950.158025,1000,1791.055146
325.864927,136,1791.345694
404.330279,162,1791.690095
2715.391393,700,1793.322579
3931.280994,1000,1795.695015
3204.486418,781,1797.409859
2513.934817,658,1799.036972
911.861442,263,1799.623266
3721.923935,933,1801.733016
523.057065,185,1802.12385
596.024101,195,1802.682214
1833.520177,501,1803.825738
1026.949772,321,1804.521076
1134.437876,323,1805.364981
1762.570025,486,1806.430306
3838.357157,1000,1808.724646
333.982838,140,1809.01505
1717.581666,475,1810.232527
3908.66551,963,1812.437123
2120.455385,570,1813.648784
3527.246276,867,1815.674099
3905.469624,1000,1817.989474
1571.484511,436,1819.057549
3765.039866,1000,1821.346662
3366.956915,883,1823.23929
1598.841848,430,1824.358857
3414.26046,869,1826.252739
435.687889,168,1826.598046
3946.82589,1000,1828.711188
3773.828341,948,1830.891585
2014.80977,525,1832.009146
3975.880575,1000,1834.275842
658.122881,226,1834.795049
2516.217494,661,1836.371612
4138.36871,1000,1838.703466
131.825568,220,1839.167882
3936.169106,1000,1841.460436
2385.263654,606,1842.830342
975.507369,314,1843.509753
464.652785,172,1843.883215
1931.112255,546,1845.182366
1897.706168,550,1846.368782
2336.395411,614,1847.835534
651.040217,218,1848.310689
3976.781892,1000,1850.654371
3966.087569,957,1852.815003
3714.767984,941,1854.997914
2237.611562,596,1856.412366
2693.175315,690,1857.887462
2155.694946,572,1859.271003
4001.906134,1000,1861.582793
4077.85546,1000,1863.922161
376.971349,150,1864.252429
1591.153614,438,1865.165886
1167.682135,377,1866.158315
3869.41971,1000,1868.466344
984.822403,318,1869.148455
1244.261564,398,1870.045655
324.073584,143,1870.479616
3831.947018,949,1872.471909
1537.775473,409,1873.491819
3507.412179,863,1875.55505
2476.967455,652,1876.963246
991.931109,290,1877.684687
348.436447,142,1877.997232
4033.845915,1000,1880.336601
1912.201038,494,1881.39335
3920.088733,977,1883.640687
1076.283084,316,1884.461864
4158.449278,1000,1886.591181
1328.270801,373,1887.563322
346.825726,146,1887.884224
4055.655076,1000,1890.168621
1549.283686,453,1891.109758
4136.626216,1000,1893.378308
2982.285586,741,1895.090908
286.339456,129,1895.366158
2412.431928,601,1896.79364
2813.534842,705,1898.430442
3970.512971,1000,1900.547318
381.086849,145,1901.002328
1681.647771,462,1902.006909
1800.561577,501,1903.195937
3458.484815,862,1905.039702
4089.361797,1000,1907.315642
2400.921899,629,1908.8092
2446.840815,629,1910.304766
1622.49966,443,1911.243618
3901.76988,1000,1913.531437
2086.621037,568,1914.87412
904.988027,277,1915.439444
3924.830381,1000,1917.662593
2385.530218,613,1918.93224
1792.082586,499,1920.130025
4100.23662,1000,1922.362757
3819.187699,1000,1924.634873
4151.612814,1000,1926.872779
4189.20019,1000,1929.223496
1881.720562,535,1930.401961
1269.724132,368,1931.328582
1435.780944,443,1932.253721
820.604529,280,1932.833975
1867.854841,493,1933.994173
4026.106777,1000,1936.22533
4050.639938,1000,1938.534178
2537.176213,708,1940.130181
1571.015885,435,1941.031645
1738.492862,480,1942.034654
1059.87,348,1942.945296
3823.813539,1000,1945.182616
2808.127243,764,1946.801476
3148.76158,791,1948.619059
2061.215829,547,1949.905998
3447.081557,902,1951.963782
62.328363,177,1952.360579
941.70819,301,1953.008075
1650.022956,473,1954.155543
3899.381379,1000,1956.3973
1480.027971,444,1957.328126
2026.093898,532,1958.582054
3816.777477,1000,1960.800425
2043.560163,528,1961.882821
426.590263,171,1962.231012
3101.529441,832,1964.136571
3307.21595,792,1965.982665
1301.526486,405,1966.868459
4095.591407,1000,1969.179628
3981.279751,974,1971.446481
1965.388763,531,1972.756429
375.792695,166,1973.110126
1696.496174,452,1974.086455
420.241702,170,1974.471972
3995.517845,1000,1976.757
1867.512187,501,1978.029496
1516.271303,427,1978.94988
1778.274339,517,1980.211918
1386.522522,409,1981.08648
3789.190818,1000,1983.395426
3144.375697,822,1985.348298
3683.010897,899,1987.45639
2169.961393,590,1988.751022
3846.919812,1000,1991.112866
369.701148,158,1991.593841
2326.895464,607,1992.887378
2162.811066,573,1994.257221
780.962626,244,1994.77804
496.090416,211,1995.245168
3866.641889,1000,1997.574541
1462.328446,408,1998.589317
3116.518466,791,2000.299493
4088.113162,1000,2002.577334
291.925777,126,2002.84205
748.029652,255,2003.538497
3990.767138,1000,2005.83482
651.739704,232,2006.312536
1852.021803,511,2007.409832
1776.839856,562,2008.800861
742.816403,256,2009.327193
1715.831353,490,2010.52372
4127.302624,1000,2012.841257
4052.566275,1000,2015.180585
401.172802,165,2015.524747
3855.001815,1000,2017.752239
1726.418244,469,2018.776734
3034.822255,791,2020.648275
3942.20863,1000,2022.946378
1834.237491,568,2024.145637
2118.599061,569,2025.524631
230.802709,116,2025.769863
4012.92533,1000,2028.035118
3756.349113,942,2030.21102
27.845349,121,2030.476433
2942.979376,735,2032.185425
1098.328043,316,2032.874371
23.315787,33,2032.945281
766.229952,248,2033.473159
3735.232936,1000,2035.747321
2434.558273,634,2037.244482
1365.645227,396,2038.080896
4045.806785,1000,2040.44587
3996.195059,1000,2042.739473
357.916887,145,2043.208188
3868.3694,1000,2045.507103
3768.901883,1000,2047.644708
1707.891725,477,2048.862481
522.251886,189,2049.262663
2391.228656,638,2050.784537
1289.258387,385,2051.588439
757.564107,246,2052.106296
1665.527766,475,2053.258868
1235.078106,384,2054.112127
3960.901078,974,2056.368378
4248.846898,1000,2058.644359
1431.27665,411,2059.690243
4004.275478,1000,2061.997703
2745.469395,700,2063.524166
3681.84214,1000,2065.866531
4086.203986,1000,2068.158471
4011.262445,1000,2070.442558
22.499667,33,2070.513391
436.398668,184,2070.904762
4139.071846,1000,2073.200192
-0.66939,25,2073.253517
32.772747,38,2073.332107
4259.261176,1000,2075.586863
3999.021004,954,2077.766335
227.589996,108,2077.988357
2208.409766,598,2079.44438
2362.635831,606,2080.885487
1615.019991,423,2081.772395
4159.996253,1000,2084.041991
975.288414,301,2084.663521
194.658906,93,2084.879506
1609.070787,469,2086.07419
1901.59519,534,2087.29014
260.488574,126,2087.566332
488.621664,171,2088.074134
295.321566,134,2088.367341
981.420426,329,2089.088206
1354.156559,392,2089.913973
1997.816553,510,2091.160945
1204.514124,389,2092.003531
377.212463,159,2092.365968
0.864932,16,2092.399714
1299.283373,382,2093.369677
2828.050622,721,2095.064081
3217.998855,811,2096.799675
1581.036137,462,2097.932494
55.617305,88,2098.119247
1704.979167,473,2099.118001
2655.062135,693,2100.784093
3749.214959,908,2102.86482
1479.619198,407,2103.753535
1005.237292,302,2104.52372
4260.00717,1000,2106.769507
4038.930635,1000,2109.122267
2477.979094,619,2110.444774
2618.772849,655,2111.966154
424.113468,171,2112.328634
1894.183286,498,2113.381411
1383.590507,388,2114.340712
3998.807506,1000,2116.670691
557.523707,186,2117.057448
3927.998792,961,2119.193589
1514.44196,395,2120.018134
1378.811739,392,2121.003926
1587.586288,429,2121.909675
2332.910313,577,2123.302127
4068.762034,1000,2125.560781
778.282726,247,2126.090903
1141.023124,325,2126.782231
410.78236,174,2127.170105
4061.394348,1000,2129.446558
39.58594,47,2129.546431
1393.005446,447,2130.65445
4022.952506,1000,2132.969605
417.342184,162,2133.342384
247.956305,121,2133.613224
1230.101028,351,2134.37619
950.09227,293,2135.124526
1335.724133,363,2135.918033
3935.767694,1000,2138.192791
2293.973887,604,2139.638112
2673.056702,672,2141.048757
299.840195,119,2141.302109
1289.765672,358,2142.24715
1687.418879,481,2143.269839
2733.274717,694,2144.903287
326.12728,142,2145.209697
1686.74295,493,2146.427823
1527.882468,491,2147.492429
4010.50802,963,2149.748776
309.238466,146,2150.075861
820.028544,301,2150.741506
4093.245004,963,2152.965133
1360.31984,373,2153.897912
2643.811708,646,2155.267737
1783.436352,478,2156.438194
2476.4144,624,2157.777795
3891.164854,968,2160.025517
4152.83423,1000,2162.34263
1837.768998,494,2163.549472
2393.808311,644,2164.90989
320.804119,146,2165.378466
3927.654981,1000,2167.628449
3836.240544,926,2169.661416
4005.864816,1000,2171.894288
3532.714048,899,2173.932618
554.314594,184,2174.469073
3259.961681,772,2176.168429
733.304883,229,2176.676181
2521.664665,641,2178.17727
2775.960293,721,2179.854736
3876.355013,926,2181.981544
2915.781153,722,2183.54366
3994.576544,1000,2185.832188
760.976578,230,2186.49424
2262.191665,576,2187.73022
1731.196099,502,2189.003024
1417.773988,498,2190.072032
1708.84197,550,2191.435959
770.488754,245,2191.947966
4241.584688,1000,2194.287496
1324.571371,401,2195.159851
3838.481779,1000,2197.452898
2055.109473,550,2198.783795
3778.819029,1000,2201.070989
1824.600551,481,2202.093616
3820.460285,952,2204.310526
4046.995527,1000,2206.626887
4118.496106,1000,2208.882388
4213.257733,1000,2211.14366
3745.55659,885,2213.215163
617.315831,217,2213.685032
1677.351398,448,2214.790674
3922.210164,1000,2217.082281
3541.544902,865,2218.975387
3955.257524,1000,2221.234772
1108.127399,320,2222.046683
1039.358239,303,2222.693577
-0.03965,14,2222.722745
4213.041145,1000,2224.998812
-2.981722,11,2225.025286
4147.117928,991,2227.324444
4217.981152,1000,2229.598492
2626.512405,644,2231.161577
2315.161483,575,2232.396277
3938.635575,1000,2234.67015
3994.170008,1000,2236.906168
3827.885676,1000,2239.242883
776.790162,247,2239.774393
1362.52218,371,2240.737436
2907.661707,872,2242.770703
4239.353524,1000,2245.050147
297.336575,132,2245.33316
3944.083793,948,2247.515214
3127.486245,763,2249.128556
4184.562075,1000,2251.436042
3842.459376,1000,2253.803546
1766.147584,473,2254.96998
4065.339929,1000,2257.249801
2281.874106,574,2258.478378
4124.266925,1000,2260.749404
4035.003504,971,2263.013012
4011.125372,1000,2265.377758
-3.145137,12,2265.405629
1119.153525,336,2266.309561
346.166926,138,2266.605386
200.093513,98,2266.811874
4099.0539,1000,2269.106306
3471.515575,807,2270.94237
374.004728,150,2271.251951
580.706441,197,2271.66637
3874.117811,948,2273.871095
2073.868396,537,2275.016717
2999.402832,773,2276.812271
2051.50882,518,2278.063506
883.574278,300,2278.685187
653.973574,214,2279.131613
1126.764009,339,2279.837561
2051.376467,532,2281.165751
2067.733879,563,2282.411357
4029.265978,1000,2284.728091
1928.946875,566,2286.077382
955.511291,279,2286.676611
4092.403442,1000,2289.003688
3157.192016,806,2290.905308
4294.441929,1000,2293.223221
